id,list_id,election_id,district_id,order,nombre,elected,legislator_id,match_confidence,mandato_inicio
2023-caba-frente-de-izquierda-y-de-trabajadores-unidad-01,2023-caba-frente-de-izquierda-y-de-trabajadores-unidad,diputados-2023,CABA,1,"CORRO, PATRICIO DEL",false,,,
2023-caba-frente-de-izquierda-y-de-trabajadores-unidad-02,2023-caba-frente-de-izquierda-y-de-trabajadores-unidad,diputados-2023,CABA,2,"MENDIETA, MARIA DE LAS MERCEDES DE",false,,,
2023-caba-frente-de-izquierda-y-de-trabajadores-unidad-03,2023-caba-frente-de-izquierda-y-de-trabajadores-unidad,diputados-2023,CABA,3,"ALMEIDA, PABLO FERNANDO",false,,,
2023-caba-frente-de-izquierda-y-de-trabajadores-unidad-04,2023-caba-frente-de-izquierda-y-de-trabajadores-unidad,diputados-2023,CABA,4,"SULLE, MARIA LUISA",false,,,
2023-caba-frente-de-izquierda-y-de-trabajadores-unidad-05,2023-caba-frente-de-izquierda-y-de-trabajadores-unidad,diputados-2023,CABA,5,"BRAT, MARTIN",false,,,
2023-caba-frente-de-izquierda-y-de-trabajadores-unidad-06,2023-caba-frente-de-izquierda-y-de-trabajadores-unidad,diputados-2023,CABA,6,"CHAVES, MARIA AGUSTINA",false,,,
2023-caba-frente-de-izquierda-y-de-trabajadores-unidad-07,2023-caba-frente-de-izquierda-y-de-trabajadores-unidad,diputados-2023,CABA,7,"CANTERO, JEREMIAS ADRIAN",false,,,
2023-caba-frente-de-izquierda-y-de-trabajadores-unidad-08,2023-caba-frente-de-izquierda-y-de-trabajadores-unidad,diputados-2023,CABA,8,"MARRONE, LAURA ENDA",false,,,
2023-caba-frente-de-izquierda-y-de-trabajadores-unidad-09,2023-caba-frente-de-izquierda-y-de-trabajadores-unidad,diputados-2023,CABA,9,"SARTORE, PABLO DANIEL CARLOS",false,,,
2023-caba-frente-de-izquierda-y-de-trabajadores-unidad-10,2023-caba-frente-de-izquierda-y-de-trabajadores-unidad,diputados-2023,CABA,10,"CABRERA, JULIANA",false,,,
2023-caba-frente-de-izquierda-y-de-trabajadores-unidad-11,2023-caba-frente-de-izquierda-y-de-trabajadores-unidad,diputados-2023,CABA,11,"MONTENEGRO, PABLO HERNAN",false,,,
2023-caba-frente-de-izquierda-y-de-trabajadores-unidad-12,2023-caba-frente-de-izquierda-y-de-trabajadores-unidad,diputados-2023,CABA,12,"ACEVEDO, BARBARA IVONNE",false,,,
2023-buenos-aires-juntos-por-el-cambio-01,2023-buenos-aires-juntos-por-el-cambio,diputados-2023,Buenos Aires,1,"RITONDO, CRISTIAN ADRIÁN",true,HCDN0788,fuzzy,2023-12-10
2023-buenos-aires-juntos-por-el-cambio-02,2023-buenos-aires-juntos-por-el-cambio,diputados-2023,Buenos Aires,2,"BANFI, KARINA VERONICA",true,HCDN1447,exact,2023-12-10
2023-buenos-aires-juntos-por-el-cambio-03,2023-buenos-aires-juntos-por-el-cambio,diputados-2023,Buenos Aires,3,"PICHETTO, MIGUEL ANGEL",true,HCDN0022,exact,2023-12-10
2023-buenos-aires-juntos-por-el-cambio-04,2023-buenos-aires-juntos-por-el-cambio,diputados-2023,Buenos Aires,4,"LOSPENNATO, SILVIA GABRIELA",false,,,
2023-buenos-aires-juntos-por-el-cambio-05,2023-buenos-aires-juntos-por-el-cambio,diputados-2023,Buenos Aires,5,"MASSOT, NICOLÁS MARÍA",true,HCDN1512,exact,2023-12-10
2023-buenos-aires-juntos-por-el-cambio-06,2023-buenos-aires-juntos-por-el-cambio,diputados-2023,Buenos Aires,6,"VASQUEZ, PATRICIA MARIA",true,HCDN3037,exact,2023-12-10
2023-buenos-aires-juntos-por-el-cambio-07,2023-buenos-aires-juntos-por-el-cambio,diputados-2023,Buenos Aires,7,"JULIANO, PABLO ADRIAN",true,HCDN3068,exact,2023-12-10
2023-buenos-aires-juntos-por-el-cambio-08,2023-buenos-aires-juntos-por-el-cambio,diputados-2023,Buenos Aires,8,"FRADE, MONICA EDITH",true,HCDN2810,exact,2023-12-10
2023-buenos-aires-juntos-por-el-cambio-09,2023-buenos-aires-juntos-por-el-cambio,diputados-2023,Buenos Aires,9,"YEZA, MARTIN IVAN",true,HCDN3086,exact,2023-12-10
2023-buenos-aires-juntos-por-el-cambio-10,2023-buenos-aires-juntos-por-el-cambio,diputados-2023,Buenos Aires,10,"PETROVICH, MARÍA LORENA",true,HCDN3228,exact,2025-12-10
2023-buenos-aires-juntos-por-el-cambio-11,2023-buenos-aires-juntos-por-el-cambio,diputados-2023,Buenos Aires,11,"SUAREZ, FEDERICO LUIS",false,,,
2023-buenos-aires-juntos-por-el-cambio-12,2023-buenos-aires-juntos-por-el-cambio,diputados-2023,Buenos Aires,12,"STILMAN, MARIANA",false,,,
2023-buenos-aires-juntos-por-el-cambio-13,2023-buenos-aires-juntos-por-el-cambio,diputados-2023,Buenos Aires,13,"SALVADOR, SEBASTIAN NICOLAS",false,,,
2023-buenos-aires-juntos-por-el-cambio-14,2023-buenos-aires-juntos-por-el-cambio,diputados-2023,Buenos Aires,14,"VARELA, FELICITAS BECCAR",false,,,
2023-buenos-aires-juntos-por-el-cambio-15,2023-buenos-aires-juntos-por-el-cambio,diputados-2023,Buenos Aires,15,"GIRI, EMILIANO",false,,,
2023-buenos-aires-juntos-por-el-cambio-16,2023-buenos-aires-juntos-por-el-cambio,diputados-2023,Buenos Aires,16,"CORONEL, IVANA ANDREA",false,,,
2023-buenos-aires-juntos-por-el-cambio-17,2023-buenos-aires-juntos-por-el-cambio,diputados-2023,Buenos Aires,17,"ASSEFF, ALBERTO EMILIO",false,,,
2023-buenos-aires-juntos-por-el-cambio-18,2023-buenos-aires-juntos-por-el-cambio,diputados-2023,Buenos Aires,18,"JOURY, MARIA DE LAS MERCEDES",false,,,
2023-buenos-aires-juntos-por-el-cambio-19,2023-buenos-aires-juntos-por-el-cambio,diputados-2023,Buenos Aires,19,"GARCIA, MARCELO OMAR",false,,,
2023-buenos-aires-juntos-por-el-cambio-20,2023-buenos-aires-juntos-por-el-cambio,diputados-2023,Buenos Aires,20,"CHASMAN, JULIETA ELISABET QUINTERO",false,,,
2023-buenos-aires-juntos-por-el-cambio-21,2023-buenos-aires-juntos-por-el-cambio,diputados-2023,Buenos Aires,21,"TORELLO, PABLO",false,,,
2023-buenos-aires-juntos-por-el-cambio-22,2023-buenos-aires-juntos-por-el-cambio,diputados-2023,Buenos Aires,22,"PARIS, SANDRA SILVINA",false,,,
2023-buenos-aires-juntos-por-el-cambio-23,2023-buenos-aires-juntos-por-el-cambio,diputados-2023,Buenos Aires,23,"TOOREN, EVERT IGNACIO VAN",false,,,
2023-buenos-aires-juntos-por-el-cambio-24,2023-buenos-aires-juntos-por-el-cambio,diputados-2023,Buenos Aires,24,"DEVITA, GRACIELA NORMA",false,,,
2023-buenos-aires-juntos-por-el-cambio-25,2023-buenos-aires-juntos-por-el-cambio,diputados-2023,Buenos Aires,25,"STODDART, RICARDO JOSE",false,,,
2023-buenos-aires-juntos-por-el-cambio-26,2023-buenos-aires-juntos-por-el-cambio,diputados-2023,Buenos Aires,26,"FELICES, MONICA ESTHER",false,,,
2023-buenos-aires-juntos-por-el-cambio-27,2023-buenos-aires-juntos-por-el-cambio,diputados-2023,Buenos Aires,27,"COHEN, DAVID AXEL",false,,,
2023-buenos-aires-juntos-por-el-cambio-28,2023-buenos-aires-juntos-por-el-cambio,diputados-2023,Buenos Aires,28,"PUCHETA, MYRIAM JOSEFINA DE LA MERCED",false,,,
2023-buenos-aires-juntos-por-el-cambio-29,2023-buenos-aires-juntos-por-el-cambio,diputados-2023,Buenos Aires,29,"PELUSO, GONZALO MARTIN",false,,,
2023-buenos-aires-juntos-por-el-cambio-30,2023-buenos-aires-juntos-por-el-cambio,diputados-2023,Buenos Aires,30,"PEREZ, MARIA FLORENCIA",false,,,
2023-buenos-aires-juntos-por-el-cambio-31,2023-buenos-aires-juntos-por-el-cambio,diputados-2023,Buenos Aires,31,"ARCE, HERNAN ARIEL",false,,,
2023-buenos-aires-juntos-por-el-cambio-32,2023-buenos-aires-juntos-por-el-cambio,diputados-2023,Buenos Aires,32,"CRAPAROTTA, MARIA FLORENCIA BUSILACHI",false,,,
2023-buenos-aires-juntos-por-el-cambio-33,2023-buenos-aires-juntos-por-el-cambio,diputados-2023,Buenos Aires,33,"JUAREZ, JUAN CARLOS",false,,,
2023-buenos-aires-juntos-por-el-cambio-34,2023-buenos-aires-juntos-por-el-cambio,diputados-2023,Buenos Aires,34,"ZALLIO, MARIA FLORENCIA",false,,,
2023-buenos-aires-juntos-por-el-cambio-35,2023-buenos-aires-juntos-por-el-cambio,diputados-2023,Buenos Aires,35,"VILLAMAYOR, DIEGO GASTON",false,,,
2023-buenos-aires-union-por-la-patria-01,2023-buenos-aires-union-por-la-patria,diputados-2023,Buenos Aires,1,"KIRCHNER, MÁXIMO CARLOS",true,HCDN1489,exact,2023-12-10
2023-buenos-aires-union-por-la-patria-02,2023-buenos-aires-union-por-la-patria,diputados-2023,Buenos Aires,2,"PAZ, VICTORIA TOLOSA",true,HCDN2896,exact,2023-12-10
2023-buenos-aires-union-por-la-patria-03,2023-buenos-aires-union-por-la-patria,diputados-2023,Buenos Aires,3,"MANRIQUE, MARIO ROBERTO",true,HCDN3081,exact,2023-12-10
2023-buenos-aires-union-por-la-patria-04,2023-buenos-aires-union-por-la-patria,diputados-2023,Buenos Aires,4,"MOREAU, CECILIA",true,HCDN1463,exact,2023-12-10
2023-buenos-aires-union-por-la-patria-05,2023-buenos-aires-union-por-la-patria,diputados-2023,Buenos Aires,5,"CAFIERO, SANTIAGO ANDRES",true,HCDN2831,exact,2023-12-10
2023-buenos-aires-union-por-la-patria-06,2023-buenos-aires-union-por-la-patria,diputados-2023,Buenos Aires,6,"VOLNOVICH, LUANA",true,HCDN1456,exact,2023-12-10
2023-buenos-aires-union-por-la-patria-07,2023-buenos-aires-union-por-la-patria,diputados-2023,Buenos Aires,7,"TAILHADE, LUIS RODOLFO",true,HCDN1455,exact,2023-12-10
2023-buenos-aires-union-por-la-patria-08,2023-buenos-aires-union-por-la-patria,diputados-2023,Buenos Aires,8,"ZARACHO, NATALIA BEATRIZ",true,HCDN2976,exact,2023-12-10
2023-buenos-aires-union-por-la-patria-09,2023-buenos-aires-union-por-la-patria,diputados-2023,Buenos Aires,9,"CASTAGNETO, CARLOS DANIEL",true,HCDN1454,exact,2023-12-10
2023-buenos-aires-union-por-la-patria-10,2023-buenos-aires-union-por-la-patria,diputados-2023,Buenos Aires,10,"MONZON, ROXANA ELIZABETH",true,HCDN3045,exact,2023-12-10
2023-buenos-aires-union-por-la-patria-11,2023-buenos-aires-union-por-la-patria,diputados-2023,Buenos Aires,11,"MOLLE, MATIAS",true,HCDN3056,exact,2023-12-10
2023-buenos-aires-union-por-la-patria-12,2023-buenos-aires-union-por-la-patria,diputados-2023,Buenos Aires,12,"POTENZA, LUCIANA",true,HCDN3078,exact,2023-12-10
2023-buenos-aires-union-por-la-patria-13,2023-buenos-aires-union-por-la-patria,diputados-2023,Buenos Aires,13,"GUTIERREZ, CARLOS RAMIRO",true,HCDN2775,exact,2023-12-10
2023-buenos-aires-union-por-la-patria-14,2023-buenos-aires-union-por-la-patria,diputados-2023,Buenos Aires,14,"RODRIGUEZ, JULIA STRADA",true,HCDN3033,exact,2023-12-10
2023-buenos-aires-union-por-la-patria-15,2023-buenos-aires-union-por-la-patria,diputados-2023,Buenos Aires,15,"MARINO, JUAN",true,HCDN3007,exact,2023-12-10
2023-buenos-aires-union-por-la-patria-16,2023-buenos-aires-union-por-la-patria,diputados-2023,Buenos Aires,16,"SELVA, SABRINA",true,HCDN3054,exact,2023-12-10
2023-buenos-aires-union-por-la-patria-17,2023-buenos-aires-union-por-la-patria,diputados-2023,Buenos Aires,17,"ALDERETE, JUAN CARLOS",false,,,
2023-buenos-aires-union-por-la-patria-18,2023-buenos-aires-union-por-la-patria,diputados-2023,Buenos Aires,18,"REIGADA, MARIA",false,,,
2023-buenos-aires-union-por-la-patria-19,2023-buenos-aires-union-por-la-patria,diputados-2023,Buenos Aires,19,"DEPETRI, EDGARDO FERNANDO",false,,,
2023-buenos-aires-union-por-la-patria-20,2023-buenos-aires-union-por-la-patria,diputados-2023,Buenos Aires,20,"MIÑO, RAMONA FERNANDA",false,,,
2023-buenos-aires-union-por-la-patria-21,2023-buenos-aires-union-por-la-patria,diputados-2023,Buenos Aires,21,"APARICIO, SANTIAGO FRANCISCO ANDRES",false,,,
2023-buenos-aires-union-por-la-patria-22,2023-buenos-aires-union-por-la-patria,diputados-2023,Buenos Aires,22,"MEANA, MARIA EUGENIA",false,,,
2023-buenos-aires-union-por-la-patria-23,2023-buenos-aires-union-por-la-patria,diputados-2023,Buenos Aires,23,"RIVAS, JORGE",false,,,
2023-buenos-aires-union-por-la-patria-24,2023-buenos-aires-union-por-la-patria,diputados-2023,Buenos Aires,24,"SOUTO, NATALIA MARCELA",false,,,
2023-buenos-aires-union-por-la-patria-25,2023-buenos-aires-union-por-la-patria,diputados-2023,Buenos Aires,25,"AYALA, PABLO LUIS ARIEL",false,,,
2023-buenos-aires-union-por-la-patria-26,2023-buenos-aires-union-por-la-patria,diputados-2023,Buenos Aires,26,"BENAVENTE, BRENDA BETANIA",false,,,
2023-buenos-aires-union-por-la-patria-27,2023-buenos-aires-union-por-la-patria,diputados-2023,Buenos Aires,27,"BEIBE, NAHUEL",false,,,
2023-buenos-aires-union-por-la-patria-28,2023-buenos-aires-union-por-la-patria,diputados-2023,Buenos Aires,28,"SANTORO, MARINA LAURA",false,,,
2023-buenos-aires-union-por-la-patria-29,2023-buenos-aires-union-por-la-patria,diputados-2023,Buenos Aires,29,"NIETO, JULIO CESAR",false,,,
2023-buenos-aires-union-por-la-patria-30,2023-buenos-aires-union-por-la-patria,diputados-2023,Buenos Aires,30,"GOLISANO, ALDANA GISELLE RODRIGUEZ",false,,,
2023-buenos-aires-union-por-la-patria-31,2023-buenos-aires-union-por-la-patria,diputados-2023,Buenos Aires,31,"ABARCA, WALTER JOSE",false,,,
2023-buenos-aires-union-por-la-patria-32,2023-buenos-aires-union-por-la-patria,diputados-2023,Buenos Aires,32,"SOIZA, CECILIA ESTHER",false,,,
2023-buenos-aires-union-por-la-patria-33,2023-buenos-aires-union-por-la-patria,diputados-2023,Buenos Aires,33,"JOHANSEN, EDUARDO",false,,,
2023-buenos-aires-union-por-la-patria-34,2023-buenos-aires-union-por-la-patria,diputados-2023,Buenos Aires,34,"BREARD, MARIELA ELISABET",false,,,
2023-buenos-aires-union-por-la-patria-35,2023-buenos-aires-union-por-la-patria,diputados-2023,Buenos Aires,35,"FERREYRA, OSCAR ALBERTO",false,,,
2023-buenos-aires-la-libertad-avanza-01,2023-buenos-aires-la-libertad-avanza,diputados-2023,Buenos Aires,1,"LYNCH, ALBERTO TIBURCIO BENEGAS",true,HCDN3064,fuzzy,2023-12-10
2023-buenos-aires-la-libertad-avanza-02,2023-buenos-aires-la-libertad-avanza,diputados-2023,Buenos Aires,2,"PAGANO, MARCELA MARINA",true,HCDN3061,exact,2023-12-10
2023-buenos-aires-la-libertad-avanza-03,2023-buenos-aires-la-libertad-avanza,diputados-2023,Buenos Aires,3,"MONTENEGRO, GUILLERMO MAXIMILIANO",true,HCDN3095,exact,2023-12-10
2023-buenos-aires-la-libertad-avanza-04,2023-buenos-aires-la-libertad-avanza,diputados-2023,Buenos Aires,4,"MACYSZYN, MARIA LORENA",true,HCDN3075,exact,2023-12-10
2023-buenos-aires-la-libertad-avanza-05,2023-buenos-aires-la-libertad-avanza,diputados-2023,Buenos Aires,5,"ANSALONI, PABLO MIGUEL",true,HCDN2354,exact,2023-12-10
2023-buenos-aires-la-libertad-avanza-06,2023-buenos-aires-la-libertad-avanza,diputados-2023,Buenos Aires,6,"BRAHIM, CARLA JULIANA SANTILLAN JUAREZ",true,HCDN3039,exact,2023-12-10
2023-buenos-aires-la-libertad-avanza-07,2023-buenos-aires-la-libertad-avanza,diputados-2023,Buenos Aires,7,"FALCONE, EDUARDO GABRIEL",true,HCDN3089,exact,2023-12-10
2023-buenos-aires-la-libertad-avanza-08,2023-buenos-aires-la-libertad-avanza,diputados-2023,Buenos Aires,8,"LEMOINE, LILIA ADELA BOLUKALO",true,HCDN3084,exact,2023-12-10
2023-buenos-aires-la-libertad-avanza-09,2023-buenos-aires-la-libertad-avanza,diputados-2023,Buenos Aires,9,"RODRIGUEZ, SANTIAGO JAVIER SANTURIO",true,HCDN3065,exact,2023-12-10
2023-buenos-aires-la-libertad-avanza-10,2023-buenos-aires-la-libertad-avanza,diputados-2023,Buenos Aires,10,"PALAVECINO, LOURDES ANAHI",false,,,
2023-buenos-aires-la-libertad-avanza-11,2023-buenos-aires-la-libertad-avanza,diputados-2023,Buenos Aires,11,"SPAGNUOLO, DIEGO ORLANDO",false,,,
2023-buenos-aires-la-libertad-avanza-12,2023-buenos-aires-la-libertad-avanza,diputados-2023,Buenos Aires,12,"LONGO, JOHANNA SABRINA",false,,,
2023-buenos-aires-la-libertad-avanza-13,2023-buenos-aires-la-libertad-avanza,diputados-2023,Buenos Aires,13,"GIGANTE, EZEQUIEL OSCAR",false,,,
2023-buenos-aires-la-libertad-avanza-14,2023-buenos-aires-la-libertad-avanza,diputados-2023,Buenos Aires,14,"AGUIRRE, MARCELA VIVIANA",false,,,
2023-buenos-aires-la-libertad-avanza-15,2023-buenos-aires-la-libertad-avanza,diputados-2023,Buenos Aires,15,"MACLOUGHLIN, GUILLERMO HERIBERTO",false,,,
2023-buenos-aires-la-libertad-avanza-16,2023-buenos-aires-la-libertad-avanza,diputados-2023,Buenos Aires,16,"ACUÑA, NOELIA SOLEDAD",false,,,
2023-buenos-aires-la-libertad-avanza-17,2023-buenos-aires-la-libertad-avanza,diputados-2023,Buenos Aires,17,"GONZALEZ, AMALIO ALBERTO",false,,,
2023-buenos-aires-la-libertad-avanza-18,2023-buenos-aires-la-libertad-avanza,diputados-2023,Buenos Aires,18,"LIAS, YANINA BELEN",false,,,
2023-buenos-aires-la-libertad-avanza-19,2023-buenos-aires-la-libertad-avanza,diputados-2023,Buenos Aires,19,"AUGUSTO, MARTIN LUIS",false,,,
2023-buenos-aires-la-libertad-avanza-20,2023-buenos-aires-la-libertad-avanza,diputados-2023,Buenos Aires,20,"AYESA, MARCELA ALEJANDRA",false,,,
2023-buenos-aires-la-libertad-avanza-21,2023-buenos-aires-la-libertad-avanza,diputados-2023,Buenos Aires,21,"VIEYRA, NÉSTOR ARIEL",false,,,
2023-buenos-aires-la-libertad-avanza-22,2023-buenos-aires-la-libertad-avanza,diputados-2023,Buenos Aires,22,"HERRERA, VERONICA",false,,,
2023-buenos-aires-la-libertad-avanza-23,2023-buenos-aires-la-libertad-avanza,diputados-2023,Buenos Aires,23,"PISTAGNESI, SILVIO OMAR",false,,,
2023-buenos-aires-la-libertad-avanza-24,2023-buenos-aires-la-libertad-avanza,diputados-2023,Buenos Aires,24,"WAIS, MARIA CRISTINA",false,,,
2023-buenos-aires-la-libertad-avanza-25,2023-buenos-aires-la-libertad-avanza,diputados-2023,Buenos Aires,25,"URRUTIPI, RUBEN ALFREDO",false,,,
2023-buenos-aires-la-libertad-avanza-26,2023-buenos-aires-la-libertad-avanza,diputados-2023,Buenos Aires,26,"CURTO, YESICA ROXANA DEL",false,,,
2023-buenos-aires-la-libertad-avanza-27,2023-buenos-aires-la-libertad-avanza,diputados-2023,Buenos Aires,27,"BRUNETTI, MIGUEL ANGEL",false,,,
2023-buenos-aires-la-libertad-avanza-28,2023-buenos-aires-la-libertad-avanza,diputados-2023,Buenos Aires,28,"BONARDI, ALEJANDRA BEATRIZ",false,,,
2023-buenos-aires-la-libertad-avanza-29,2023-buenos-aires-la-libertad-avanza,diputados-2023,Buenos Aires,29,"AYRES, CARLOS ALBERTO",false,,,
2023-buenos-aires-la-libertad-avanza-30,2023-buenos-aires-la-libertad-avanza,diputados-2023,Buenos Aires,30,"BUDIÑO, MARIA DE LOS ANGELES",false,,,
2023-buenos-aires-la-libertad-avanza-31,2023-buenos-aires-la-libertad-avanza,diputados-2023,Buenos Aires,31,"RAMIREZ, JUAN MANUEL",false,,,
2023-buenos-aires-la-libertad-avanza-32,2023-buenos-aires-la-libertad-avanza,diputados-2023,Buenos Aires,32,"WIDE, MIRTA NARZI",false,,,
2023-buenos-aires-la-libertad-avanza-33,2023-buenos-aires-la-libertad-avanza,diputados-2023,Buenos Aires,33,"LARES, HUGO FERNANDO",false,,,
2023-buenos-aires-la-libertad-avanza-34,2023-buenos-aires-la-libertad-avanza,diputados-2023,Buenos Aires,34,"VIGO, LAURA",false,,,
2023-buenos-aires-la-libertad-avanza-35,2023-buenos-aires-la-libertad-avanza,diputados-2023,Buenos Aires,35,"ROLON, OSVALDO DANIEL",false,,,
2023-buenos-aires-frente-de-izquierda-y-de-trabajadores-01,2023-buenos-aires-frente-de-izquierda-y-de-trabajadores,diputados-2023,Buenos Aires,1,"CASTILLO, CHRISTIAN CARLOS HERNAN",false,,,
2023-buenos-aires-frente-de-izquierda-y-de-trabajadores-02,2023-buenos-aires-frente-de-izquierda-y-de-trabajadores,diputados-2023,Buenos Aires,2,"SCHLOTTHAUER, MONICA LETICIA",false,,,
2023-buenos-aires-frente-de-izquierda-y-de-trabajadores-03,2023-buenos-aires-frente-de-izquierda-y-de-trabajadores,diputados-2023,Buenos Aires,3,"PITROLA, NESTOR",true,HCDN3242,exact,2025-12-10
2023-buenos-aires-frente-de-izquierda-y-de-trabajadores-04,2023-buenos-aires-frente-de-izquierda-y-de-trabajadores,diputados-2023,Buenos Aires,4,"FLOWER, MARIA BELEN BLANCH",false,,,
2023-buenos-aires-frente-de-izquierda-y-de-trabajadores-05,2023-buenos-aires-frente-de-izquierda-y-de-trabajadores,diputados-2023,Buenos Aires,5,"GIORDANO, JUAN CARLOS",false,,,
2023-buenos-aires-frente-de-izquierda-y-de-trabajadores-06,2023-buenos-aires-frente-de-izquierda-y-de-trabajadores,diputados-2023,Buenos Aires,6,"LANZETTE, ANDREA",false,,,
2023-buenos-aires-frente-de-izquierda-y-de-trabajadores-07,2023-buenos-aires-frente-de-izquierda-y-de-trabajadores,diputados-2023,Buenos Aires,7,"SACARELO, FERNANDO",false,,,
2023-buenos-aires-frente-de-izquierda-y-de-trabajadores-08,2023-buenos-aires-frente-de-izquierda-y-de-trabajadores,diputados-2023,Buenos Aires,8,"ROSA, GABRIELA DE LA",false,,,
2023-buenos-aires-frente-de-izquierda-y-de-trabajadores-09,2023-buenos-aires-frente-de-izquierda-y-de-trabajadores,diputados-2023,Buenos Aires,9,"MEDINA, JORGE GABRIEL",false,,,
2023-buenos-aires-frente-de-izquierda-y-de-trabajadores-10,2023-buenos-aires-frente-de-izquierda-y-de-trabajadores,diputados-2023,Buenos Aires,10,"RIVERO, AGUSTINA BELEN",false,,,
2023-buenos-aires-frente-de-izquierda-y-de-trabajadores-11,2023-buenos-aires-frente-de-izquierda-y-de-trabajadores,diputados-2023,Buenos Aires,11,"MARTINEZ, DIEGO GASTON",false,,,
2023-buenos-aires-frente-de-izquierda-y-de-trabajadores-12,2023-buenos-aires-frente-de-izquierda-y-de-trabajadores,diputados-2023,Buenos Aires,12,"AGUILERA, NATALIA JORGELINA",false,,,
2023-buenos-aires-frente-de-izquierda-y-de-trabajadores-13,2023-buenos-aires-frente-de-izquierda-y-de-trabajadores,diputados-2023,Buenos Aires,13,"MANSILLA, EDUARDO",false,,,
2023-buenos-aires-frente-de-izquierda-y-de-trabajadores-14,2023-buenos-aires-frente-de-izquierda-y-de-trabajadores,diputados-2023,Buenos Aires,14,"LOPEZ, MARIA FERNANDA",false,,,
2023-buenos-aires-frente-de-izquierda-y-de-trabajadores-15,2023-buenos-aires-frente-de-izquierda-y-de-trabajadores,diputados-2023,Buenos Aires,15,"SUCHER, LUIS MARIANO",false,,,
2023-buenos-aires-frente-de-izquierda-y-de-trabajadores-16,2023-buenos-aires-frente-de-izquierda-y-de-trabajadores,diputados-2023,Buenos Aires,16,"LEZANA, NORMA",false,,,
2023-buenos-aires-frente-de-izquierda-y-de-trabajadores-17,2023-buenos-aires-frente-de-izquierda-y-de-trabajadores,diputados-2023,Buenos Aires,17,"AVENDAÑO, HECTOR FABIAN",false,,,
2023-buenos-aires-frente-de-izquierda-y-de-trabajadores-18,2023-buenos-aires-frente-de-izquierda-y-de-trabajadores,diputados-2023,Buenos Aires,18,"REGUITO, ANA BETINA",false,,,
2023-buenos-aires-frente-de-izquierda-y-de-trabajadores-19,2023-buenos-aires-frente-de-izquierda-y-de-trabajadores,diputados-2023,Buenos Aires,19,"OTTOBONI, VICTOR OCTAVIO",false,,,
2023-buenos-aires-frente-de-izquierda-y-de-trabajadores-20,2023-buenos-aires-frente-de-izquierda-y-de-trabajadores,diputados-2023,Buenos Aires,20,"CABRERA, DAIANA",false,,,
2023-buenos-aires-frente-de-izquierda-y-de-trabajadores-21,2023-buenos-aires-frente-de-izquierda-y-de-trabajadores,diputados-2023,Buenos Aires,21,"LUACES, MARIO ERNESTO",false,,,
2023-buenos-aires-frente-de-izquierda-y-de-trabajadores-22,2023-buenos-aires-frente-de-izquierda-y-de-trabajadores,diputados-2023,Buenos Aires,22,"MORENO, GRACIELA RAQUEL",false,,,
2023-buenos-aires-frente-de-izquierda-y-de-trabajadores-23,2023-buenos-aires-frente-de-izquierda-y-de-trabajadores,diputados-2023,Buenos Aires,23,"MIGUEZ, DIEGO OSCAR",false,,,
2023-buenos-aires-frente-de-izquierda-y-de-trabajadores-24,2023-buenos-aires-frente-de-izquierda-y-de-trabajadores,diputados-2023,Buenos Aires,24,"LUZARDO, MAGALI",false,,,
2023-buenos-aires-frente-de-izquierda-y-de-trabajadores-25,2023-buenos-aires-frente-de-izquierda-y-de-trabajadores,diputados-2023,Buenos Aires,25,"BEICA, JUAN CARLOS",false,,,
2023-buenos-aires-frente-de-izquierda-y-de-trabajadores-26,2023-buenos-aires-frente-de-izquierda-y-de-trabajadores,diputados-2023,Buenos Aires,26,"MORALES, ISABEL",false,,,
2023-buenos-aires-frente-de-izquierda-y-de-trabajadores-27,2023-buenos-aires-frente-de-izquierda-y-de-trabajadores,diputados-2023,Buenos Aires,27,"ESPEJO, EDUARDO FABIAN",false,,,
2023-buenos-aires-frente-de-izquierda-y-de-trabajadores-28,2023-buenos-aires-frente-de-izquierda-y-de-trabajadores,diputados-2023,Buenos Aires,28,"RODRIGUEZ, MARIA FLORENCIA",false,,,
2023-buenos-aires-frente-de-izquierda-y-de-trabajadores-29,2023-buenos-aires-frente-de-izquierda-y-de-trabajadores,diputados-2023,Buenos Aires,29,"GONZALEZ, MARCELO DANIEL",false,,,
2023-buenos-aires-frente-de-izquierda-y-de-trabajadores-30,2023-buenos-aires-frente-de-izquierda-y-de-trabajadores,diputados-2023,Buenos Aires,30,"BARCELO, MALENA GARCIA",false,,,
2023-buenos-aires-frente-de-izquierda-y-de-trabajadores-31,2023-buenos-aires-frente-de-izquierda-y-de-trabajadores,diputados-2023,Buenos Aires,31,"GODOY, JORGE SEBASTIAN",false,,,
2023-buenos-aires-frente-de-izquierda-y-de-trabajadores-32,2023-buenos-aires-frente-de-izquierda-y-de-trabajadores,diputados-2023,Buenos Aires,32,"ALESSANDRELLI, NADIA GISELLE",false,,,
2023-buenos-aires-frente-de-izquierda-y-de-trabajadores-33,2023-buenos-aires-frente-de-izquierda-y-de-trabajadores,diputados-2023,Buenos Aires,33,"TOMASELLO, MATIAS",false,,,
2023-buenos-aires-frente-de-izquierda-y-de-trabajadores-34,2023-buenos-aires-frente-de-izquierda-y-de-trabajadores,diputados-2023,Buenos Aires,34,"ROBLES, ROCIO JIMENA",false,,,
2023-buenos-aires-frente-de-izquierda-y-de-trabajadores-35,2023-buenos-aires-frente-de-izquierda-y-de-trabajadores,diputados-2023,Buenos Aires,35,"PILARCHE, FACUNDO MARTIN",false,,,
2023-caba-la-libertad-avanza-01,2023-caba-la-libertad-avanza,diputados-2023,CABA,1,"MONDINO, DIANA ELENA",false,,,
2023-caba-la-libertad-avanza-02,2023-caba-la-libertad-avanza,diputados-2023,CABA,2,"ZAGO, OSCAR ROBERTO",true,HCDN3073,exact,2023-12-10
2023-caba-la-libertad-avanza-03,2023-caba-la-libertad-avanza,diputados-2023,CABA,3,"PETTOVELLO, SANDRA VIVIANA",false,,,
2023-caba-la-libertad-avanza-04,2023-caba-la-libertad-avanza,diputados-2023,CABA,4,"GOLDESTEIN, JULIO DANIEL",false,,,
2023-caba-la-libertad-avanza-05,2023-caba-la-libertad-avanza,diputados-2023,CABA,5,"FERREYRA, ALIDA MONICA",true,HCDN3139,exact,2024-01-31
2023-caba-la-libertad-avanza-06,2023-caba-la-libertad-avanza,diputados-2023,CABA,6,"RUBINI, HECTOR JUAN",false,,,
2023-caba-la-libertad-avanza-07,2023-caba-la-libertad-avanza,diputados-2023,CABA,7,"GAMBETTA, MARIA LUZ",false,,,
2023-caba-la-libertad-avanza-08,2023-caba-la-libertad-avanza,diputados-2023,CABA,8,"ORIA, SANTIAGO LUIS",false,,,
2023-caba-la-libertad-avanza-09,2023-caba-la-libertad-avanza,diputados-2023,CABA,9,"RODRIGUEZ, MACARENA JIMENA",false,,,
2023-caba-la-libertad-avanza-10,2023-caba-la-libertad-avanza,diputados-2023,CABA,10,"LEONE, ANDRES MARCELO",false,,,
2023-caba-la-libertad-avanza-11,2023-caba-la-libertad-avanza,diputados-2023,CABA,11,"BOSOER, SUSANA BEATRIZ",false,,,
2023-caba-la-libertad-avanza-12,2023-caba-la-libertad-avanza,diputados-2023,CABA,12,"GAMMARIELLO, ALFREDO",false,,,
2023-caba-juntos-por-el-cambio-01,2023-caba-juntos-por-el-cambio,diputados-2023,CABA,1,"MALDONADO, MAXIMILIANO GUIDO GUERRA",false,,,
2023-caba-juntos-por-el-cambio-02,2023-caba-juntos-por-el-cambio,diputados-2023,CABA,2,"MOLERO, DAIANA FERNANDEZ",true,HCDN3057,exact,2023-12-10
2023-caba-juntos-por-el-cambio-03,2023-caba-juntos-por-el-cambio,diputados-2023,CABA,3,"FERRARO, MAXIMILIANO CARLOS FRANCISCO",true,HCDN2787,exact,2023-12-10
2023-caba-juntos-por-el-cambio-04,2023-caba-juntos-por-el-cambio,diputados-2023,CABA,4,"GIUDICI, SILVANA MYRIAM",true,HCDN3043,exact,2023-12-10
2023-caba-juntos-por-el-cambio-05,2023-caba-juntos-por-el-cambio,diputados-2023,CABA,5,"ARABIA, DAMIAN EDUARDO",true,HCDN3032,exact,2023-12-10
2023-caba-juntos-por-el-cambio-06,2023-caba-juntos-por-el-cambio,diputados-2023,CABA,6,"COLETTA, MARIELA GISELLE",true,HCDN3034,exact,2023-12-10
2023-caba-juntos-por-el-cambio-07,2023-caba-juntos-por-el-cambio,diputados-2023,CABA,7,"GONZALEZ, ALVARO GUSTAVO",true,HCDN1466,exact,2023-12-10
2023-caba-juntos-por-el-cambio-08,2023-caba-juntos-por-el-cambio,diputados-2023,CABA,8,"REZINOVSKY, DINA ESTHER",false,,,
2023-caba-juntos-por-el-cambio-09,2023-caba-juntos-por-el-cambio,diputados-2023,CABA,9,"WOLF, ESTEBAN GABRIEL",false,,,
2023-caba-juntos-por-el-cambio-10,2023-caba-juntos-por-el-cambio,diputados-2023,CABA,10,"ESTEBARENA, CAROLINA",false,,,
2023-caba-juntos-por-el-cambio-11,2023-caba-juntos-por-el-cambio,diputados-2023,CABA,11,"MOSCARIELLO, OSCAR ARMANDO",false,,,
2023-caba-juntos-por-el-cambio-12,2023-caba-juntos-por-el-cambio,diputados-2023,CABA,12,"FERNANDEZ, GABRIELA INES",false,,,
2023-caba-union-por-la-patria-01,2023-caba-union-por-la-patria,diputados-2023,CABA,1,"PENACCA, PAULA ANDREA",true,HCDN2821,exact,2023-12-10
2023-caba-union-por-la-patria-02,2023-caba-union-por-la-patria,diputados-2023,CABA,2,"VALDES, EDUARDO FELIX",true,HCDN2825,exact,2023-12-10
2023-caba-union-por-la-patria-03,2023-caba-union-por-la-patria,diputados-2023,CABA,3,"GARCIA, LORENA IRIS POKOIK",true,HCDN3082,exact,2023-12-10
2023-caba-union-por-la-patria-04,2023-caba-union-por-la-patria,diputados-2023,CABA,4,"HAGMAN, ITAI",false,,,
2023-caba-union-por-la-patria-05,2023-caba-union-por-la-patria,diputados-2023,CABA,5,"AURELLIO, GILDA AMALIA",false,,,
2023-caba-union-por-la-patria-06,2023-caba-union-por-la-patria,diputados-2023,CABA,6,"ANDRADE, JAVIER",true,HCDN3226,exact,2025-12-10
2023-caba-union-por-la-patria-07,2023-caba-union-por-la-patria,diputados-2023,CABA,7,"MACHADO, DOMINGA ISABEL",false,,,
2023-caba-union-por-la-patria-08,2023-caba-union-por-la-patria,diputados-2023,CABA,8,"MORRESI, CLAUDIO ALBERTO",false,,,
2023-caba-union-por-la-patria-09,2023-caba-union-por-la-patria,diputados-2023,CABA,9,"SALAMA, CYNTHIA VERONICA",false,,,
2023-caba-union-por-la-patria-10,2023-caba-union-por-la-patria,diputados-2023,CABA,10,"BIELSA, LAUREANO",false,,,
2023-caba-union-por-la-patria-11,2023-caba-union-por-la-patria,diputados-2023,CABA,11,"BISUTTI, DELIA BEATRIZ",false,,,
2023-caba-union-por-la-patria-12,2023-caba-union-por-la-patria,diputados-2023,CABA,12,"SUSINI, ESTANISLAO GRACI Y",false,,,
2025-buenos-aires-la-libertad-avanza-01,2025-buenos-aires-la-libertad-avanza,diputados-2025,Buenos Aires,1,"SANTILLI, DIEGO CéSAR",false,,,
2025-buenos-aires-la-libertad-avanza-02,2025-buenos-aires-la-libertad-avanza,diputados-2025,Buenos Aires,2,"REICHARDT, KAREN",true,HCDN3175,exact,2025-12-10
2025-buenos-aires-la-libertad-avanza-03,2025-buenos-aires-la-libertad-avanza,diputados-2025,Buenos Aires,3,"PAREJA, SEBASTIAN MIGUEL",true,HCDN3181,exact,2025-12-10
2025-buenos-aires-la-libertad-avanza-04,2025-buenos-aires-la-libertad-avanza,diputados-2025,Buenos Aires,4,"HUMENUK, GLADYS NOEMI",true,HCDN3165,exact,2025-12-10
2025-buenos-aires-la-libertad-avanza-05,2025-buenos-aires-la-libertad-avanza,diputados-2025,Buenos Aires,5,"CARRANCIO, ALEJANDRO ANGEL",true,HCDN3164,exact,2025-12-10
2025-buenos-aires-la-libertad-avanza-06,2025-buenos-aires-la-libertad-avanza,diputados-2025,Buenos Aires,6,"LONGO, JOHANNA SABRINA",true,HCDN3161,exact,2025-12-10
2025-buenos-aires-la-libertad-avanza-07,2025-buenos-aires-la-libertad-avanza,diputados-2025,Buenos Aires,7,"FINOCCHIARO, ALEJANDRO OSCAR",true,HCDN2955,exact,2025-12-10
2025-buenos-aires-la-libertad-avanza-08,2025-buenos-aires-la-libertad-avanza,diputados-2025,Buenos Aires,8,"NIVEYRO, MIRIAM DEL CARMEN",true,HCDN3177,exact,2025-12-10
2025-buenos-aires-la-libertad-avanza-09,2025-buenos-aires-la-libertad-avanza,diputados-2025,Buenos Aires,9,"FIGLIUOLO, SERGIO ""TRONCO""",true,HCDN3230,exact,2025-12-10
2025-buenos-aires-la-libertad-avanza-10,2025-buenos-aires-la-libertad-avanza,diputados-2025,Buenos Aires,10,"CASTELNUOVO, GISELLE",true,HCDN3225,exact,2025-12-10
2025-buenos-aires-la-libertad-avanza-11,2025-buenos-aires-la-libertad-avanza,diputados-2025,Buenos Aires,11,"GARCIA, ALVARO",true,HCDN3248,exact,2025-12-10
2025-buenos-aires-la-libertad-avanza-12,2025-buenos-aires-la-libertad-avanza,diputados-2025,Buenos Aires,12,"SENSI, MARIA FLORENCIA DE",true,HCDN3101,exact,2025-12-10
2025-buenos-aires-la-libertad-avanza-13,2025-buenos-aires-la-libertad-avanza,diputados-2025,Buenos Aires,13,"OJEDA, JOAQUIN PATRICIO",true,HCDN3203,exact,2025-12-10
2025-buenos-aires-la-libertad-avanza-14,2025-buenos-aires-la-libertad-avanza,diputados-2025,Buenos Aires,14,"ESTEVARENA, MARIA LUISA GONZALEZ",true,HCDN3170,exact,2025-12-10
2025-buenos-aires-la-libertad-avanza-15,2025-buenos-aires-la-libertad-avanza,diputados-2025,Buenos Aires,15,"URIEN, HERNAN",true,HCDN3239,exact,2025-12-10
2025-buenos-aires-la-libertad-avanza-16,2025-buenos-aires-la-libertad-avanza,diputados-2025,Buenos Aires,16,"VERA, ANDREA FERNANDA",true,HCDN3179,exact,2025-12-10
2025-buenos-aires-la-libertad-avanza-17,2025-buenos-aires-la-libertad-avanza,diputados-2025,Buenos Aires,17,"WRBA, JAVIER SANCHEZ",true,HCDN3148,exact,2025-12-10
2025-buenos-aires-la-libertad-avanza-18,2025-buenos-aires-la-libertad-avanza,diputados-2025,Buenos Aires,18,"TAMAGNO, ANA VALERIA",false,,,
2025-buenos-aires-la-libertad-avanza-19,2025-buenos-aires-la-libertad-avanza,diputados-2025,Buenos Aires,19,"TORRES, RUBEN DARIO",true,HCDN3184,exact,2025-12-10
2025-buenos-aires-la-libertad-avanza-20,2025-buenos-aires-la-libertad-avanza,diputados-2025,Buenos Aires,20,"ESPINOSA, MARTINA DANIELA LEON",false,,,
2025-buenos-aires-la-libertad-avanza-21,2025-buenos-aires-la-libertad-avanza,diputados-2025,Buenos Aires,21,"SAAVEDRA, MARIO OSMAR",false,,,
2025-buenos-aires-la-libertad-avanza-22,2025-buenos-aires-la-libertad-avanza,diputados-2025,Buenos Aires,22,"LERIN, BARBARA PATRICIA",false,,,
2025-buenos-aires-la-libertad-avanza-23,2025-buenos-aires-la-libertad-avanza,diputados-2025,Buenos Aires,23,"FERREYRA, HUGO ALBERTO",false,,,
2025-buenos-aires-la-libertad-avanza-24,2025-buenos-aires-la-libertad-avanza,diputados-2025,Buenos Aires,24,"CONTE, SUSANA GABRIELA",false,,,
2025-buenos-aires-la-libertad-avanza-25,2025-buenos-aires-la-libertad-avanza,diputados-2025,Buenos Aires,25,"SALABERREN, IGNACIO ROBERTO",false,,,
2025-buenos-aires-la-libertad-avanza-26,2025-buenos-aires-la-libertad-avanza,diputados-2025,Buenos Aires,26,"CAVALLINI, ROXANA ELIZABET MIRNA",false,,,
2025-buenos-aires-la-libertad-avanza-27,2025-buenos-aires-la-libertad-avanza,diputados-2025,Buenos Aires,27,"CREUS, EDUARDO HUGO",false,,,
2025-buenos-aires-la-libertad-avanza-28,2025-buenos-aires-la-libertad-avanza,diputados-2025,Buenos Aires,28,"WIDE, MIRTA NARZI",false,,,
2025-buenos-aires-la-libertad-avanza-29,2025-buenos-aires-la-libertad-avanza,diputados-2025,Buenos Aires,29,"SELEM, DAMIAN ANDRES",false,,,
2025-buenos-aires-la-libertad-avanza-30,2025-buenos-aires-la-libertad-avanza,diputados-2025,Buenos Aires,30,"GARCIA, KARINA GABRIELA",false,,,
2025-buenos-aires-la-libertad-avanza-31,2025-buenos-aires-la-libertad-avanza,diputados-2025,Buenos Aires,31,"GREEN, LUIS ENRIQUE",false,,,
2025-buenos-aires-la-libertad-avanza-32,2025-buenos-aires-la-libertad-avanza,diputados-2025,Buenos Aires,32,"CANEGALLO, PAULA BEATRIZ",false,,,
2025-buenos-aires-la-libertad-avanza-33,2025-buenos-aires-la-libertad-avanza,diputados-2025,Buenos Aires,33,"IMPERATORI, MAURICIO",false,,,
2025-buenos-aires-la-libertad-avanza-34,2025-buenos-aires-la-libertad-avanza,diputados-2025,Buenos Aires,34,"BELEN, MARIA ALEJANDRA",false,,,
2025-buenos-aires-la-libertad-avanza-35,2025-buenos-aires-la-libertad-avanza,diputados-2025,Buenos Aires,35,"FABIO, ENZO NICOLÁS DI",false,,,
2025-buenos-aires-nuevos-aires-01,2025-buenos-aires-nuevos-aires,diputados-2025,Buenos Aires,1,"CRISTIANI, SIXTO",false,,,
2025-buenos-aires-nuevos-aires-02,2025-buenos-aires-nuevos-aires,diputados-2025,Buenos Aires,2,"ACHILLI, CATALINA",false,,,
2025-buenos-aires-nuevos-aires-03,2025-buenos-aires-nuevos-aires,diputados-2025,Buenos Aires,3,"OFFIDANI, LEANDRO DAMIAN NIEVAS",false,,,
2025-buenos-aires-nuevos-aires-04,2025-buenos-aires-nuevos-aires,diputados-2025,Buenos Aires,4,"ALFONSO, MILAGROS AYELÉN",false,,,
2025-buenos-aires-nuevos-aires-05,2025-buenos-aires-nuevos-aires,diputados-2025,Buenos Aires,5,"RUIZ, CRISTIAN ALEJANDRO",false,,,
2025-buenos-aires-nuevos-aires-06,2025-buenos-aires-nuevos-aires,diputados-2025,Buenos Aires,6,"DIAZ, ROMINA ELIZABETH",false,,,
2025-buenos-aires-nuevos-aires-07,2025-buenos-aires-nuevos-aires,diputados-2025,Buenos Aires,7,"CUERVO, TOMAS JOAQUIN",false,,,
2025-buenos-aires-nuevos-aires-08,2025-buenos-aires-nuevos-aires,diputados-2025,Buenos Aires,8,"SOBRÉ, ROSANA CECILIA",false,,,
2025-buenos-aires-nuevos-aires-09,2025-buenos-aires-nuevos-aires,diputados-2025,Buenos Aires,9,"QUILLOTAY, CRISTIAN FABIAN",false,,,
2025-buenos-aires-nuevos-aires-10,2025-buenos-aires-nuevos-aires,diputados-2025,Buenos Aires,10,"GOMEZ, NEREA SILVINA",false,,,
2025-buenos-aires-nuevos-aires-11,2025-buenos-aires-nuevos-aires,diputados-2025,Buenos Aires,11,"ARANZABE, TIAGO",false,,,
2025-buenos-aires-nuevos-aires-12,2025-buenos-aires-nuevos-aires,diputados-2025,Buenos Aires,12,"REPETTO, ANDREA ALEJANDRA",false,,,
2025-buenos-aires-nuevos-aires-13,2025-buenos-aires-nuevos-aires,diputados-2025,Buenos Aires,13,"TORRE, ALEJANDRO MARTIN",false,,,
2025-buenos-aires-nuevos-aires-14,2025-buenos-aires-nuevos-aires,diputados-2025,Buenos Aires,14,"GOMEZ, ALDANA BELEN",false,,,
2025-buenos-aires-nuevos-aires-15,2025-buenos-aires-nuevos-aires,diputados-2025,Buenos Aires,15,"RAMOS, RAUL EDUARDO",false,,,
2025-buenos-aires-nuevos-aires-16,2025-buenos-aires-nuevos-aires,diputados-2025,Buenos Aires,16,"MULLER, NATALIA ANTONIA",false,,,
2025-buenos-aires-nuevos-aires-17,2025-buenos-aires-nuevos-aires,diputados-2025,Buenos Aires,17,"ACOSTA, EMILIANO DANIEL",false,,,
2025-buenos-aires-nuevos-aires-18,2025-buenos-aires-nuevos-aires,diputados-2025,Buenos Aires,18,"ARREDONDO, TAMARA ANABELA",false,,,
2025-buenos-aires-nuevos-aires-19,2025-buenos-aires-nuevos-aires,diputados-2025,Buenos Aires,19,"BRIZUELA, ROBERTO MARIANO",false,,,
2025-buenos-aires-nuevos-aires-20,2025-buenos-aires-nuevos-aires,diputados-2025,Buenos Aires,20,"VALLEJO, ANAHI ANABEL",false,,,
2025-buenos-aires-nuevos-aires-21,2025-buenos-aires-nuevos-aires,diputados-2025,Buenos Aires,21,"RUIZ, AGUSTIN LAUTARO GARCIA",false,,,
2025-buenos-aires-nuevos-aires-22,2025-buenos-aires-nuevos-aires,diputados-2025,Buenos Aires,22,"MENDEZ, MARIELA VERONICA",false,,,
2025-buenos-aires-nuevos-aires-23,2025-buenos-aires-nuevos-aires,diputados-2025,Buenos Aires,23,"LONGARINI, PATRICIO",false,,,
2025-buenos-aires-nuevos-aires-24,2025-buenos-aires-nuevos-aires,diputados-2025,Buenos Aires,24,"PALMA, MICAELA JAZMIN DI",false,,,
2025-buenos-aires-nuevos-aires-25,2025-buenos-aires-nuevos-aires,diputados-2025,Buenos Aires,25,"GONZALEZ, MAURICIO ESTEBAN",false,,,
2025-buenos-aires-nuevos-aires-26,2025-buenos-aires-nuevos-aires,diputados-2025,Buenos Aires,26,"SEJAS, MARCELA ELIZABETH",false,,,
2025-buenos-aires-nuevos-aires-27,2025-buenos-aires-nuevos-aires,diputados-2025,Buenos Aires,27,"CARRIZO, GUILLERMO DARIO",false,,,
2025-buenos-aires-nuevos-aires-28,2025-buenos-aires-nuevos-aires,diputados-2025,Buenos Aires,28,"LOPEZ, MARIA JIMENA",true,HCDN2851,exact,2025-12-10
2025-buenos-aires-nuevos-aires-29,2025-buenos-aires-nuevos-aires,diputados-2025,Buenos Aires,29,"FONSECA, CRISTIAN MARIO LOFF",false,,,
2025-buenos-aires-nuevos-aires-30,2025-buenos-aires-nuevos-aires,diputados-2025,Buenos Aires,30,"OFFIDANI, ANA MARIA",false,,,
2025-buenos-aires-nuevos-aires-31,2025-buenos-aires-nuevos-aires,diputados-2025,Buenos Aires,31,"PEREZ, RAMON RAFAEL",false,,,
2025-buenos-aires-nuevos-aires-32,2025-buenos-aires-nuevos-aires,diputados-2025,Buenos Aires,32,"MECONCELLI, MARIELA ALEJANDRA",false,,,
2025-buenos-aires-nuevos-aires-33,2025-buenos-aires-nuevos-aires,diputados-2025,Buenos Aires,33,"GOMEZ, NICOLAS AGUSTIN",false,,,
2025-buenos-aires-nuevos-aires-34,2025-buenos-aires-nuevos-aires,diputados-2025,Buenos Aires,34,"GOMEZ, ROSANA GABRIELA",false,,,
2025-buenos-aires-nuevos-aires-35,2025-buenos-aires-nuevos-aires,diputados-2025,Buenos Aires,35,"ALVAREZ, GONZALO ADRIAN ARAUJO",false,,,
2025-buenos-aires-potencia-01,2025-buenos-aires-potencia,diputados-2025,Buenos Aires,1,"TALERICO, MARIA EUGENIA",false,,,
2025-buenos-aires-potencia-02,2025-buenos-aires-potencia,diputados-2025,Buenos Aires,2,"ALPERT, RICARDO INTI",false,,,
2025-buenos-aires-potencia-03,2025-buenos-aires-potencia,diputados-2025,Buenos Aires,3,"HAGEN, MARIA SOFIA DE",false,,,
2025-buenos-aires-potencia-04,2025-buenos-aires-potencia,diputados-2025,Buenos Aires,4,"MASCETTI, FERNANDO PABLO",false,,,
2025-buenos-aires-potencia-05,2025-buenos-aires-potencia,diputados-2025,Buenos Aires,5,"ACUÑA, FLAVIA NOELIA",false,,,
2025-buenos-aires-potencia-06,2025-buenos-aires-potencia,diputados-2025,Buenos Aires,6,"ECHEVERRIA, MIGUEL ANGEL",false,,,
2025-buenos-aires-potencia-07,2025-buenos-aires-potencia,diputados-2025,Buenos Aires,7,"GIGENA, EVA BEATRIZ",false,,,
2025-buenos-aires-potencia-08,2025-buenos-aires-potencia,diputados-2025,Buenos Aires,8,"STODDART, RICARDO JOSE",false,,,
2025-buenos-aires-potencia-09,2025-buenos-aires-potencia,diputados-2025,Buenos Aires,9,"FRANCINI, AMALIA",false,,,
2025-buenos-aires-potencia-10,2025-buenos-aires-potencia,diputados-2025,Buenos Aires,10,"ALVAREZ, CARLOS MANUEL",false,,,
2025-buenos-aires-potencia-11,2025-buenos-aires-potencia,diputados-2025,Buenos Aires,11,"HERNANDEZ, MARIA GABRIELA",false,,,
2025-buenos-aires-potencia-12,2025-buenos-aires-potencia,diputados-2025,Buenos Aires,12,"CEVASCO, ANIBAL ANSELMO",false,,,
2025-buenos-aires-potencia-13,2025-buenos-aires-potencia,diputados-2025,Buenos Aires,13,"GONZALEZ, CECILIA VIRGINIA RUMI",false,,,
2025-buenos-aires-potencia-14,2025-buenos-aires-potencia,diputados-2025,Buenos Aires,14,"GARCIA, MARCELO FABIAN",false,,,
2025-buenos-aires-potencia-15,2025-buenos-aires-potencia,diputados-2025,Buenos Aires,15,"SCHIAVI, ARIANA MAGALI",false,,,
2025-buenos-aires-potencia-16,2025-buenos-aires-potencia,diputados-2025,Buenos Aires,16,"BERISSO, JORGE LUIS",false,,,
2025-buenos-aires-potencia-17,2025-buenos-aires-potencia,diputados-2025,Buenos Aires,17,"VILLATA, MARIA EUGENIA",false,,,
2025-buenos-aires-potencia-18,2025-buenos-aires-potencia,diputados-2025,Buenos Aires,18,"BARTOLETTI, ALEJANDRO",false,,,
2025-buenos-aires-potencia-19,2025-buenos-aires-potencia,diputados-2025,Buenos Aires,19,"CHUI, MARCELA ESTELA",false,,,
2025-buenos-aires-potencia-20,2025-buenos-aires-potencia,diputados-2025,Buenos Aires,20,"PALMIOTTI, LUIS ENRIQUE",false,,,
2025-buenos-aires-potencia-21,2025-buenos-aires-potencia,diputados-2025,Buenos Aires,21,"PASSERINI, MARIA ANDREA",false,,,
2025-buenos-aires-potencia-22,2025-buenos-aires-potencia,diputados-2025,Buenos Aires,22,"CUMPLIDO, HECTOR JUAN",false,,,
2025-buenos-aires-potencia-23,2025-buenos-aires-potencia,diputados-2025,Buenos Aires,23,"PISERA, SUSANA GRACIELA",false,,,
2025-buenos-aires-potencia-24,2025-buenos-aires-potencia,diputados-2025,Buenos Aires,24,"VIGNEAU, PEDRO MANUEL",false,,,
2025-buenos-aires-potencia-25,2025-buenos-aires-potencia,diputados-2025,Buenos Aires,25,"GANDINI, DELIA NATALIA",false,,,
2025-buenos-aires-potencia-26,2025-buenos-aires-potencia,diputados-2025,Buenos Aires,26,"MATTOCIO, FEDERICO CABALLERO",false,,,
2025-buenos-aires-potencia-27,2025-buenos-aires-potencia,diputados-2025,Buenos Aires,27,"WEBER, MARIANA FUENTES",false,,,
2025-buenos-aires-potencia-28,2025-buenos-aires-potencia,diputados-2025,Buenos Aires,28,"VENCHIARUTTI, CLAUDIO JESÚS",false,,,
2025-buenos-aires-potencia-29,2025-buenos-aires-potencia,diputados-2025,Buenos Aires,29,"ANOLL, GABRIELA",false,,,
2025-buenos-aires-potencia-30,2025-buenos-aires-potencia,diputados-2025,Buenos Aires,30,"BULACIO, ALEJANDRO JOSE",false,,,
2025-buenos-aires-potencia-31,2025-buenos-aires-potencia,diputados-2025,Buenos Aires,31,"DIAZ, STELLA MARIS",false,,,
2025-buenos-aires-potencia-32,2025-buenos-aires-potencia,diputados-2025,Buenos Aires,32,"PONCE, OSCAR DANIEL",false,,,
2025-buenos-aires-potencia-33,2025-buenos-aires-potencia,diputados-2025,Buenos Aires,33,"GOROSITO, LORENA PAOLA",false,,,
2025-buenos-aires-potencia-34,2025-buenos-aires-potencia,diputados-2025,Buenos Aires,34,"CHOBADINDEGUI, JESUS ISMAEL",false,,,
2025-buenos-aires-potencia-35,2025-buenos-aires-potencia,diputados-2025,Buenos Aires,35,"CARBONE, LAURA ADELINA",false,,,
2025-buenos-aires-provincias-unidas-01,2025-buenos-aires-provincias-unidas,diputados-2025,Buenos Aires,1,"RANDAZZO, FLORENCIO",false,,,
2025-buenos-aires-provincias-unidas-02,2025-buenos-aires-provincias-unidas,diputados-2025,Buenos Aires,2,"STOLBIZER, MARGARITA ROSA",false,,,
2025-buenos-aires-provincias-unidas-03,2025-buenos-aires-provincias-unidas,diputados-2025,Buenos Aires,3,"MONZÓ, EMILIO",false,,,
2025-buenos-aires-provincias-unidas-04,2025-buenos-aires-provincias-unidas,diputados-2025,Buenos Aires,4,"TAVELA, DANYA VERONICA",false,,,
2025-buenos-aires-provincias-unidas-05,2025-buenos-aires-provincias-unidas,diputados-2025,Buenos Aires,5,"REMO, LAZZERETTI ALFREDO",false,,,
2025-buenos-aires-provincias-unidas-06,2025-buenos-aires-provincias-unidas,diputados-2025,Buenos Aires,6,"ALMENTA, ANDREA CAROLA",false,,,
2025-buenos-aires-provincias-unidas-07,2025-buenos-aires-provincias-unidas,diputados-2025,Buenos Aires,7,"CAFFARO, OSVALDO RAUL",false,,,
2025-buenos-aires-provincias-unidas-08,2025-buenos-aires-provincias-unidas,diputados-2025,Buenos Aires,8,"LAURIA, JOSEFINA",false,,,
2025-buenos-aires-provincias-unidas-09,2025-buenos-aires-provincias-unidas,diputados-2025,Buenos Aires,9,"PASQUALIN, JULIO ENRIQUE",false,,,
2025-buenos-aires-provincias-unidas-10,2025-buenos-aires-provincias-unidas,diputados-2025,Buenos Aires,10,"ASTEAZARÁN, MARIA SILVINA GREEN",false,,,
2025-buenos-aires-provincias-unidas-11,2025-buenos-aires-provincias-unidas,diputados-2025,Buenos Aires,11,"OMAR, BUIL SERGIO",false,,,
2025-buenos-aires-provincias-unidas-12,2025-buenos-aires-provincias-unidas,diputados-2025,Buenos Aires,12,"DZIAKOWSKI, NATALIA LORENA",false,,,
2025-buenos-aires-provincias-unidas-13,2025-buenos-aires-provincias-unidas,diputados-2025,Buenos Aires,13,"DUNOGENT, JULIO DANIEL",false,,,
2025-buenos-aires-provincias-unidas-14,2025-buenos-aires-provincias-unidas,diputados-2025,Buenos Aires,14,"REGO, GRACIELA NORA",false,,,
2025-buenos-aires-provincias-unidas-15,2025-buenos-aires-provincias-unidas,diputados-2025,Buenos Aires,15,"ALVA, OSCAR HECTOR",false,,,
2025-buenos-aires-provincias-unidas-16,2025-buenos-aires-provincias-unidas,diputados-2025,Buenos Aires,16,"ZAMORA, VERONICA GABRIELA",false,,,
2025-buenos-aires-provincias-unidas-17,2025-buenos-aires-provincias-unidas,diputados-2025,Buenos Aires,17,"PABLO, RIPAMONTI JUAN",false,,,
2025-buenos-aires-provincias-unidas-18,2025-buenos-aires-provincias-unidas,diputados-2025,Buenos Aires,18,"LOPEZ, JORGELINA SOLEDAD",false,,,
2025-buenos-aires-provincias-unidas-19,2025-buenos-aires-provincias-unidas,diputados-2025,Buenos Aires,19,"GIANELLA, CARLOS DANIEL",false,,,
2025-buenos-aires-provincias-unidas-20,2025-buenos-aires-provincias-unidas,diputados-2025,Buenos Aires,20,"LOPEZ, MARIANELA",false,,,
2025-buenos-aires-provincias-unidas-21,2025-buenos-aires-provincias-unidas,diputados-2025,Buenos Aires,21,"FRAGA, MARCELO DANIEL",false,,,
2025-buenos-aires-provincias-unidas-22,2025-buenos-aires-provincias-unidas,diputados-2025,Buenos Aires,22,"MENDAÑO, STELLA MARIS",false,,,
2025-buenos-aires-provincias-unidas-23,2025-buenos-aires-provincias-unidas,diputados-2025,Buenos Aires,23,"CHOFFI, RICARDO FABIAN",false,,,
2025-buenos-aires-provincias-unidas-24,2025-buenos-aires-provincias-unidas,diputados-2025,Buenos Aires,24,"RODRIGUEZ, MARIA LUJAN",false,,,
2025-buenos-aires-provincias-unidas-25,2025-buenos-aires-provincias-unidas,diputados-2025,Buenos Aires,25,"CARCIOFI, SERGIO FABIO",false,,,
2025-buenos-aires-provincias-unidas-26,2025-buenos-aires-provincias-unidas,diputados-2025,Buenos Aires,26,"BERGER, SILVANA RAQUEL",false,,,
2025-buenos-aires-provincias-unidas-27,2025-buenos-aires-provincias-unidas,diputados-2025,Buenos Aires,27,"DUHALDE, JOSE MARIA",false,,,
2025-buenos-aires-provincias-unidas-28,2025-buenos-aires-provincias-unidas,diputados-2025,Buenos Aires,28,"VILLALBA, GLADIS BEATRIZ",false,,,
2025-buenos-aires-provincias-unidas-29,2025-buenos-aires-provincias-unidas,diputados-2025,Buenos Aires,29,"VELAZCO, JOSE ENRIQUE",false,,,
2025-buenos-aires-provincias-unidas-30,2025-buenos-aires-provincias-unidas,diputados-2025,Buenos Aires,30,"NARDI, MARIA FABIANA",false,,,
2025-buenos-aires-provincias-unidas-31,2025-buenos-aires-provincias-unidas,diputados-2025,Buenos Aires,31,"GUSTAVO, COLLI JUAN",false,,,
2025-buenos-aires-provincias-unidas-32,2025-buenos-aires-provincias-unidas,diputados-2025,Buenos Aires,32,"LOYOLA, MARCELA PATRICIA",false,,,
2025-buenos-aires-provincias-unidas-33,2025-buenos-aires-provincias-unidas,diputados-2025,Buenos Aires,33,"CAPOLUPO, HERNAN JOSE MIGUEL",false,,,
2025-buenos-aires-provincias-unidas-34,2025-buenos-aires-provincias-unidas,diputados-2025,Buenos Aires,34,"MUNIZ, MARIA DEL PILAR",false,,,
2025-buenos-aires-provincias-unidas-35,2025-buenos-aires-provincias-unidas,diputados-2025,Buenos Aires,35,"CIERI, ALEJANDRO AGUSTIN",false,,,
2025-buenos-aires-union-federal-01,2025-buenos-aires-union-federal,diputados-2025,Buenos Aires,1,"GRAY, FERNANDO",false,,,
2025-buenos-aires-union-federal-02,2025-buenos-aires-union-federal,diputados-2025,Buenos Aires,2,"GUAZZARONI, MARIA LAURA",false,,,
2025-buenos-aires-union-federal-03,2025-buenos-aires-union-federal,diputados-2025,Buenos Aires,3,"MARTELLI, FEDERICO",false,,,
2025-buenos-aires-union-federal-04,2025-buenos-aires-union-federal,diputados-2025,Buenos Aires,4,"PEREZ, ANALIA ELISABET",false,,,
2025-buenos-aires-union-federal-05,2025-buenos-aires-union-federal,diputados-2025,Buenos Aires,5,"ERDAIRE, ADOLFO MAXIMILIANO SUAREZ",false,,,
2025-buenos-aires-union-federal-06,2025-buenos-aires-union-federal,diputados-2025,Buenos Aires,6,"BIROULET, CARINA MABEL",false,,,
2025-buenos-aires-union-federal-07,2025-buenos-aires-union-federal,diputados-2025,Buenos Aires,7,"GARCIA, ANGEL ALBERTO",false,,,
2025-buenos-aires-union-federal-08,2025-buenos-aires-union-federal,diputados-2025,Buenos Aires,8,"OLIVA, GISELA ELIZABET",false,,,
2025-buenos-aires-union-federal-09,2025-buenos-aires-union-federal,diputados-2025,Buenos Aires,9,"FERNANDINO, MARIANO",false,,,
2025-buenos-aires-union-federal-10,2025-buenos-aires-union-federal,diputados-2025,Buenos Aires,10,"TORTOSA, ROSANA",false,,,
2025-buenos-aires-union-federal-11,2025-buenos-aires-union-federal,diputados-2025,Buenos Aires,11,"LOPEZ, ALEJANDRO LUIS ""OVEJA""",false,,,
2025-buenos-aires-union-federal-12,2025-buenos-aires-union-federal,diputados-2025,Buenos Aires,12,"CASAS, MARIA ISABEL",false,,,
2025-buenos-aires-union-federal-13,2025-buenos-aires-union-federal,diputados-2025,Buenos Aires,13,"MENGIA, GUIDO IGNACIO",false,,,
2025-buenos-aires-union-federal-14,2025-buenos-aires-union-federal,diputados-2025,Buenos Aires,14,"ROJAS, ROMINA SOLEDAD",false,,,
2025-buenos-aires-union-federal-15,2025-buenos-aires-union-federal,diputados-2025,Buenos Aires,15,"GARCIA, ERNESTO FABIAN",false,,,
2025-buenos-aires-union-federal-16,2025-buenos-aires-union-federal,diputados-2025,Buenos Aires,16,"BLANCO, EMILCE BEATRIZ",false,,,
2025-buenos-aires-union-federal-17,2025-buenos-aires-union-federal,diputados-2025,Buenos Aires,17,"DAVILA, HUGO MARCELO",false,,,
2025-buenos-aires-union-federal-18,2025-buenos-aires-union-federal,diputados-2025,Buenos Aires,18,"BARRIOS, IRIS NOEMI",false,,,
2025-buenos-aires-union-federal-19,2025-buenos-aires-union-federal,diputados-2025,Buenos Aires,19,"RAFFAELLINO, JAVIER DAMIAN",false,,,
2025-buenos-aires-union-federal-20,2025-buenos-aires-union-federal,diputados-2025,Buenos Aires,20,"LUDUEÑA, MARCELA FABIANA",false,,,
2025-buenos-aires-union-federal-21,2025-buenos-aires-union-federal,diputados-2025,Buenos Aires,21,"CANO, LUIS ROBERTO",false,,,
2025-buenos-aires-union-federal-22,2025-buenos-aires-union-federal,diputados-2025,Buenos Aires,22,"PIANTANIDA, ANDREA SILVIA",false,,,
2025-buenos-aires-union-federal-23,2025-buenos-aires-union-federal,diputados-2025,Buenos Aires,23,"MONTES, ARIEL GUSTAVO",false,,,
2025-buenos-aires-union-federal-24,2025-buenos-aires-union-federal,diputados-2025,Buenos Aires,24,"ALSINA, SABRINA NATALIA",false,,,
2025-buenos-aires-union-federal-25,2025-buenos-aires-union-federal,diputados-2025,Buenos Aires,25,"ETCHEGOYHEN, PABLO SEBASTIAN",false,,,
2025-buenos-aires-union-federal-26,2025-buenos-aires-union-federal,diputados-2025,Buenos Aires,26,"KOCH, MIRTA AZUCENA",false,,,
2025-buenos-aires-union-federal-27,2025-buenos-aires-union-federal,diputados-2025,Buenos Aires,27,"SANCHEZ, MANUEL HECTOR",false,,,
2025-buenos-aires-union-federal-28,2025-buenos-aires-union-federal,diputados-2025,Buenos Aires,28,"BARRAZA, RAMONA CRUZ",false,,,
2025-buenos-aires-union-federal-29,2025-buenos-aires-union-federal,diputados-2025,Buenos Aires,29,"ARAUJO, FACUNDO MARTIN FERNANDEZ",false,,,
2025-buenos-aires-union-federal-30,2025-buenos-aires-union-federal,diputados-2025,Buenos Aires,30,"CRISTALDO, BLANCA SOLEDAD",false,,,
2025-buenos-aires-union-federal-31,2025-buenos-aires-union-federal,diputados-2025,Buenos Aires,31,"TRUCCO, IGNACIO",false,,,
2025-buenos-aires-union-federal-32,2025-buenos-aires-union-federal,diputados-2025,Buenos Aires,32,"SORIA, SABRINA AYELEN",false,,,
2025-buenos-aires-union-federal-33,2025-buenos-aires-union-federal,diputados-2025,Buenos Aires,33,"FAVALE, WALTER ADRIAN",false,,,
2025-buenos-aires-union-federal-34,2025-buenos-aires-union-federal,diputados-2025,Buenos Aires,34,"FERNANDEZ, SILVANA PATRICIA",false,,,
2025-buenos-aires-union-federal-35,2025-buenos-aires-union-federal,diputados-2025,Buenos Aires,35,"VALDES, HUMBERTO JORGE",false,,,
2025-buenos-aires-frente-de-izquierda-y-de-trabajadores-unidad-01,2025-buenos-aires-frente-de-izquierda-y-de-trabajadores-unidad,diputados-2025,Buenos Aires,1,"CAÑO, NICOLAS DEL",true,HCDN1383,exact,2025-12-10
2025-buenos-aires-frente-de-izquierda-y-de-trabajadores-unidad-02,2025-buenos-aires-frente-de-izquierda-y-de-trabajadores-unidad,diputados-2025,Buenos Aires,2,"PLÁ, ROMINA DEL",true,HCDN2373,exact,2025-12-10
2025-buenos-aires-frente-de-izquierda-y-de-trabajadores-unidad-03,2025-buenos-aires-frente-de-izquierda-y-de-trabajadores-unidad,diputados-2025,Buenos Aires,3,"GIORDANO, JUAN CARLOS",false,,,
2025-buenos-aires-frente-de-izquierda-y-de-trabajadores-unidad-04,2025-buenos-aires-frente-de-izquierda-y-de-trabajadores-unidad,diputados-2025,Buenos Aires,4,"SCHLOTTHAUER, MONICA",false,,,
2025-buenos-aires-frente-de-izquierda-y-de-trabajadores-unidad-05,2025-buenos-aires-frente-de-izquierda-y-de-trabajadores-unidad,diputados-2025,Buenos Aires,5,"BODART, ALEJANDRO",false,,,
2025-buenos-aires-frente-de-izquierda-y-de-trabajadores-unidad-06,2025-buenos-aires-frente-de-izquierda-y-de-trabajadores-unidad,diputados-2025,Buenos Aires,6,"LANDMAN, ANA PAREDES",false,,,
2025-buenos-aires-frente-de-izquierda-y-de-trabajadores-unidad-07,2025-buenos-aires-frente-de-izquierda-y-de-trabajadores-unidad,diputados-2025,Buenos Aires,7,"PITROLA, NESTOR",false,,,
2025-buenos-aires-frente-de-izquierda-y-de-trabajadores-unidad-08,2025-buenos-aires-frente-de-izquierda-y-de-trabajadores-unidad,diputados-2025,Buenos Aires,8,"SELIGRA, NATHALIA INES GONZALEZ",false,,,
2025-buenos-aires-frente-de-izquierda-y-de-trabajadores-unidad-09,2025-buenos-aires-frente-de-izquierda-y-de-trabajadores-unidad,diputados-2025,Buenos Aires,9,"AYALA, EDUARDO",false,,,
2025-buenos-aires-frente-de-izquierda-y-de-trabajadores-unidad-10,2025-buenos-aires-frente-de-izquierda-y-de-trabajadores-unidad,diputados-2025,Buenos Aires,10,"SIMIONI, LUANA",false,,,
2025-buenos-aires-frente-de-izquierda-y-de-trabajadores-unidad-11,2025-buenos-aires-frente-de-izquierda-y-de-trabajadores-unidad,diputados-2025,Buenos Aires,11,"RODRIGUEZ, SEBASTIáN",false,,,
2025-buenos-aires-frente-de-izquierda-y-de-trabajadores-unidad-12,2025-buenos-aires-frente-de-izquierda-y-de-trabajadores-unidad,diputados-2025,Buenos Aires,12,"MATUSEVICIUS, JORGELINA",false,,,
2025-buenos-aires-frente-de-izquierda-y-de-trabajadores-unidad-13,2025-buenos-aires-frente-de-izquierda-y-de-trabajadores-unidad,diputados-2025,Buenos Aires,13,"FOTI, FEDERICO NOVO",false,,,
2025-buenos-aires-frente-de-izquierda-y-de-trabajadores-unidad-14,2025-buenos-aires-frente-de-izquierda-y-de-trabajadores-unidad,diputados-2025,Buenos Aires,14,"LEZANA, NORMA",false,,,
2025-buenos-aires-frente-de-izquierda-y-de-trabajadores-unidad-15,2025-buenos-aires-frente-de-izquierda-y-de-trabajadores-unidad,diputados-2025,Buenos Aires,15,"SOMER, ARIEL MARCELO",false,,,
2025-buenos-aires-frente-de-izquierda-y-de-trabajadores-unidad-16,2025-buenos-aires-frente-de-izquierda-y-de-trabajadores-unidad,diputados-2025,Buenos Aires,16,"BARRIOS, AGUSTINA BELÉN",false,,,
2025-buenos-aires-frente-de-izquierda-y-de-trabajadores-unidad-17,2025-buenos-aires-frente-de-izquierda-y-de-trabajadores-unidad,diputados-2025,Buenos Aires,17,"PACAGNINI, GUILLERMO",false,,,
2025-buenos-aires-frente-de-izquierda-y-de-trabajadores-unidad-18,2025-buenos-aires-frente-de-izquierda-y-de-trabajadores-unidad,diputados-2025,Buenos Aires,18,"CABRERA, DAIANA",false,,,
2025-buenos-aires-frente-de-izquierda-y-de-trabajadores-unidad-19,2025-buenos-aires-frente-de-izquierda-y-de-trabajadores-unidad,diputados-2025,Buenos Aires,19,"CUENCA, LUCAS HERNAN",false,,,
2025-buenos-aires-frente-de-izquierda-y-de-trabajadores-unidad-20,2025-buenos-aires-frente-de-izquierda-y-de-trabajadores-unidad,diputados-2025,Buenos Aires,20,"CALDERON, GRACIELA",false,,,
2025-buenos-aires-frente-de-izquierda-y-de-trabajadores-unidad-21,2025-buenos-aires-frente-de-izquierda-y-de-trabajadores-unidad,diputados-2025,Buenos Aires,21,"ROMERO, JUAN",false,,,
2025-buenos-aires-frente-de-izquierda-y-de-trabajadores-unidad-22,2025-buenos-aires-frente-de-izquierda-y-de-trabajadores-unidad,diputados-2025,Buenos Aires,22,"LEGUIZAMON, KAREN FLORENCIA",false,,,
2025-buenos-aires-frente-de-izquierda-y-de-trabajadores-unidad-23,2025-buenos-aires-frente-de-izquierda-y-de-trabajadores-unidad,diputados-2025,Buenos Aires,23,"SEBRIANO, JOSE",false,,,
2025-buenos-aires-frente-de-izquierda-y-de-trabajadores-unidad-24,2025-buenos-aires-frente-de-izquierda-y-de-trabajadores-unidad,diputados-2025,Buenos Aires,24,"LANZETTE, ANDREA",false,,,
2025-buenos-aires-frente-de-izquierda-y-de-trabajadores-unidad-25,2025-buenos-aires-frente-de-izquierda-y-de-trabajadores-unidad,diputados-2025,Buenos Aires,25,"RAPANELLI, FRANCO",false,,,
2025-buenos-aires-frente-de-izquierda-y-de-trabajadores-unidad-26,2025-buenos-aires-frente-de-izquierda-y-de-trabajadores-unidad,diputados-2025,Buenos Aires,26,"LOUZAO, EMILCE CORREA",false,,,
2025-buenos-aires-frente-de-izquierda-y-de-trabajadores-unidad-27,2025-buenos-aires-frente-de-izquierda-y-de-trabajadores-unidad,diputados-2025,Buenos Aires,27,"MORA, CLAUDIO MANUEL",false,,,
2025-buenos-aires-frente-de-izquierda-y-de-trabajadores-unidad-28,2025-buenos-aires-frente-de-izquierda-y-de-trabajadores-unidad,diputados-2025,Buenos Aires,28,"BIAGGIO, NORA",false,,,
2025-buenos-aires-frente-de-izquierda-y-de-trabajadores-unidad-29,2025-buenos-aires-frente-de-izquierda-y-de-trabajadores-unidad,diputados-2025,Buenos Aires,29,"SUCHER, LUIS MARIANO",false,,,
2025-buenos-aires-frente-de-izquierda-y-de-trabajadores-unidad-30,2025-buenos-aires-frente-de-izquierda-y-de-trabajadores-unidad,diputados-2025,Buenos Aires,30,"MENDEZ, MONICA",false,,,
2025-buenos-aires-frente-de-izquierda-y-de-trabajadores-unidad-31,2025-buenos-aires-frente-de-izquierda-y-de-trabajadores-unidad,diputados-2025,Buenos Aires,31,"SEGRETI, RICARDO JAVIER VALDUEZA",false,,,
2025-buenos-aires-frente-de-izquierda-y-de-trabajadores-unidad-32,2025-buenos-aires-frente-de-izquierda-y-de-trabajadores-unidad,diputados-2025,Buenos Aires,32,"AKERFELD, PAULA YAMILA",false,,,
2025-buenos-aires-frente-de-izquierda-y-de-trabajadores-unidad-33,2025-buenos-aires-frente-de-izquierda-y-de-trabajadores-unidad,diputados-2025,Buenos Aires,33,"LOPEZ, OMAR",false,,,
2025-buenos-aires-frente-de-izquierda-y-de-trabajadores-unidad-34,2025-buenos-aires-frente-de-izquierda-y-de-trabajadores-unidad,diputados-2025,Buenos Aires,34,"ESPASA, NATALIA",false,,,
2025-buenos-aires-frente-de-izquierda-y-de-trabajadores-unidad-35,2025-buenos-aires-frente-de-izquierda-y-de-trabajadores-unidad,diputados-2025,Buenos Aires,35,"CORRADI, LUCIANO",false,,,
2025-buenos-aires-frente-patriota-federal-01,2025-buenos-aires-frente-patriota-federal,diputados-2025,Buenos Aires,1,"SAMID, ALBERTO",false,,,
2025-buenos-aires-frente-patriota-federal-02,2025-buenos-aires-frente-patriota-federal,diputados-2025,Buenos Aires,2,"DIP, MARIA CRISTINA",false,,,
2025-buenos-aires-frente-patriota-federal-03,2025-buenos-aires-frente-patriota-federal,diputados-2025,Buenos Aires,3,"BIONDINI, ALEJANDRO",false,,,
2025-buenos-aires-frente-patriota-federal-04,2025-buenos-aires-frente-patriota-federal,diputados-2025,Buenos Aires,4,"SCARAFIA, MARISA CECILIA",false,,,
2025-buenos-aires-frente-patriota-federal-05,2025-buenos-aires-frente-patriota-federal,diputados-2025,Buenos Aires,5,"IODKO, MARTÍN ADÁN",false,,,
2025-buenos-aires-frente-patriota-federal-06,2025-buenos-aires-frente-patriota-federal,diputados-2025,Buenos Aires,6,"OTT, ELIANA SOLANGE",false,,,
2025-buenos-aires-frente-patriota-federal-07,2025-buenos-aires-frente-patriota-federal,diputados-2025,Buenos Aires,7,"CARLOMAGNO, DIEGO ARIEL",false,,,
2025-buenos-aires-frente-patriota-federal-08,2025-buenos-aires-frente-patriota-federal,diputados-2025,Buenos Aires,8,"GARCIA, SANDRA MARCELA",false,,,
2025-buenos-aires-frente-patriota-federal-09,2025-buenos-aires-frente-patriota-federal,diputados-2025,Buenos Aires,9,"BELLINI, VALENTINO",false,,,
2025-buenos-aires-frente-patriota-federal-10,2025-buenos-aires-frente-patriota-federal,diputados-2025,Buenos Aires,10,"KAYSER, YOLANDA BEATRIZ",false,,,
2025-buenos-aires-frente-patriota-federal-11,2025-buenos-aires-frente-patriota-federal,diputados-2025,Buenos Aires,11,"GARCIA, CLAUDIO HERNAN",false,,,
2025-buenos-aires-frente-patriota-federal-12,2025-buenos-aires-frente-patriota-federal,diputados-2025,Buenos Aires,12,"ETCHEVERRY, YANET DAIANA",false,,,
2025-buenos-aires-frente-patriota-federal-13,2025-buenos-aires-frente-patriota-federal,diputados-2025,Buenos Aires,13,"FRESCA, ANTONIO",false,,,
2025-buenos-aires-frente-patriota-federal-14,2025-buenos-aires-frente-patriota-federal,diputados-2025,Buenos Aires,14,"MOLLO, MARIANA PAULA PATRICIA",false,,,
2025-buenos-aires-frente-patriota-federal-15,2025-buenos-aires-frente-patriota-federal,diputados-2025,Buenos Aires,15,"BUSTAMANTE, SEBASTIAN JORGE SALVADOR",false,,,
2025-buenos-aires-frente-patriota-federal-16,2025-buenos-aires-frente-patriota-federal,diputados-2025,Buenos Aires,16,"FERREYRA, MARIA LAURA",false,,,
2025-buenos-aires-frente-patriota-federal-17,2025-buenos-aires-frente-patriota-federal,diputados-2025,Buenos Aires,17,"RODRIGUEZ, HECTOR ISMAEL",false,,,
2025-buenos-aires-frente-patriota-federal-18,2025-buenos-aires-frente-patriota-federal,diputados-2025,Buenos Aires,18,"BOSTJANCIC, SILVIA IRENE",false,,,
2025-buenos-aires-frente-patriota-federal-19,2025-buenos-aires-frente-patriota-federal,diputados-2025,Buenos Aires,19,"MANNARINO, ESTEBAN OSCAR",false,,,
2025-buenos-aires-frente-patriota-federal-20,2025-buenos-aires-frente-patriota-federal,diputados-2025,Buenos Aires,20,"CLAVIJO, SILVIA RAQUEL",false,,,
2025-buenos-aires-frente-patriota-federal-21,2025-buenos-aires-frente-patriota-federal,diputados-2025,Buenos Aires,21,"CASTAÑO, ROBERTO GABRIEL SPINOSA",false,,,
2025-buenos-aires-frente-patriota-federal-22,2025-buenos-aires-frente-patriota-federal,diputados-2025,Buenos Aires,22,"GARCIA, MARCELA ANA",false,,,
2025-buenos-aires-frente-patriota-federal-23,2025-buenos-aires-frente-patriota-federal,diputados-2025,Buenos Aires,23,"CETROLA, ALBERTO ENRIQUE",false,,,
2025-buenos-aires-frente-patriota-federal-24,2025-buenos-aires-frente-patriota-federal,diputados-2025,Buenos Aires,24,"AGUILERA, RAQUEL ALEJANDRA",false,,,
2025-buenos-aires-frente-patriota-federal-25,2025-buenos-aires-frente-patriota-federal,diputados-2025,Buenos Aires,25,"GUTIERREZ, SEBASTIAN GABRIEL",false,,,
2025-buenos-aires-frente-patriota-federal-26,2025-buenos-aires-frente-patriota-federal,diputados-2025,Buenos Aires,26,"CASTILLO, NANCY ELIZABETH",false,,,
2025-buenos-aires-frente-patriota-federal-27,2025-buenos-aires-frente-patriota-federal,diputados-2025,Buenos Aires,27,"JULIAN, MIGUEL OMAR",false,,,
2025-buenos-aires-frente-patriota-federal-28,2025-buenos-aires-frente-patriota-federal,diputados-2025,Buenos Aires,28,"QUIROZ, ALICIA BEATRIZ",false,,,
2025-buenos-aires-frente-patriota-federal-29,2025-buenos-aires-frente-patriota-federal,diputados-2025,Buenos Aires,29,"RISS, MARTIN",false,,,
2025-buenos-aires-frente-patriota-federal-30,2025-buenos-aires-frente-patriota-federal,diputados-2025,Buenos Aires,30,"SALTO, ERICA RAQUEL",false,,,
2025-buenos-aires-frente-patriota-federal-31,2025-buenos-aires-frente-patriota-federal,diputados-2025,Buenos Aires,31,"ROSITO, JUAN CARLOS",false,,,
2025-buenos-aires-frente-patriota-federal-32,2025-buenos-aires-frente-patriota-federal,diputados-2025,Buenos Aires,32,"COLICINO, YESICA ANDREA",false,,,
2025-buenos-aires-frente-patriota-federal-33,2025-buenos-aires-frente-patriota-federal,diputados-2025,Buenos Aires,33,"OROS, ENRIQUE MARCELO ARIEL",false,,,
2025-buenos-aires-frente-patriota-federal-34,2025-buenos-aires-frente-patriota-federal,diputados-2025,Buenos Aires,34,"PEREZ, MONICA ISABEL",false,,,
2025-buenos-aires-frente-patriota-federal-35,2025-buenos-aires-frente-patriota-federal,diputados-2025,Buenos Aires,35,"ARIAS, JORGE EDUARDO",false,,,
2025-buenos-aires-fuerza-patria-01,2025-buenos-aires-fuerza-patria,diputados-2025,Buenos Aires,1,"TAIANA, JORGE ENRIQUE",true,HCDN0841,exact,2025-12-10
2025-buenos-aires-fuerza-patria-02,2025-buenos-aires-fuerza-patria,diputados-2025,Buenos Aires,2,"LOPEZ, MARIA JIMENA",false,,,
2025-buenos-aires-fuerza-patria-03,2025-buenos-aires-fuerza-patria,diputados-2025,Buenos Aires,3,"GRABOIS, JUAN",true,HCDN3192,exact,2025-12-10
2025-buenos-aires-fuerza-patria-04,2025-buenos-aires-fuerza-patria,diputados-2025,Buenos Aires,4,"SILEY, VANESA RAQUEL",true,HCDN2421,exact,2025-12-10
2025-buenos-aires-fuerza-patria-05,2025-buenos-aires-fuerza-patria,diputados-2025,Buenos Aires,5,"PALAZZO, SERGIO OMAR",true,HCDN2904,exact,2025-12-10
2025-buenos-aires-fuerza-patria-06,2025-buenos-aires-fuerza-patria,diputados-2025,Buenos Aires,6,"GARCIA, MARIA TERESA",true,HCDN0885,exact,2025-12-10
2025-buenos-aires-fuerza-patria-07,2025-buenos-aires-fuerza-patria,diputados-2025,Buenos Aires,7,"CORTI, HORACIO PIETRAGALLA",true,HCDN1290,exact,2025-12-10
2025-buenos-aires-fuerza-patria-08,2025-buenos-aires-fuerza-patria,diputados-2025,Buenos Aires,8,"PROPATO, AGUSTINA LUCRECIA",true,HCDN2905,exact,2025-12-10
2025-buenos-aires-fuerza-patria-09,2025-buenos-aires-fuerza-patria,diputados-2025,Buenos Aires,9,"MOYANO, HUGO ANTONIO",true,HCDN3241,exact,2025-12-10
2025-buenos-aires-fuerza-patria-10,2025-buenos-aires-fuerza-patria,diputados-2025,Buenos Aires,10,"DIAZ, FERNANDA",true,HCDN3194,exact,2025-12-10
2025-buenos-aires-fuerza-patria-11,2025-buenos-aires-fuerza-patria,diputados-2025,Buenos Aires,11,"GALMARINI, SEBASTIAN",true,HCDN3199,exact,2025-12-10
2025-buenos-aires-fuerza-patria-12,2025-buenos-aires-fuerza-patria,diputados-2025,Buenos Aires,12,"MIÑO, RAMONA FERNANDA",true,HCDN3220,exact,2025-12-10
2025-buenos-aires-fuerza-patria-13,2025-buenos-aires-fuerza-patria,diputados-2025,Buenos Aires,13,"YASKY, HUGO RUBEN",true,HCDN2429,exact,2025-12-10
2025-buenos-aires-fuerza-patria-14,2025-buenos-aires-fuerza-patria,diputados-2025,Buenos Aires,14,"SALZMANN, MARINA DOROTEA",true,HCDN3238,exact,2025-12-10
2025-buenos-aires-fuerza-patria-15,2025-buenos-aires-fuerza-patria,diputados-2025,Buenos Aires,15,"TROTTA, NICOLAS ALFREDO",true,HCDN3180,exact,2025-12-10
2025-buenos-aires-fuerza-patria-16,2025-buenos-aires-fuerza-patria,diputados-2025,Buenos Aires,16,"VELAZQUEZ, MARIA ELENA",true,HCDN3173,fuzzy,2025-12-10
2025-buenos-aires-fuerza-patria-17,2025-buenos-aires-fuerza-patria,diputados-2025,Buenos Aires,17,"CALDERARO, LUIS ALBERTO",false,,,
2025-buenos-aires-fuerza-patria-18,2025-buenos-aires-fuerza-patria,diputados-2025,Buenos Aires,18,"GOLISANO, ALDANA GISELLE RODRIGUEZ",false,,,
2025-buenos-aires-fuerza-patria-19,2025-buenos-aires-fuerza-patria,diputados-2025,Buenos Aires,19,"CATALANO, DANIEL ""TANO""",false,,,
2025-buenos-aires-fuerza-patria-20,2025-buenos-aires-fuerza-patria,diputados-2025,Buenos Aires,20,"BERNAZZA, CLAUDIA ALICIA",false,,,
2025-buenos-aires-fuerza-patria-21,2025-buenos-aires-fuerza-patria,diputados-2025,Buenos Aires,21,"RIVAS, JORGE",false,,,
2025-buenos-aires-fuerza-patria-22,2025-buenos-aires-fuerza-patria,diputados-2025,Buenos Aires,22,"BASTIANO, ROCIO DI",false,,,
2025-buenos-aires-fuerza-patria-23,2025-buenos-aires-fuerza-patria,diputados-2025,Buenos Aires,23,"ISASI, OSCAR ""COLO"" DE",false,,,
2025-buenos-aires-fuerza-patria-24,2025-buenos-aires-fuerza-patria,diputados-2025,Buenos Aires,24,"SARAVIA, SILVIA",false,,,
2025-buenos-aires-fuerza-patria-25,2025-buenos-aires-fuerza-patria,diputados-2025,Buenos Aires,25,"RAIMUNDI, CARLOS ALBERTO",false,,,
2025-buenos-aires-fuerza-patria-26,2025-buenos-aires-fuerza-patria,diputados-2025,Buenos Aires,26,"QUINTEROS, MACARENA",false,,,
2025-buenos-aires-fuerza-patria-27,2025-buenos-aires-fuerza-patria,diputados-2025,Buenos Aires,27,"ORTEGA, CARLOS ALBERTO",false,,,
2025-buenos-aires-fuerza-patria-28,2025-buenos-aires-fuerza-patria,diputados-2025,Buenos Aires,28,"RUSCONI, MACARENA AYELEN",false,,,
2025-buenos-aires-fuerza-patria-29,2025-buenos-aires-fuerza-patria,diputados-2025,Buenos Aires,29,"MARZIANI, FEDERICO ALDO DE",false,,,
2025-buenos-aires-fuerza-patria-30,2025-buenos-aires-fuerza-patria,diputados-2025,Buenos Aires,30,"MORENO, MARIA CRISTINA",false,,,
2025-buenos-aires-fuerza-patria-31,2025-buenos-aires-fuerza-patria,diputados-2025,Buenos Aires,31,"LEINENN, ARISTIDES BERNABE",false,,,
2025-buenos-aires-fuerza-patria-32,2025-buenos-aires-fuerza-patria,diputados-2025,Buenos Aires,32,"DEFELIPE, FLORENCIA",false,,,
2025-buenos-aires-fuerza-patria-33,2025-buenos-aires-fuerza-patria,diputados-2025,Buenos Aires,33,"BEROLDO, SEBASTIAN JAVIER",false,,,
2025-buenos-aires-fuerza-patria-34,2025-buenos-aires-fuerza-patria,diputados-2025,Buenos Aires,34,"FERRARI, JULIETA",false,,,
2025-buenos-aires-fuerza-patria-35,2025-buenos-aires-fuerza-patria,diputados-2025,Buenos Aires,35,"RODRIGUEZ, ALEJANDRO ESTEBAN",false,,,
2025-buenos-aires-liber-ar-01,2025-buenos-aires-liber-ar,diputados-2025,Buenos Aires,1,"EYLER, MARIA FERNANDA TOKUMOTO",false,,,
2025-buenos-aires-liber-ar-02,2025-buenos-aires-liber-ar,diputados-2025,Buenos Aires,2,"MOLLARD, LEONARDO FABIAN",false,,,
2025-buenos-aires-liber-ar-03,2025-buenos-aires-liber-ar,diputados-2025,Buenos Aires,3,"PAZ, MONICA GRACIELA",false,,,
2025-buenos-aires-liber-ar-04,2025-buenos-aires-liber-ar,diputados-2025,Buenos Aires,4,"BOVERO, FERNANDO ESTEBAN",false,,,
2025-buenos-aires-liber-ar-05,2025-buenos-aires-liber-ar,diputados-2025,Buenos Aires,5,"LEDESMA, MARIANA ELIZABETH",false,,,
2025-buenos-aires-liber-ar-06,2025-buenos-aires-liber-ar,diputados-2025,Buenos Aires,6,"MARTINEZ, NESTOR ABEL",false,,,
2025-buenos-aires-liber-ar-07,2025-buenos-aires-liber-ar,diputados-2025,Buenos Aires,7,"VERA, CONSTANZA BELEN",false,,,
2025-buenos-aires-liber-ar-08,2025-buenos-aires-liber-ar,diputados-2025,Buenos Aires,8,"SIR, MAURO",false,,,
2025-buenos-aires-liber-ar-09,2025-buenos-aires-liber-ar,diputados-2025,Buenos Aires,9,"GULIOTTO, CARMEN GRACIELA",false,,,
2025-buenos-aires-liber-ar-10,2025-buenos-aires-liber-ar,diputados-2025,Buenos Aires,10,"LASTRA, JUAN ALBERTO",false,,,
2025-buenos-aires-liber-ar-11,2025-buenos-aires-liber-ar,diputados-2025,Buenos Aires,11,"FAVA, MARIA FERNANDA",false,,,
2025-buenos-aires-liber-ar-12,2025-buenos-aires-liber-ar,diputados-2025,Buenos Aires,12,"BELANDO, RICARDO CESAR",false,,,
2025-buenos-aires-liber-ar-13,2025-buenos-aires-liber-ar,diputados-2025,Buenos Aires,13,"BELTRAMINI, ALDANA JULIETA",false,,,
2025-buenos-aires-liber-ar-14,2025-buenos-aires-liber-ar,diputados-2025,Buenos Aires,14,"BASCONCELLO, MARIO MARTÍN",false,,,
2025-buenos-aires-liber-ar-15,2025-buenos-aires-liber-ar,diputados-2025,Buenos Aires,15,"DECOUD, OLGA ELIZABETH",false,,,
2025-buenos-aires-liber-ar-16,2025-buenos-aires-liber-ar,diputados-2025,Buenos Aires,16,"GONNET, HECTOR ARIEL",false,,,
2025-buenos-aires-liber-ar-17,2025-buenos-aires-liber-ar,diputados-2025,Buenos Aires,17,"BIOCCA, CECILIA SOLEDAD",false,,,
2025-buenos-aires-liber-ar-18,2025-buenos-aires-liber-ar,diputados-2025,Buenos Aires,18,"RUIZ, FELIX DANIEL",false,,,
2025-buenos-aires-liber-ar-19,2025-buenos-aires-liber-ar,diputados-2025,Buenos Aires,19,"SCEBBA, GABRIELA VERONICA",false,,,
2025-buenos-aires-liber-ar-20,2025-buenos-aires-liber-ar,diputados-2025,Buenos Aires,20,"MILLER, MAXIMILIANO NICOLAS",false,,,
2025-buenos-aires-liber-ar-21,2025-buenos-aires-liber-ar,diputados-2025,Buenos Aires,21,"LANDINI, CAMILA BELEN BASILOTTA",false,,,
2025-buenos-aires-liber-ar-22,2025-buenos-aires-liber-ar,diputados-2025,Buenos Aires,22,"GAGNA, SERGIO OMAR",false,,,
2025-buenos-aires-liber-ar-23,2025-buenos-aires-liber-ar,diputados-2025,Buenos Aires,23,"SANTI, MARIA VICTORIA DELLI",false,,,
2025-buenos-aires-liber-ar-24,2025-buenos-aires-liber-ar,diputados-2025,Buenos Aires,24,"RIENZI, DANIEL",false,,,
2025-buenos-aires-liber-ar-25,2025-buenos-aires-liber-ar,diputados-2025,Buenos Aires,25,"ACHARDI, ANDREA ALEJANDRA",false,,,
2025-buenos-aires-liber-ar-26,2025-buenos-aires-liber-ar,diputados-2025,Buenos Aires,26,"NALDI, MARIO",false,,,
2025-buenos-aires-liber-ar-27,2025-buenos-aires-liber-ar,diputados-2025,Buenos Aires,27,"ONTIVEROS, CANDELA LUCIA",false,,,
2025-buenos-aires-liber-ar-28,2025-buenos-aires-liber-ar,diputados-2025,Buenos Aires,28,"BARROS, MARCELO IVAN",false,,,
2025-buenos-aires-liber-ar-29,2025-buenos-aires-liber-ar,diputados-2025,Buenos Aires,29,"ZEQUEIRO, AURELIA SUSANA",false,,,
2025-buenos-aires-liber-ar-30,2025-buenos-aires-liber-ar,diputados-2025,Buenos Aires,30,"AQUINO, MARIO FERNANDO",false,,,
2025-buenos-aires-liber-ar-31,2025-buenos-aires-liber-ar,diputados-2025,Buenos Aires,31,"NARVAEZ, MIRNA VERONICA",false,,,
2025-buenos-aires-liber-ar-32,2025-buenos-aires-liber-ar,diputados-2025,Buenos Aires,32,"CASTRO, GUSTAVO JAVIER",false,,,
2025-buenos-aires-liber-ar-33,2025-buenos-aires-liber-ar,diputados-2025,Buenos Aires,33,"HERNANDEZ, CARMEN INES",false,,,
2025-buenos-aires-liber-ar-34,2025-buenos-aires-liber-ar,diputados-2025,Buenos Aires,34,"MANGANO, SALVADOR",false,,,
2025-buenos-aires-liber-ar-35,2025-buenos-aires-liber-ar,diputados-2025,Buenos Aires,35,"RODRIGUEZ, STELLA MARIS GAMALER",false,,,
2025-buenos-aires-movimiento-avanzada-socialista-01,2025-buenos-aires-movimiento-avanzada-socialista,diputados-2025,Buenos Aires,1,"CASTAÑEIRA, MANUELA",false,,,
2025-buenos-aires-movimiento-avanzada-socialista-02,2025-buenos-aires-movimiento-avanzada-socialista,diputados-2025,Buenos Aires,2,"RAMAT, JUAN CRUZ",false,,,
2025-buenos-aires-movimiento-avanzada-socialista-03,2025-buenos-aires-movimiento-avanzada-socialista,diputados-2025,Buenos Aires,3,"ALVAREZ, MARIA PAZ",false,,,
2025-buenos-aires-movimiento-avanzada-socialista-04,2025-buenos-aires-movimiento-avanzada-socialista,diputados-2025,Buenos Aires,4,"CORREA, LUCAS MATIAS",false,,,
2025-buenos-aires-movimiento-avanzada-socialista-05,2025-buenos-aires-movimiento-avanzada-socialista,diputados-2025,Buenos Aires,5,"YAPURA, SOLEDAD VICTORIA",false,,,
2025-buenos-aires-movimiento-avanzada-socialista-06,2025-buenos-aires-movimiento-avanzada-socialista,diputados-2025,Buenos Aires,6,"PASCUAN, MARCOS JAVIER",false,,,
2025-buenos-aires-movimiento-avanzada-socialista-07,2025-buenos-aires-movimiento-avanzada-socialista,diputados-2025,Buenos Aires,7,"ABAL, PAULA GABRIELA",false,,,
2025-buenos-aires-movimiento-avanzada-socialista-08,2025-buenos-aires-movimiento-avanzada-socialista,diputados-2025,Buenos Aires,8,"ROBLES, LEANDRO HIDALGO",false,,,
2025-buenos-aires-movimiento-avanzada-socialista-09,2025-buenos-aires-movimiento-avanzada-socialista,diputados-2025,Buenos Aires,9,"COLODRO, KARINA VANESA",false,,,
2025-buenos-aires-movimiento-avanzada-socialista-10,2025-buenos-aires-movimiento-avanzada-socialista,diputados-2025,Buenos Aires,10,"AYALA, JORGE LUIS",false,,,
2025-buenos-aires-movimiento-avanzada-socialista-11,2025-buenos-aires-movimiento-avanzada-socialista,diputados-2025,Buenos Aires,11,"ROBLES, GRACIELA LUISA",false,,,
2025-buenos-aires-movimiento-avanzada-socialista-12,2025-buenos-aires-movimiento-avanzada-socialista,diputados-2025,Buenos Aires,12,"DIAZ, FACUNDO ARIEL",false,,,
2025-buenos-aires-movimiento-avanzada-socialista-13,2025-buenos-aires-movimiento-avanzada-socialista,diputados-2025,Buenos Aires,13,"DOPAZO, ANDREA SUSANA",false,,,
2025-buenos-aires-movimiento-avanzada-socialista-14,2025-buenos-aires-movimiento-avanzada-socialista,diputados-2025,Buenos Aires,14,"MANINI, RAMIRO ANDRES",false,,,
2025-buenos-aires-movimiento-avanzada-socialista-15,2025-buenos-aires-movimiento-avanzada-socialista,diputados-2025,Buenos Aires,15,"FAGANELLO, NATALIA CELESTE",false,,,
2025-buenos-aires-movimiento-avanzada-socialista-16,2025-buenos-aires-movimiento-avanzada-socialista,diputados-2025,Buenos Aires,16,"RAGGIO, FACUNDO ESTEBAN",false,,,
2025-buenos-aires-movimiento-avanzada-socialista-17,2025-buenos-aires-movimiento-avanzada-socialista,diputados-2025,Buenos Aires,17,"GOMEZ, LAURA DANIELA",false,,,
2025-buenos-aires-movimiento-avanzada-socialista-18,2025-buenos-aires-movimiento-avanzada-socialista,diputados-2025,Buenos Aires,18,"ALMADA, EMILIO ALBERTO",false,,,
2025-buenos-aires-movimiento-avanzada-socialista-19,2025-buenos-aires-movimiento-avanzada-socialista,diputados-2025,Buenos Aires,19,"NUÑEZ, KAREN GISELE",false,,,
2025-buenos-aires-movimiento-avanzada-socialista-20,2025-buenos-aires-movimiento-avanzada-socialista,diputados-2025,Buenos Aires,20,"CAVIEDES, BENJAMIN ARGENTINO",false,,,
2025-buenos-aires-movimiento-avanzada-socialista-21,2025-buenos-aires-movimiento-avanzada-socialista,diputados-2025,Buenos Aires,21,"VECCHIO, EMMA SOFÍA",false,,,
2025-buenos-aires-movimiento-avanzada-socialista-22,2025-buenos-aires-movimiento-avanzada-socialista,diputados-2025,Buenos Aires,22,"WASSERMANN, MAXIMILIANO",false,,,
2025-buenos-aires-movimiento-avanzada-socialista-23,2025-buenos-aires-movimiento-avanzada-socialista,diputados-2025,Buenos Aires,23,"CAMARA, LUCIA MACARENA",false,,,
2025-buenos-aires-movimiento-avanzada-socialista-24,2025-buenos-aires-movimiento-avanzada-socialista,diputados-2025,Buenos Aires,24,"MARTINEZ, SERGIO ""MANTECA""",false,,,
2025-buenos-aires-movimiento-avanzada-socialista-25,2025-buenos-aires-movimiento-avanzada-socialista,diputados-2025,Buenos Aires,25,"ROJAS, PAULA SOLEDAD",false,,,
2025-buenos-aires-movimiento-avanzada-socialista-26,2025-buenos-aires-movimiento-avanzada-socialista,diputados-2025,Buenos Aires,26,"MUGUETA, MIGUEL ANGEL",false,,,
2025-buenos-aires-movimiento-avanzada-socialista-27,2025-buenos-aires-movimiento-avanzada-socialista,diputados-2025,Buenos Aires,27,"DERMOTT, EVELYN MAC",false,,,
2025-buenos-aires-movimiento-avanzada-socialista-28,2025-buenos-aires-movimiento-avanzada-socialista,diputados-2025,Buenos Aires,28,"MARTINEZ, EDUARDO PASTOR",false,,,
2025-buenos-aires-movimiento-avanzada-socialista-29,2025-buenos-aires-movimiento-avanzada-socialista,diputados-2025,Buenos Aires,29,"GONZALEZ, FLORENCIA BEATRIZ",false,,,
2025-buenos-aires-movimiento-avanzada-socialista-30,2025-buenos-aires-movimiento-avanzada-socialista,diputados-2025,Buenos Aires,30,"MATTEUCCI, JAIME MANUEL LASA",false,,,
2025-buenos-aires-movimiento-avanzada-socialista-31,2025-buenos-aires-movimiento-avanzada-socialista,diputados-2025,Buenos Aires,31,"BENITEZ, FLORENCIA BELEN",false,,,
2025-buenos-aires-movimiento-avanzada-socialista-32,2025-buenos-aires-movimiento-avanzada-socialista,diputados-2025,Buenos Aires,32,"JUAREZ, GUSTAVO MARCELO",false,,,
2025-buenos-aires-movimiento-avanzada-socialista-33,2025-buenos-aires-movimiento-avanzada-socialista,diputados-2025,Buenos Aires,33,"CARNEIRO, SOFIA DEL CARMEN",false,,,
2025-buenos-aires-movimiento-avanzada-socialista-34,2025-buenos-aires-movimiento-avanzada-socialista,diputados-2025,Buenos Aires,34,"SCHMALE, ALEJANDRO MARCELO",false,,,
2025-buenos-aires-movimiento-avanzada-socialista-35,2025-buenos-aires-movimiento-avanzada-socialista,diputados-2025,Buenos Aires,35,"NUÑEZ, ANDREA SOLANGE",false,,,
2025-buenos-aires-movimiento-politico-social-y-cultural-proyecto-sur-01,2025-buenos-aires-movimiento-politico-social-y-cultural-proyecto-sur,diputados-2025,Buenos Aires,1,"ALFONSIN, RICARDO LUIS",false,,,
2025-buenos-aires-movimiento-politico-social-y-cultural-proyecto-sur-02,2025-buenos-aires-movimiento-politico-social-y-cultural-proyecto-sur,diputados-2025,Buenos Aires,2,"CASSESE, MARINA",false,,,
2025-buenos-aires-movimiento-politico-social-y-cultural-proyecto-sur-03,2025-buenos-aires-movimiento-politico-social-y-cultural-proyecto-sur,diputados-2025,Buenos Aires,3,"LOPEZ, GUSTAVO FERNANDO",false,,,
2025-buenos-aires-movimiento-politico-social-y-cultural-proyecto-sur-04,2025-buenos-aires-movimiento-politico-social-y-cultural-proyecto-sur,diputados-2025,Buenos Aires,4,"SBURLATTI, CELINA",false,,,
2025-buenos-aires-movimiento-politico-social-y-cultural-proyecto-sur-05,2025-buenos-aires-movimiento-politico-social-y-cultural-proyecto-sur,diputados-2025,Buenos Aires,5,"MALTEMPO, HUGO ADOLFO",false,,,
2025-buenos-aires-movimiento-politico-social-y-cultural-proyecto-sur-06,2025-buenos-aires-movimiento-politico-social-y-cultural-proyecto-sur,diputados-2025,Buenos Aires,6,"LARCAMON, JULIA",false,,,
2025-buenos-aires-movimiento-politico-social-y-cultural-proyecto-sur-07,2025-buenos-aires-movimiento-politico-social-y-cultural-proyecto-sur,diputados-2025,Buenos Aires,7,"CANAY, MANUEL MARTIN",false,,,
2025-buenos-aires-movimiento-politico-social-y-cultural-proyecto-sur-08,2025-buenos-aires-movimiento-politico-social-y-cultural-proyecto-sur,diputados-2025,Buenos Aires,8,"ZELI, CARINA ESTER",false,,,
2025-buenos-aires-movimiento-politico-social-y-cultural-proyecto-sur-09,2025-buenos-aires-movimiento-politico-social-y-cultural-proyecto-sur,diputados-2025,Buenos Aires,9,"FABRIS, JOSE LUIS",false,,,
2025-buenos-aires-movimiento-politico-social-y-cultural-proyecto-sur-10,2025-buenos-aires-movimiento-politico-social-y-cultural-proyecto-sur,diputados-2025,Buenos Aires,10,"ISLAS, MARIANELA",false,,,
2025-buenos-aires-movimiento-politico-social-y-cultural-proyecto-sur-11,2025-buenos-aires-movimiento-politico-social-y-cultural-proyecto-sur,diputados-2025,Buenos Aires,11,"HERNANDEZ, SANTIAGO LUIS",false,,,
2025-buenos-aires-movimiento-politico-social-y-cultural-proyecto-sur-12,2025-buenos-aires-movimiento-politico-social-y-cultural-proyecto-sur,diputados-2025,Buenos Aires,12,"ADORNO, GABRIELA ALEJANDRA",false,,,
2025-buenos-aires-movimiento-politico-social-y-cultural-proyecto-sur-13,2025-buenos-aires-movimiento-politico-social-y-cultural-proyecto-sur,diputados-2025,Buenos Aires,13,"KOHL, GERMAN ¨FLACO¨",false,,,
2025-buenos-aires-movimiento-politico-social-y-cultural-proyecto-sur-14,2025-buenos-aires-movimiento-politico-social-y-cultural-proyecto-sur,diputados-2025,Buenos Aires,14,"SEQUEIRA, MONICA BEATRIZ",false,,,
2025-buenos-aires-movimiento-politico-social-y-cultural-proyecto-sur-15,2025-buenos-aires-movimiento-politico-social-y-cultural-proyecto-sur,diputados-2025,Buenos Aires,15,"GRECO, CHRISTIAN CARLOS",false,,,
2025-buenos-aires-movimiento-politico-social-y-cultural-proyecto-sur-16,2025-buenos-aires-movimiento-politico-social-y-cultural-proyecto-sur,diputados-2025,Buenos Aires,16,"MATEO, VERONICA BEATRIZ",false,,,
2025-buenos-aires-movimiento-politico-social-y-cultural-proyecto-sur-17,2025-buenos-aires-movimiento-politico-social-y-cultural-proyecto-sur,diputados-2025,Buenos Aires,17,"PERUSSICH, FABIO GABRIEL",false,,,
2025-buenos-aires-movimiento-politico-social-y-cultural-proyecto-sur-18,2025-buenos-aires-movimiento-politico-social-y-cultural-proyecto-sur,diputados-2025,Buenos Aires,18,"ZENA, SILVIA BEATRIZ FERNANDEZ",false,,,
2025-buenos-aires-movimiento-politico-social-y-cultural-proyecto-sur-19,2025-buenos-aires-movimiento-politico-social-y-cultural-proyecto-sur,diputados-2025,Buenos Aires,19,"FOSTER, PABLO CRISTIAN",false,,,
2025-buenos-aires-movimiento-politico-social-y-cultural-proyecto-sur-20,2025-buenos-aires-movimiento-politico-social-y-cultural-proyecto-sur,diputados-2025,Buenos Aires,20,"FORTI, VIVIANA HAYDEE",false,,,
2025-buenos-aires-movimiento-politico-social-y-cultural-proyecto-sur-21,2025-buenos-aires-movimiento-politico-social-y-cultural-proyecto-sur,diputados-2025,Buenos Aires,21,"DESERTI, DANIEL HORACIO",false,,,
2025-buenos-aires-movimiento-politico-social-y-cultural-proyecto-sur-22,2025-buenos-aires-movimiento-politico-social-y-cultural-proyecto-sur,diputados-2025,Buenos Aires,22,"GONZALEZ, EVELIN GISELA",false,,,
2025-buenos-aires-movimiento-politico-social-y-cultural-proyecto-sur-23,2025-buenos-aires-movimiento-politico-social-y-cultural-proyecto-sur,diputados-2025,Buenos Aires,23,"GATTI, OSVALDO JULIO",false,,,
2025-buenos-aires-movimiento-politico-social-y-cultural-proyecto-sur-24,2025-buenos-aires-movimiento-politico-social-y-cultural-proyecto-sur,diputados-2025,Buenos Aires,24,"CAMPOS, MARTA MELODI",false,,,
2025-buenos-aires-movimiento-politico-social-y-cultural-proyecto-sur-25,2025-buenos-aires-movimiento-politico-social-y-cultural-proyecto-sur,diputados-2025,Buenos Aires,25,"¨MARITO¨CORONA, ANTONIO HERNAN",false,,,
2025-buenos-aires-movimiento-politico-social-y-cultural-proyecto-sur-26,2025-buenos-aires-movimiento-politico-social-y-cultural-proyecto-sur,diputados-2025,Buenos Aires,26,"PERGOLA, LAURA ANDREA",false,,,
2025-buenos-aires-movimiento-politico-social-y-cultural-proyecto-sur-27,2025-buenos-aires-movimiento-politico-social-y-cultural-proyecto-sur,diputados-2025,Buenos Aires,27,"BOGADO, EDUARDO ADRIAN",false,,,
2025-buenos-aires-movimiento-politico-social-y-cultural-proyecto-sur-28,2025-buenos-aires-movimiento-politico-social-y-cultural-proyecto-sur,diputados-2025,Buenos Aires,28,"RASHID, LEILA",false,,,
2025-buenos-aires-movimiento-politico-social-y-cultural-proyecto-sur-29,2025-buenos-aires-movimiento-politico-social-y-cultural-proyecto-sur,diputados-2025,Buenos Aires,29,"FLORES, WALTER OSCAR",false,,,
2025-buenos-aires-movimiento-politico-social-y-cultural-proyecto-sur-30,2025-buenos-aires-movimiento-politico-social-y-cultural-proyecto-sur,diputados-2025,Buenos Aires,30,"MATTEA, GISELA NOEMI",false,,,
2025-buenos-aires-movimiento-politico-social-y-cultural-proyecto-sur-31,2025-buenos-aires-movimiento-politico-social-y-cultural-proyecto-sur,diputados-2025,Buenos Aires,31,"ANTONUCHI, LEONEL ALBERTO",false,,,
2025-buenos-aires-movimiento-politico-social-y-cultural-proyecto-sur-32,2025-buenos-aires-movimiento-politico-social-y-cultural-proyecto-sur,diputados-2025,Buenos Aires,32,"BARZOLA, IRENE ELISA",false,,,
2025-buenos-aires-movimiento-politico-social-y-cultural-proyecto-sur-33,2025-buenos-aires-movimiento-politico-social-y-cultural-proyecto-sur,diputados-2025,Buenos Aires,33,"GARCIA, GUILLERMO ANDRES",false,,,
2025-buenos-aires-movimiento-politico-social-y-cultural-proyecto-sur-34,2025-buenos-aires-movimiento-politico-social-y-cultural-proyecto-sur,diputados-2025,Buenos Aires,34,"VIZCAY, FERNANDA MARCELA FERNANDEZ",false,,,
2025-buenos-aires-movimiento-politico-social-y-cultural-proyecto-sur-35,2025-buenos-aires-movimiento-politico-social-y-cultural-proyecto-sur,diputados-2025,Buenos Aires,35,"¨RODO¨SUAREZ, RODOLFO DAMIAN",false,,,
2025-buenos-aires-partido-coalicion-civica-afirmacion-para-una-republica-igualitaria-ari-01,2025-buenos-aires-partido-coalicion-civica-afirmacion-para-una-republica-igualitaria-ari,diputados-2025,Buenos Aires,1,"LOPEZ, JUAN MANUEL",false,,,
2025-buenos-aires-partido-coalicion-civica-afirmacion-para-una-republica-igualitaria-ari-02,2025-buenos-aires-partido-coalicion-civica-afirmacion-para-una-republica-igualitaria-ari,diputados-2025,Buenos Aires,2,"LLENDERROZAS, ELSA ESTHER",false,,,
2025-buenos-aires-partido-coalicion-civica-afirmacion-para-una-republica-igualitaria-ari-03,2025-buenos-aires-partido-coalicion-civica-afirmacion-para-una-republica-igualitaria-ari,diputados-2025,Buenos Aires,3,"HOURCADE, LISANDRO FABIAN",false,,,
2025-buenos-aires-partido-coalicion-civica-afirmacion-para-una-republica-igualitaria-ari-04,2025-buenos-aires-partido-coalicion-civica-afirmacion-para-una-republica-igualitaria-ari,diputados-2025,Buenos Aires,4,"MORO, MARICEL ETCHECOIN",false,,,
2025-buenos-aires-partido-coalicion-civica-afirmacion-para-una-republica-igualitaria-ari-05,2025-buenos-aires-partido-coalicion-civica-afirmacion-para-una-republica-igualitaria-ari,diputados-2025,Buenos Aires,5,"YOFE, MATÍAS",false,,,
2025-buenos-aires-partido-coalicion-civica-afirmacion-para-una-republica-igualitaria-ari-06,2025-buenos-aires-partido-coalicion-civica-afirmacion-para-una-republica-igualitaria-ari,diputados-2025,Buenos Aires,6,"PORRO, NADIA GRACIELA",false,,,
2025-buenos-aires-partido-coalicion-civica-afirmacion-para-una-republica-igualitaria-ari-07,2025-buenos-aires-partido-coalicion-civica-afirmacion-para-una-republica-igualitaria-ari,diputados-2025,Buenos Aires,7,"BOUVIER, ROMAN LUJAN",false,,,
2025-buenos-aires-partido-coalicion-civica-afirmacion-para-una-republica-igualitaria-ari-08,2025-buenos-aires-partido-coalicion-civica-afirmacion-para-una-republica-igualitaria-ari,diputados-2025,Buenos Aires,8,"BORREGO, MARIA VICTORIA",false,,,
2025-buenos-aires-partido-coalicion-civica-afirmacion-para-una-republica-igualitaria-ari-09,2025-buenos-aires-partido-coalicion-civica-afirmacion-para-una-republica-igualitaria-ari,diputados-2025,Buenos Aires,9,"FLORES, HECTOR ""TOTY""",false,,,
2025-buenos-aires-partido-coalicion-civica-afirmacion-para-una-republica-igualitaria-ari-10,2025-buenos-aires-partido-coalicion-civica-afirmacion-para-una-republica-igualitaria-ari,diputados-2025,Buenos Aires,10,"ANDRADA, GRACIELA NORMA",false,,,
2025-buenos-aires-partido-coalicion-civica-afirmacion-para-una-republica-igualitaria-ari-11,2025-buenos-aires-partido-coalicion-civica-afirmacion-para-una-republica-igualitaria-ari,diputados-2025,Buenos Aires,11,"ZUBIAURRE, PABLO ANTONIO",false,,,
2025-buenos-aires-partido-coalicion-civica-afirmacion-para-una-republica-igualitaria-ari-12,2025-buenos-aires-partido-coalicion-civica-afirmacion-para-una-republica-igualitaria-ari,diputados-2025,Buenos Aires,12,"ZAPATA, NILDA GABRIELA",false,,,
2025-buenos-aires-partido-coalicion-civica-afirmacion-para-una-republica-igualitaria-ari-13,2025-buenos-aires-partido-coalicion-civica-afirmacion-para-una-republica-igualitaria-ari,diputados-2025,Buenos Aires,13,"FERNANDEZ, JOSE MARIA",false,,,
2025-buenos-aires-partido-coalicion-civica-afirmacion-para-una-republica-igualitaria-ari-14,2025-buenos-aires-partido-coalicion-civica-afirmacion-para-una-republica-igualitaria-ari,diputados-2025,Buenos Aires,14,"BILBAO, ANAHI SILVINA",false,,,
2025-buenos-aires-partido-coalicion-civica-afirmacion-para-una-republica-igualitaria-ari-15,2025-buenos-aires-partido-coalicion-civica-afirmacion-para-una-republica-igualitaria-ari,diputados-2025,Buenos Aires,15,"JORDAN, EDUARDO",false,,,
2025-buenos-aires-partido-coalicion-civica-afirmacion-para-una-republica-igualitaria-ari-16,2025-buenos-aires-partido-coalicion-civica-afirmacion-para-una-republica-igualitaria-ari,diputados-2025,Buenos Aires,16,"MALASPINA, PATRICIA ALEJANDRA",false,,,
2025-buenos-aires-partido-coalicion-civica-afirmacion-para-una-republica-igualitaria-ari-17,2025-buenos-aires-partido-coalicion-civica-afirmacion-para-una-republica-igualitaria-ari,diputados-2025,Buenos Aires,17,"TRIGO, FERNANDO DANIEL",false,,,
2025-buenos-aires-partido-coalicion-civica-afirmacion-para-una-republica-igualitaria-ari-18,2025-buenos-aires-partido-coalicion-civica-afirmacion-para-una-republica-igualitaria-ari,diputados-2025,Buenos Aires,18,"VAZQUEZ, SILVIA BEATRIZ",false,,,
2025-buenos-aires-partido-coalicion-civica-afirmacion-para-una-republica-igualitaria-ari-19,2025-buenos-aires-partido-coalicion-civica-afirmacion-para-una-republica-igualitaria-ari,diputados-2025,Buenos Aires,19,"CAPPELLETTI, OSCAR DANIEL",false,,,
2025-buenos-aires-partido-coalicion-civica-afirmacion-para-una-republica-igualitaria-ari-20,2025-buenos-aires-partido-coalicion-civica-afirmacion-para-una-republica-igualitaria-ari,diputados-2025,Buenos Aires,20,"FUENTES, GIANA LIA",false,,,
2025-buenos-aires-partido-coalicion-civica-afirmacion-para-una-republica-igualitaria-ari-21,2025-buenos-aires-partido-coalicion-civica-afirmacion-para-una-republica-igualitaria-ari,diputados-2025,Buenos Aires,21,"TREJO, SAUL ALBERTO",false,,,
2025-buenos-aires-partido-coalicion-civica-afirmacion-para-una-republica-igualitaria-ari-22,2025-buenos-aires-partido-coalicion-civica-afirmacion-para-una-republica-igualitaria-ari,diputados-2025,Buenos Aires,22,"CARACOCHE, MARIANA",false,,,
2025-buenos-aires-partido-coalicion-civica-afirmacion-para-una-republica-igualitaria-ari-23,2025-buenos-aires-partido-coalicion-civica-afirmacion-para-una-republica-igualitaria-ari,diputados-2025,Buenos Aires,23,"YALET, PATRICIO ESTEBAN",false,,,
2025-buenos-aires-partido-coalicion-civica-afirmacion-para-una-republica-igualitaria-ari-24,2025-buenos-aires-partido-coalicion-civica-afirmacion-para-una-republica-igualitaria-ari,diputados-2025,Buenos Aires,24,"CACERES, MARIA BELEN",false,,,
2025-buenos-aires-partido-coalicion-civica-afirmacion-para-una-republica-igualitaria-ari-25,2025-buenos-aires-partido-coalicion-civica-afirmacion-para-una-republica-igualitaria-ari,diputados-2025,Buenos Aires,25,"MERCADÉ, SANTIAGO JOSÉ",false,,,
2025-buenos-aires-partido-coalicion-civica-afirmacion-para-una-republica-igualitaria-ari-26,2025-buenos-aires-partido-coalicion-civica-afirmacion-para-una-republica-igualitaria-ari,diputados-2025,Buenos Aires,26,"NOCETTI, LOURDES",false,,,
2025-buenos-aires-partido-coalicion-civica-afirmacion-para-una-republica-igualitaria-ari-27,2025-buenos-aires-partido-coalicion-civica-afirmacion-para-una-republica-igualitaria-ari,diputados-2025,Buenos Aires,27,"VILLAFRANCA, HAROLDO OSCAR ALFREDO",false,,,
2025-buenos-aires-partido-coalicion-civica-afirmacion-para-una-republica-igualitaria-ari-28,2025-buenos-aires-partido-coalicion-civica-afirmacion-para-una-republica-igualitaria-ari,diputados-2025,Buenos Aires,28,"NUÑEZ, BERTA OFELIA",false,,,
2025-buenos-aires-partido-coalicion-civica-afirmacion-para-una-republica-igualitaria-ari-29,2025-buenos-aires-partido-coalicion-civica-afirmacion-para-una-republica-igualitaria-ari,diputados-2025,Buenos Aires,29,"LORENZO, LUCAS MATIAS AGÜERO",false,,,
2025-buenos-aires-partido-coalicion-civica-afirmacion-para-una-republica-igualitaria-ari-30,2025-buenos-aires-partido-coalicion-civica-afirmacion-para-una-republica-igualitaria-ari,diputados-2025,Buenos Aires,30,"LANDONI, MIRIAM ETHEL",false,,,
2025-buenos-aires-partido-coalicion-civica-afirmacion-para-una-republica-igualitaria-ari-31,2025-buenos-aires-partido-coalicion-civica-afirmacion-para-una-republica-igualitaria-ari,diputados-2025,Buenos Aires,31,"CANULLAN, HORACIO JAVIER",false,,,
2025-buenos-aires-partido-coalicion-civica-afirmacion-para-una-republica-igualitaria-ari-32,2025-buenos-aires-partido-coalicion-civica-afirmacion-para-una-republica-igualitaria-ari,diputados-2025,Buenos Aires,32,"JUNCO, CONCEPCION ESTER",false,,,
2025-buenos-aires-partido-coalicion-civica-afirmacion-para-una-republica-igualitaria-ari-33,2025-buenos-aires-partido-coalicion-civica-afirmacion-para-una-republica-igualitaria-ari,diputados-2025,Buenos Aires,33,"BOSSI, MARTIN",false,,,
2025-buenos-aires-partido-coalicion-civica-afirmacion-para-una-republica-igualitaria-ari-34,2025-buenos-aires-partido-coalicion-civica-afirmacion-para-una-republica-igualitaria-ari,diputados-2025,Buenos Aires,34,"RODRIGUEZ, SILVIA DIANA",false,,,
2025-buenos-aires-partido-coalicion-civica-afirmacion-para-una-republica-igualitaria-ari-35,2025-buenos-aires-partido-coalicion-civica-afirmacion-para-una-republica-igualitaria-ari,diputados-2025,Buenos Aires,35,"LANDABURU, FERNANDO GABRIEL",false,,,
2025-buenos-aires-partido-nuevo-buenos-aires-01,2025-buenos-aires-partido-nuevo-buenos-aires,diputados-2025,Buenos Aires,1,"CÚNEO, SANTIAGO ""DOGO""",false,,,
2025-buenos-aires-partido-nuevo-buenos-aires-02,2025-buenos-aires-partido-nuevo-buenos-aires,diputados-2025,Buenos Aires,2,"ORDOÑEZ, MARA YANINA",false,,,
2025-buenos-aires-partido-nuevo-buenos-aires-03,2025-buenos-aires-partido-nuevo-buenos-aires,diputados-2025,Buenos Aires,3,"BIAGGIONI, RAUL GERMAN",false,,,
2025-buenos-aires-partido-nuevo-buenos-aires-04,2025-buenos-aires-partido-nuevo-buenos-aires,diputados-2025,Buenos Aires,4,"CALIGIURI, NYDIA XIMENA",false,,,
2025-buenos-aires-partido-nuevo-buenos-aires-05,2025-buenos-aires-partido-nuevo-buenos-aires,diputados-2025,Buenos Aires,5,"RAMON, GARCES",false,,,
2025-buenos-aires-partido-nuevo-buenos-aires-06,2025-buenos-aires-partido-nuevo-buenos-aires,diputados-2025,Buenos Aires,6,"MINNICELLI, ALESSANDRA",false,,,
2025-buenos-aires-partido-nuevo-buenos-aires-07,2025-buenos-aires-partido-nuevo-buenos-aires,diputados-2025,Buenos Aires,7,"SALBUCHI, ADRIAN RICARDO",false,,,
2025-buenos-aires-partido-nuevo-buenos-aires-08,2025-buenos-aires-partido-nuevo-buenos-aires,diputados-2025,Buenos Aires,8,"BARBE, OFELIA AIDA",false,,,
2025-buenos-aires-partido-nuevo-buenos-aires-09,2025-buenos-aires-partido-nuevo-buenos-aires,diputados-2025,Buenos Aires,9,"ANDRES, MOREYRA DAVID",false,,,
2025-buenos-aires-partido-nuevo-buenos-aires-10,2025-buenos-aires-partido-nuevo-buenos-aires,diputados-2025,Buenos Aires,10,"ROJAS, SUSANA ELENA",false,,,
2025-buenos-aires-partido-nuevo-buenos-aires-11,2025-buenos-aires-partido-nuevo-buenos-aires,diputados-2025,Buenos Aires,11,"ORELLANO, CLAUDIO CESAR",false,,,
2025-buenos-aires-partido-nuevo-buenos-aires-12,2025-buenos-aires-partido-nuevo-buenos-aires,diputados-2025,Buenos Aires,12,"ALEMÁN, VILMA JOSEPHINE BIRO",false,,,
2025-buenos-aires-partido-nuevo-buenos-aires-13,2025-buenos-aires-partido-nuevo-buenos-aires,diputados-2025,Buenos Aires,13,"BURGOS, HORACIO ELADIO",false,,,
2025-buenos-aires-partido-nuevo-buenos-aires-14,2025-buenos-aires-partido-nuevo-buenos-aires,diputados-2025,Buenos Aires,14,"ANSELMINO, DÉBORA RAQUEL",false,,,
2025-buenos-aires-partido-nuevo-buenos-aires-15,2025-buenos-aires-partido-nuevo-buenos-aires,diputados-2025,Buenos Aires,15,"CABELLO, ALEJANDRO ROGELIO",false,,,
2025-buenos-aires-partido-nuevo-buenos-aires-16,2025-buenos-aires-partido-nuevo-buenos-aires,diputados-2025,Buenos Aires,16,"ICK, SANDRA PATRICIA",false,,,
2025-buenos-aires-partido-nuevo-buenos-aires-17,2025-buenos-aires-partido-nuevo-buenos-aires,diputados-2025,Buenos Aires,17,"MARTOS, LUCIANO CARMELO",false,,,
2025-buenos-aires-partido-nuevo-buenos-aires-18,2025-buenos-aires-partido-nuevo-buenos-aires,diputados-2025,Buenos Aires,18,"ALBORNOZ, SOLEDAD CATALINA",false,,,
2025-buenos-aires-partido-nuevo-buenos-aires-19,2025-buenos-aires-partido-nuevo-buenos-aires,diputados-2025,Buenos Aires,19,"MARTIN, DANIEL",false,,,
2025-buenos-aires-partido-nuevo-buenos-aires-20,2025-buenos-aires-partido-nuevo-buenos-aires,diputados-2025,Buenos Aires,20,"PACENTI, MARIA JOSE DEOLINDA",false,,,
2025-buenos-aires-partido-nuevo-buenos-aires-21,2025-buenos-aires-partido-nuevo-buenos-aires,diputados-2025,Buenos Aires,21,"EVERARDO, LOPEZ PODESTA SEBASTIAN",false,,,
2025-buenos-aires-partido-nuevo-buenos-aires-22,2025-buenos-aires-partido-nuevo-buenos-aires,diputados-2025,Buenos Aires,22,"DIAZ, VERONICA ANALIA",false,,,
2025-buenos-aires-partido-nuevo-buenos-aires-23,2025-buenos-aires-partido-nuevo-buenos-aires,diputados-2025,Buenos Aires,23,"VICTOR, RODRIGUEZ RAMON",false,,,
2025-buenos-aires-partido-nuevo-buenos-aires-24,2025-buenos-aires-partido-nuevo-buenos-aires,diputados-2025,Buenos Aires,24,"VELAZQUEZ, LAURA SOLEDAD",false,,,
2025-buenos-aires-partido-nuevo-buenos-aires-25,2025-buenos-aires-partido-nuevo-buenos-aires,diputados-2025,Buenos Aires,25,"PREZIOSO, NELSON RAUL",false,,,
2025-buenos-aires-partido-nuevo-buenos-aires-26,2025-buenos-aires-partido-nuevo-buenos-aires,diputados-2025,Buenos Aires,26,"IRIBAS, MARIA VIRGINIA",false,,,
2025-buenos-aires-partido-nuevo-buenos-aires-27,2025-buenos-aires-partido-nuevo-buenos-aires,diputados-2025,Buenos Aires,27,"PACENTI, JOEL ICK",false,,,
2025-buenos-aires-partido-nuevo-buenos-aires-28,2025-buenos-aires-partido-nuevo-buenos-aires,diputados-2025,Buenos Aires,28,"LAMPERT, CECILIA ELINA ESPINOZA",false,,,
2025-buenos-aires-partido-nuevo-buenos-aires-29,2025-buenos-aires-partido-nuevo-buenos-aires,diputados-2025,Buenos Aires,29,"SMITH, ROBERTO OSVALDO",false,,,
2025-buenos-aires-partido-nuevo-buenos-aires-30,2025-buenos-aires-partido-nuevo-buenos-aires,diputados-2025,Buenos Aires,30,"PACENTI, CHIARA",false,,,
2025-buenos-aires-partido-nuevo-buenos-aires-31,2025-buenos-aires-partido-nuevo-buenos-aires,diputados-2025,Buenos Aires,31,"ANSELMINO, PABLO RICARDO",false,,,
2025-buenos-aires-partido-nuevo-buenos-aires-32,2025-buenos-aires-partido-nuevo-buenos-aires,diputados-2025,Buenos Aires,32,"MARTI, CECILIA MARIANA",false,,,
2025-buenos-aires-partido-nuevo-buenos-aires-33,2025-buenos-aires-partido-nuevo-buenos-aires,diputados-2025,Buenos Aires,33,"FRACHETTI, GASTON ALEJANDRO",false,,,
2025-buenos-aires-partido-nuevo-buenos-aires-34,2025-buenos-aires-partido-nuevo-buenos-aires,diputados-2025,Buenos Aires,34,"ALTAMURA, SILVIA MARGARITA",false,,,
2025-buenos-aires-partido-nuevo-buenos-aires-35,2025-buenos-aires-partido-nuevo-buenos-aires,diputados-2025,Buenos Aires,35,"ESCOBAR, DANIEL GERARDO",false,,,
2025-buenos-aires-propuesta-federal-para-el-cambio-01,2025-buenos-aires-propuesta-federal-para-el-cambio,diputados-2025,Buenos Aires,1,"BURLANDO, FERNANDO",false,,,
2025-buenos-aires-propuesta-federal-para-el-cambio-02,2025-buenos-aires-propuesta-federal-para-el-cambio,diputados-2025,Buenos Aires,2,"MARTIN, FABIANA GABRIELA",false,,,
2025-buenos-aires-propuesta-federal-para-el-cambio-03,2025-buenos-aires-propuesta-federal-para-el-cambio,diputados-2025,Buenos Aires,3,"AMENDOLA, FABIAN RAUL",false,,,
2025-buenos-aires-propuesta-federal-para-el-cambio-04,2025-buenos-aires-propuesta-federal-para-el-cambio,diputados-2025,Buenos Aires,4,"PETROFF, SILVIA FABIANA",false,,,
2025-buenos-aires-propuesta-federal-para-el-cambio-05,2025-buenos-aires-propuesta-federal-para-el-cambio,diputados-2025,Buenos Aires,5,"BAÑOS, JAVIER IGNACIO",false,,,
2025-buenos-aires-propuesta-federal-para-el-cambio-06,2025-buenos-aires-propuesta-federal-para-el-cambio,diputados-2025,Buenos Aires,6,"SOSA, VANESA JUDITH",false,,,
2025-buenos-aires-propuesta-federal-para-el-cambio-07,2025-buenos-aires-propuesta-federal-para-el-cambio,diputados-2025,Buenos Aires,7,"GIULIANI, CARLOS ALBERTO",false,,,
2025-buenos-aires-propuesta-federal-para-el-cambio-08,2025-buenos-aires-propuesta-federal-para-el-cambio,diputados-2025,Buenos Aires,8,"PAGANO, MARIA LORENA",false,,,
2025-buenos-aires-propuesta-federal-para-el-cambio-09,2025-buenos-aires-propuesta-federal-para-el-cambio,diputados-2025,Buenos Aires,9,"PEÑA, ADOLFO MARTIN LEGUIZAMON",false,,,
2025-buenos-aires-propuesta-federal-para-el-cambio-10,2025-buenos-aires-propuesta-federal-para-el-cambio,diputados-2025,Buenos Aires,10,"ARRAYGADA, CARINA ALEJANDRA",false,,,
2025-buenos-aires-propuesta-federal-para-el-cambio-11,2025-buenos-aires-propuesta-federal-para-el-cambio,diputados-2025,Buenos Aires,11,"FRANCONE, GERMAN RODRIGO",false,,,
2025-buenos-aires-propuesta-federal-para-el-cambio-12,2025-buenos-aires-propuesta-federal-para-el-cambio,diputados-2025,Buenos Aires,12,"RODRIGUEZ, ALEJANDRA LEONOR",false,,,
2025-buenos-aires-propuesta-federal-para-el-cambio-13,2025-buenos-aires-propuesta-federal-para-el-cambio,diputados-2025,Buenos Aires,13,"SLPIZER, SEBASTIAN LAUTARO FEDERICO",false,,,
2025-buenos-aires-propuesta-federal-para-el-cambio-14,2025-buenos-aires-propuesta-federal-para-el-cambio,diputados-2025,Buenos Aires,14,"LAZO, ROSA DEL VALLE",false,,,
2025-buenos-aires-propuesta-federal-para-el-cambio-15,2025-buenos-aires-propuesta-federal-para-el-cambio,diputados-2025,Buenos Aires,15,"RICCO, CLAUDIO ALEJANDRO PAPASIDERO",false,,,
2025-buenos-aires-propuesta-federal-para-el-cambio-16,2025-buenos-aires-propuesta-federal-para-el-cambio,diputados-2025,Buenos Aires,16,"AYALA, GLORIA VERONICA",false,,,
2025-buenos-aires-propuesta-federal-para-el-cambio-17,2025-buenos-aires-propuesta-federal-para-el-cambio,diputados-2025,Buenos Aires,17,"LECTOUR, VICTOR HUGO",false,,,
2025-buenos-aires-propuesta-federal-para-el-cambio-18,2025-buenos-aires-propuesta-federal-para-el-cambio,diputados-2025,Buenos Aires,18,"FRAU, CAROLINA VERONICA ONZARI",false,,,
2025-buenos-aires-propuesta-federal-para-el-cambio-19,2025-buenos-aires-propuesta-federal-para-el-cambio,diputados-2025,Buenos Aires,19,"ROBLES, NERIO ALFREDO",false,,,
2025-buenos-aires-propuesta-federal-para-el-cambio-20,2025-buenos-aires-propuesta-federal-para-el-cambio,diputados-2025,Buenos Aires,20,"QUINTANA, CELIA ISABEL",false,,,
2025-buenos-aires-propuesta-federal-para-el-cambio-21,2025-buenos-aires-propuesta-federal-para-el-cambio,diputados-2025,Buenos Aires,21,"BALBUENA, GABRIEL DARIO",false,,,
2025-buenos-aires-propuesta-federal-para-el-cambio-22,2025-buenos-aires-propuesta-federal-para-el-cambio,diputados-2025,Buenos Aires,22,"BERRITTELLA, NATALIA",false,,,
2025-buenos-aires-propuesta-federal-para-el-cambio-23,2025-buenos-aires-propuesta-federal-para-el-cambio,diputados-2025,Buenos Aires,23,"CORZO, ADRIAN FLAVIO",false,,,
2025-buenos-aires-propuesta-federal-para-el-cambio-24,2025-buenos-aires-propuesta-federal-para-el-cambio,diputados-2025,Buenos Aires,24,"RAMIREZ, NORMA BEATRIZ",false,,,
2025-buenos-aires-propuesta-federal-para-el-cambio-25,2025-buenos-aires-propuesta-federal-para-el-cambio,diputados-2025,Buenos Aires,25,"SERUSI, ADRIAN DANIEL",false,,,
2025-buenos-aires-propuesta-federal-para-el-cambio-26,2025-buenos-aires-propuesta-federal-para-el-cambio,diputados-2025,Buenos Aires,26,"SAUCEDO, GRISELDA HAYDEE",false,,,
2025-buenos-aires-propuesta-federal-para-el-cambio-27,2025-buenos-aires-propuesta-federal-para-el-cambio,diputados-2025,Buenos Aires,27,"MAGNO, JONATAN OSCAR",false,,,
2025-buenos-aires-propuesta-federal-para-el-cambio-28,2025-buenos-aires-propuesta-federal-para-el-cambio,diputados-2025,Buenos Aires,28,"VELOSO, VIVIANA ANDREA",false,,,
2025-buenos-aires-propuesta-federal-para-el-cambio-29,2025-buenos-aires-propuesta-federal-para-el-cambio,diputados-2025,Buenos Aires,29,"GONZALEZ, PABLO ARIEL",false,,,
2025-buenos-aires-propuesta-federal-para-el-cambio-30,2025-buenos-aires-propuesta-federal-para-el-cambio,diputados-2025,Buenos Aires,30,"FELLET, GABRIELA FERNANDA",false,,,
2025-buenos-aires-propuesta-federal-para-el-cambio-31,2025-buenos-aires-propuesta-federal-para-el-cambio,diputados-2025,Buenos Aires,31,"TREJO, EDUARDO ERNESTO",false,,,
2025-buenos-aires-propuesta-federal-para-el-cambio-32,2025-buenos-aires-propuesta-federal-para-el-cambio,diputados-2025,Buenos Aires,32,"PORTA, GABRIELA ALEJANDRA",false,,,
2025-buenos-aires-propuesta-federal-para-el-cambio-33,2025-buenos-aires-propuesta-federal-para-el-cambio,diputados-2025,Buenos Aires,33,"LANZINI, SERGIO LUIS",false,,,
2025-buenos-aires-propuesta-federal-para-el-cambio-34,2025-buenos-aires-propuesta-federal-para-el-cambio,diputados-2025,Buenos Aires,34,"ROMERO, ELENA LIDIA",false,,,
2025-buenos-aires-propuesta-federal-para-el-cambio-35,2025-buenos-aires-propuesta-federal-para-el-cambio,diputados-2025,Buenos Aires,35,"ARRAYGADA, EZEQUIEL OMAR",false,,,
2025-buenos-aires-union-liberal-01,2025-buenos-aires-union-liberal,diputados-2025,Buenos Aires,1,"CACHANOSKY, ROBERTO HORACIO",false,,,
2025-buenos-aires-union-liberal-02,2025-buenos-aires-union-liberal,diputados-2025,Buenos Aires,2,"ROMARIZ, GRISELDA MIRIAN",false,,,
2025-buenos-aires-union-liberal-03,2025-buenos-aires-union-liberal,diputados-2025,Buenos Aires,3,"BONTEMPO, HUGO EDUARDO",false,,,
2025-buenos-aires-union-liberal-04,2025-buenos-aires-union-liberal,diputados-2025,Buenos Aires,4,"HELTNER, PATRICIA MARCELA",false,,,
2025-buenos-aires-union-liberal-05,2025-buenos-aires-union-liberal,diputados-2025,Buenos Aires,5,"MANSILLA, ALEJANDRO RAUL",false,,,
2025-buenos-aires-union-liberal-06,2025-buenos-aires-union-liberal,diputados-2025,Buenos Aires,6,"MARTIN, EVANGELINA NOEMI",false,,,
2025-buenos-aires-union-liberal-07,2025-buenos-aires-union-liberal,diputados-2025,Buenos Aires,7,"SORACI, FRANCISCO ANTONIO",false,,,
2025-buenos-aires-union-liberal-08,2025-buenos-aires-union-liberal,diputados-2025,Buenos Aires,8,"LEGUIZAMON, MONICA ALEJANDRA",false,,,
2025-buenos-aires-union-liberal-09,2025-buenos-aires-union-liberal,diputados-2025,Buenos Aires,9,"PANEBIANCO, LEONARDO MAXIMILIANO",false,,,
2025-buenos-aires-union-liberal-10,2025-buenos-aires-union-liberal,diputados-2025,Buenos Aires,10,"TORRES, VANESSA MARIEL SPINOLA",false,,,
2025-buenos-aires-union-liberal-11,2025-buenos-aires-union-liberal,diputados-2025,Buenos Aires,11,"LEON, CRISTIAN SEBASTIAN",false,,,
2025-buenos-aires-union-liberal-12,2025-buenos-aires-union-liberal,diputados-2025,Buenos Aires,12,"TROTTA, ROMINA VICTORIA",false,,,
2025-buenos-aires-union-liberal-13,2025-buenos-aires-union-liberal,diputados-2025,Buenos Aires,13,"PALACIOS, RAMON ARGENTINO",false,,,
2025-buenos-aires-union-liberal-14,2025-buenos-aires-union-liberal,diputados-2025,Buenos Aires,14,"GIANGRANDE, BIANCA",false,,,
2025-buenos-aires-union-liberal-15,2025-buenos-aires-union-liberal,diputados-2025,Buenos Aires,15,"ESTRADA, FRANCISCO SICARDI DE",false,,,
2025-buenos-aires-union-liberal-16,2025-buenos-aires-union-liberal,diputados-2025,Buenos Aires,16,"ESPINOSA, CLARA LORENA",false,,,
2025-buenos-aires-union-liberal-17,2025-buenos-aires-union-liberal,diputados-2025,Buenos Aires,17,"CENTURION, JORGE",false,,,
2025-buenos-aires-union-liberal-18,2025-buenos-aires-union-liberal,diputados-2025,Buenos Aires,18,"VERA, MARIA LAURA MONTENEGRO",false,,,
2025-buenos-aires-union-liberal-19,2025-buenos-aires-union-liberal,diputados-2025,Buenos Aires,19,"DIAZ, GUSTAVO ADOLFO",false,,,
2025-buenos-aires-union-liberal-20,2025-buenos-aires-union-liberal,diputados-2025,Buenos Aires,20,"SPITTELER, ERIKA ROMINA",false,,,
2025-buenos-aires-union-liberal-21,2025-buenos-aires-union-liberal,diputados-2025,Buenos Aires,21,"CAROLA, MARCELO DANIEL",false,,,
2025-buenos-aires-union-liberal-22,2025-buenos-aires-union-liberal,diputados-2025,Buenos Aires,22,"MARCELINO, DORA ELIZABETH",false,,,
2025-buenos-aires-union-liberal-23,2025-buenos-aires-union-liberal,diputados-2025,Buenos Aires,23,"GIMENEZ, CLAUDIO DANIEL",false,,,
2025-buenos-aires-union-liberal-24,2025-buenos-aires-union-liberal,diputados-2025,Buenos Aires,24,"FERNANDEZ, MONICA PATRICIA",false,,,
2025-buenos-aires-union-liberal-25,2025-buenos-aires-union-liberal,diputados-2025,Buenos Aires,25,"SANTILLAN, HORACIO ALEJANDRO",false,,,
2025-buenos-aires-union-liberal-26,2025-buenos-aires-union-liberal,diputados-2025,Buenos Aires,26,"MARIOTTI, NATALIA LAURA",false,,,
2025-buenos-aires-union-liberal-27,2025-buenos-aires-union-liberal,diputados-2025,Buenos Aires,27,"CASAL, ROBERTO GUILLERMO",false,,,
2025-buenos-aires-union-liberal-28,2025-buenos-aires-union-liberal,diputados-2025,Buenos Aires,28,"CASAL, ALICIA LIDIA",false,,,
2025-buenos-aires-union-liberal-29,2025-buenos-aires-union-liberal,diputados-2025,Buenos Aires,29,"HARENDORF, CARLOS DANIEL",false,,,
2025-buenos-aires-union-liberal-30,2025-buenos-aires-union-liberal,diputados-2025,Buenos Aires,30,"MEDINA, ALICIA MAGDALENA RIVERO",false,,,
2025-buenos-aires-union-liberal-31,2025-buenos-aires-union-liberal,diputados-2025,Buenos Aires,31,"FERRARIO, MATIAS",false,,,
2025-buenos-aires-union-liberal-32,2025-buenos-aires-union-liberal,diputados-2025,Buenos Aires,32,"MARGA, ROXANA LAURA",false,,,
2025-buenos-aires-union-liberal-33,2025-buenos-aires-union-liberal,diputados-2025,Buenos Aires,33,"BUSTAMANTE, JOSE FERNANDO",false,,,
2025-buenos-aires-union-liberal-34,2025-buenos-aires-union-liberal,diputados-2025,Buenos Aires,34,"MRACA, MARISA LORENA",false,,,
2025-buenos-aires-union-liberal-35,2025-buenos-aires-union-liberal,diputados-2025,Buenos Aires,35,"BUSTOS, SEBASTIAN MANUEL VILAS",false,,,
2025-caba-ciudadanos-unidos-01,2025-caba-ciudadanos-unidos,diputados-2025,CABA,1,"LOUSTEAU, MARTIN",true,HCDN1043,exact,2025-12-10
2025-caba-ciudadanos-unidos-02,2025-caba-ciudadanos-unidos,diputados-2025,CABA,2,"PICCOLI, PIERA AGOSTINA FERNANDEZ DE",false,,,
2025-caba-ciudadanos-unidos-03,2025-caba-ciudadanos-unidos,diputados-2025,CABA,3,"MARANGONI, GUSTAVO MARCELO",false,,,
2025-caba-ciudadanos-unidos-04,2025-caba-ciudadanos-unidos,diputados-2025,CABA,4,"BARRETO, JESSICA SOLEDAD",false,,,
2025-caba-ciudadanos-unidos-05,2025-caba-ciudadanos-unidos,diputados-2025,CABA,5,"CORTINA, ROBERT VINCENT",false,,,
2025-caba-ciudadanos-unidos-06,2025-caba-ciudadanos-unidos,diputados-2025,CABA,6,"MARTINEZ, MARIA DOLORES",false,,,
2025-caba-ciudadanos-unidos-07,2025-caba-ciudadanos-unidos,diputados-2025,CABA,7,"ALFONSIN, JUAN",false,,,
2025-caba-ciudadanos-unidos-08,2025-caba-ciudadanos-unidos,diputados-2025,CABA,8,"NAZARYAN, NVARD",false,,,
2025-caba-ciudadanos-unidos-09,2025-caba-ciudadanos-unidos,diputados-2025,CABA,9,"MOLA, GUSTAVO ALEJANDRO",false,,,
2025-caba-ciudadanos-unidos-10,2025-caba-ciudadanos-unidos,diputados-2025,CABA,10,"CASERES, PATRICIA ALEJANDRA",false,,,
2025-caba-ciudadanos-unidos-11,2025-caba-ciudadanos-unidos,diputados-2025,CABA,11,"CARZOGLIO, AUGUSTO ALEJANDRO",false,,,
2025-caba-ciudadanos-unidos-12,2025-caba-ciudadanos-unidos,diputados-2025,CABA,12,"STUCHLIK, SILVIA ALEJANDRA",false,,,
2025-caba-ciudadanos-unidos-13,2025-caba-ciudadanos-unidos,diputados-2025,CABA,13,"SARRAF, RAMIRO FERNANDEZ",false,,,
2025-caba-frente-de-izquierda-y-de-trabajadores-unidad-01,2025-caba-frente-de-izquierda-y-de-trabajadores-unidad,diputados-2025,CABA,1,"BREGMAN, MYRIAM TERESA",true,HCDN1435,exact,2025-12-10
2025-caba-frente-de-izquierda-y-de-trabajadores-unidad-02,2025-caba-frente-de-izquierda-y-de-trabajadores-unidad,diputados-2025,CABA,2,"SOLANO, GABRIEL ESTEBAN",false,,,
2025-caba-frente-de-izquierda-y-de-trabajadores-unidad-03,2025-caba-frente-de-izquierda-y-de-trabajadores-unidad,diputados-2025,CABA,3,"MENDIETA, MARIA DE LAS MERCEDES DE",false,,,
2025-caba-frente-de-izquierda-y-de-trabajadores-unidad-04,2025-caba-frente-de-izquierda-y-de-trabajadores-unidad,diputados-2025,CABA,4,"CORRO, PATRICIO DEL",false,,,
2025-caba-frente-de-izquierda-y-de-trabajadores-unidad-05,2025-caba-frente-de-izquierda-y-de-trabajadores-unidad,diputados-2025,CABA,5,"FIERRO, MARIA CELESTE",false,,,
2025-caba-frente-de-izquierda-y-de-trabajadores-unidad-06,2025-caba-frente-de-izquierda-y-de-trabajadores-unidad,diputados-2025,CABA,6,"ROSA, MARIANO SEBASTIAN",false,,,
2025-caba-frente-de-izquierda-y-de-trabajadores-unidad-07,2025-caba-frente-de-izquierda-y-de-trabajadores-unidad,diputados-2025,CABA,7,"BIASI, VANINA NATALIA",false,,,
2025-caba-frente-de-izquierda-y-de-trabajadores-unidad-08,2025-caba-frente-de-izquierda-y-de-trabajadores-unidad,diputados-2025,CABA,8,"ALMEIDA, PABLO FERNANDO",false,,,
2025-caba-frente-de-izquierda-y-de-trabajadores-unidad-09,2025-caba-frente-de-izquierda-y-de-trabajadores-unidad,diputados-2025,CABA,9,"OLIVERIO, LOURDES",false,,,
2025-caba-frente-de-izquierda-y-de-trabajadores-unidad-10,2025-caba-frente-de-izquierda-y-de-trabajadores-unidad,diputados-2025,CABA,10,"PUY, FEDERICO RAUL",false,,,
2025-caba-frente-de-izquierda-y-de-trabajadores-unidad-11,2025-caba-frente-de-izquierda-y-de-trabajadores-unidad,diputados-2025,CABA,11,"RODRIGUEZ, MARIA CARLA",false,,,
2025-caba-frente-de-izquierda-y-de-trabajadores-unidad-12,2025-caba-frente-de-izquierda-y-de-trabajadores-unidad,diputados-2025,CABA,12,"SAAVEDRA, DIEGO RUBEN",false,,,
2025-caba-frente-de-izquierda-y-de-trabajadores-unidad-13,2025-caba-frente-de-izquierda-y-de-trabajadores-unidad,diputados-2025,CABA,13,"CELOTTO, ILEANA AMANDA ELENA LIDIA",false,,,
2025-caba-frente-patriota-federal-01,2025-caba-frente-patriota-federal,diputados-2025,CABA,1,"BIONDINI, ALEJANDRO CESAR",false,,,
2025-caba-frente-patriota-federal-02,2025-caba-frente-patriota-federal,diputados-2025,CABA,2,"LOZADA, CINTIA LORENA",false,,,
2025-caba-frente-patriota-federal-03,2025-caba-frente-patriota-federal,diputados-2025,CABA,3,"ROSAS, FEDERICO PATRICIO",false,,,
2025-caba-frente-patriota-federal-04,2025-caba-frente-patriota-federal,diputados-2025,CABA,4,"CORIA, SABRINA SOLEDAD MANSILLA",false,,,
2025-caba-frente-patriota-federal-05,2025-caba-frente-patriota-federal,diputados-2025,CABA,5,"ZELENEÑKI, DANIEL ALEJANDRO",false,,,
2025-caba-frente-patriota-federal-06,2025-caba-frente-patriota-federal,diputados-2025,CABA,6,"AUCE, GLADYS FABIANA",false,,,
2025-caba-frente-patriota-federal-07,2025-caba-frente-patriota-federal,diputados-2025,CABA,7,"JAIME, HECTOR DANIEL",false,,,
2025-caba-frente-patriota-federal-08,2025-caba-frente-patriota-federal,diputados-2025,CABA,8,"JAVORCIC, SILVIA CRISTINA",false,,,
2025-caba-frente-patriota-federal-09,2025-caba-frente-patriota-federal,diputados-2025,CABA,9,"PADULA, LEANDRO NICOLAS",false,,,
2025-caba-frente-patriota-federal-10,2025-caba-frente-patriota-federal,diputados-2025,CABA,10,"DUFOUR, LORENA GRETEL BARCIA",false,,,
2025-caba-frente-patriota-federal-11,2025-caba-frente-patriota-federal,diputados-2025,CABA,11,"RECAREY, DIEGO ALEJANDRO FLORENCIO",false,,,
2025-caba-frente-patriota-federal-12,2025-caba-frente-patriota-federal,diputados-2025,CABA,12,"CARDOZO, ANALIA VERONICA",false,,,
2025-caba-frente-patriota-federal-13,2025-caba-frente-patriota-federal,diputados-2025,CABA,13,"BLANCO, NICOLAS OMAR",false,,,
2025-caba-fuerza-patria-01,2025-caba-fuerza-patria,diputados-2025,CABA,1,"HAGMAN, ITAI",true,HCDN2804,exact,2025-12-10
2025-caba-fuerza-patria-02,2025-caba-fuerza-patria,diputados-2025,CABA,2,"KISMER, RAQUEL CECILIA",false,,,
2025-caba-fuerza-patria-03,2025-caba-fuerza-patria,diputados-2025,CABA,3,"ROBERTO, SANTIAGO LUIS",true,HCDN3167,exact,2025-12-10
2025-caba-fuerza-patria-04,2025-caba-fuerza-patria,diputados-2025,CABA,4,"CÁMPORA, LUCIA",true,HCDN3174,exact,2025-12-10
2025-caba-fuerza-patria-05,2025-caba-fuerza-patria,diputados-2025,CABA,5,"GIACOMINI, ERNESTO ANDRES",false,,,
2025-caba-fuerza-patria-06,2025-caba-fuerza-patria,diputados-2025,CABA,6,"BRAWER, MARA",false,,,
2025-caba-fuerza-patria-07,2025-caba-fuerza-patria,diputados-2025,CABA,7,"TUFARO, JUAN JOSE",false,,,
2025-caba-fuerza-patria-08,2025-caba-fuerza-patria,diputados-2025,CABA,8,"SALVO, NATALIA BELEN",false,,,
2025-caba-fuerza-patria-09,2025-caba-fuerza-patria,diputados-2025,CABA,9,"MENDELOVICH, GUSTAVO DAMIAN",false,,,
2025-caba-fuerza-patria-10,2025-caba-fuerza-patria,diputados-2025,CABA,10,"CANCELA, LUCIA",false,,,
2025-caba-fuerza-patria-11,2025-caba-fuerza-patria,diputados-2025,CABA,11,"MAURO, JUAN MANUEL",false,,,
2025-caba-fuerza-patria-12,2025-caba-fuerza-patria,diputados-2025,CABA,12,"AGUDIN, AGOSTINA",false,,,
2025-caba-fuerza-patria-13,2025-caba-fuerza-patria,diputados-2025,CABA,13,"SICILIANO, DANIEL ROBERTO",false,,,
2025-caba-gen-01,2025-caba-gen,diputados-2025,CABA,1,"ABREVAYA, SERGIO FERNANDO",false,,,
2025-caba-gen-02,2025-caba-gen,diputados-2025,CABA,2,"DIROLLI, VIVIANA ANDREA",false,,,
2025-caba-gen-03,2025-caba-gen,diputados-2025,CABA,3,"BORGNA, MARTIN SANTIAGO",false,,,
2025-caba-gen-04,2025-caba-gen,diputados-2025,CABA,4,"BIGLIONE, MIRNA MARCELA",false,,,
2025-caba-gen-05,2025-caba-gen,diputados-2025,CABA,5,"GRIL, FERNANDO",false,,,
2025-caba-gen-06,2025-caba-gen,diputados-2025,CABA,6,"VEGA, IVANA GISELLE GONZALEZ DE LA",false,,,
2025-caba-gen-07,2025-caba-gen,diputados-2025,CABA,7,"INSUA, MARCELO EUGENIO",false,,,
2025-caba-gen-08,2025-caba-gen,diputados-2025,CABA,8,"ETCHEGARAY, ANA LIA",false,,,
2025-caba-gen-09,2025-caba-gen,diputados-2025,CABA,9,"CORNAGLIA, EMILIO",false,,,
2025-caba-gen-10,2025-caba-gen,diputados-2025,CABA,10,"ROA, MANUELA VICTORIA FERNANDEZ",false,,,
2025-caba-gen-11,2025-caba-gen,diputados-2025,CABA,11,"HEMSANI, SERGIO DANIEL",false,,,
2025-caba-gen-12,2025-caba-gen,diputados-2025,CABA,12,"TAKARA, SOL CAROLA",false,,,
2025-caba-gen-13,2025-caba-gen,diputados-2025,CABA,13,"BERTANI, FERNANDO NESTOR",false,,,
2025-caba-hagamos-futuro-01,2025-caba-hagamos-futuro,diputados-2025,CABA,1,"REYES, HERNAN LEANDRO",false,,,
2025-caba-hagamos-futuro-02,2025-caba-hagamos-futuro,diputados-2025,CABA,2,"FERRERO, MARIA CECILIA",false,,,
2025-caba-hagamos-futuro-03,2025-caba-hagamos-futuro,diputados-2025,CABA,3,"GIORNO, JORGE ALBERTO",false,,,
2025-caba-hagamos-futuro-04,2025-caba-hagamos-futuro,diputados-2025,CABA,4,"PACE, MARÍA SILVIA",false,,,
2025-caba-hagamos-futuro-05,2025-caba-hagamos-futuro,diputados-2025,CABA,5,"GAISO, JUAN FACUNDO DEL",false,,,
2025-caba-hagamos-futuro-06,2025-caba-hagamos-futuro,diputados-2025,CABA,6,"SQUETINO, VANINA",false,,,
2025-caba-hagamos-futuro-07,2025-caba-hagamos-futuro,diputados-2025,CABA,7,"DIAZ, JUAN FRANCISCO ROSATI",false,,,
2025-caba-hagamos-futuro-08,2025-caba-hagamos-futuro,diputados-2025,CABA,8,"AULITA, SOLEDAD GISELA",false,,,
2025-caba-hagamos-futuro-09,2025-caba-hagamos-futuro,diputados-2025,CABA,9,"BALCARCE, ANDRÉS GONZALEZ",false,,,
2025-caba-hagamos-futuro-10,2025-caba-hagamos-futuro,diputados-2025,CABA,10,"MARKARIAN, FLORENCIA ANY",false,,,
2025-caba-hagamos-futuro-11,2025-caba-hagamos-futuro,diputados-2025,CABA,11,"FALCON, DIEGO NORBERTO",false,,,
2025-caba-hagamos-futuro-12,2025-caba-hagamos-futuro,diputados-2025,CABA,12,"MACHIN, MONICA LILIANA",false,,,
2025-caba-hagamos-futuro-13,2025-caba-hagamos-futuro,diputados-2025,CABA,13,"HUERGO, DELFIN MANUEL",false,,,
2025-caba-instrumento-electoral-por-la-unidad-popular-01,2025-caba-instrumento-electoral-por-la-unidad-popular,diputados-2025,CABA,1,"LOZANO, CLAUDIO RAUL",false,,,
2025-caba-instrumento-electoral-por-la-unidad-popular-02,2025-caba-instrumento-electoral-por-la-unidad-popular,diputados-2025,CABA,2,"KOUTSOVITIS, MARIA EVA",false,,,
2025-caba-instrumento-electoral-por-la-unidad-popular-03,2025-caba-instrumento-electoral-por-la-unidad-popular,diputados-2025,CABA,3,"BALDIVIEZO, JONATAN EMANUEL",false,,,
2025-caba-instrumento-electoral-por-la-unidad-popular-04,2025-caba-instrumento-electoral-por-la-unidad-popular,diputados-2025,CABA,4,"MARCO, NINA ISABEL BRUGO",false,,,
2025-caba-instrumento-electoral-por-la-unidad-popular-05,2025-caba-instrumento-electoral-por-la-unidad-popular,diputados-2025,CABA,5,"BERGEL, PABLO",false,,,
2025-caba-instrumento-electoral-por-la-unidad-popular-06,2025-caba-instrumento-electoral-por-la-unidad-popular,diputados-2025,CABA,6,"ARROYO, MYRIAM LEONOR GODOY",false,,,
2025-caba-instrumento-electoral-por-la-unidad-popular-07,2025-caba-instrumento-electoral-por-la-unidad-popular,diputados-2025,CABA,7,"PARRA, SERGIO DANIEL",false,,,
2025-caba-instrumento-electoral-por-la-unidad-popular-08,2025-caba-instrumento-electoral-por-la-unidad-popular,diputados-2025,CABA,8,"SALINAS, MAGDALENA SOLEDAD",false,,,
2025-caba-instrumento-electoral-por-la-unidad-popular-09,2025-caba-instrumento-electoral-por-la-unidad-popular,diputados-2025,CABA,9,"PENA, JOSE MARIA",false,,,
2025-caba-instrumento-electoral-por-la-unidad-popular-10,2025-caba-instrumento-electoral-por-la-unidad-popular,diputados-2025,CABA,10,"ZIRULNIKOFF, MAGALÍ",false,,,
2025-caba-instrumento-electoral-por-la-unidad-popular-11,2025-caba-instrumento-electoral-por-la-unidad-popular,diputados-2025,CABA,11,"SCALLY, CARLOS EDUARDO",false,,,
2025-caba-instrumento-electoral-por-la-unidad-popular-12,2025-caba-instrumento-electoral-por-la-unidad-popular,diputados-2025,CABA,12,"POZZUTO, SOLEDAD",false,,,
2025-caba-instrumento-electoral-por-la-unidad-popular-13,2025-caba-instrumento-electoral-por-la-unidad-popular,diputados-2025,CABA,13,"DIAZ, RAUL HUMBERTO",false,,,
2025-caba-integrar-01,2025-caba-integrar,diputados-2025,CABA,1,"GARCIA, CLAUDIO OMAR",false,,,
2025-caba-integrar-02,2025-caba-integrar,diputados-2025,CABA,2,"BALESTRA, GRACIELA CLAUDIA",false,,,
2025-caba-integrar-03,2025-caba-integrar,diputados-2025,CABA,3,"AMOROSO, VICTOR DANIEL",false,,,
2025-caba-integrar-04,2025-caba-integrar,diputados-2025,CABA,4,"PRIETO, NILDA ESTER",false,,,
2025-caba-integrar-05,2025-caba-integrar,diputados-2025,CABA,5,"MASSUD, GUSTAVO OSMAN",false,,,
2025-caba-integrar-06,2025-caba-integrar,diputados-2025,CABA,6,"DELLACASA, FLORENCIA LARA",false,,,
2025-caba-integrar-07,2025-caba-integrar,diputados-2025,CABA,7,"BORREGO, GERMAN ANDRES",false,,,
2025-caba-integrar-08,2025-caba-integrar,diputados-2025,CABA,8,"BECERRA, ANA CLARA",false,,,
2025-caba-integrar-09,2025-caba-integrar,diputados-2025,CABA,9,"NATERO, CRISTIAN URIEL",false,,,
2025-caba-integrar-10,2025-caba-integrar,diputados-2025,CABA,10,"MERLO, ADRIANA EDITH",false,,,
2025-caba-integrar-11,2025-caba-integrar,diputados-2025,CABA,11,"MONTALDO, CARLOS GUILLERMO",false,,,
2025-caba-integrar-12,2025-caba-integrar,diputados-2025,CABA,12,"SALAZAR, ALDANA PAOLA",false,,,
2025-caba-integrar-13,2025-caba-integrar,diputados-2025,CABA,13,"GIOTTI, ADRIAN MARCOS",false,,,
2025-caba-la-izquierda-en-la-ciudad-01,2025-caba-la-izquierda-en-la-ciudad,diputados-2025,CABA,1,"WINOKUR, FEDERICO",false,,,
2025-caba-la-izquierda-en-la-ciudad-02,2025-caba-la-izquierda-en-la-ciudad,diputados-2025,CABA,2,"ALONSO, VIOLETA AZRIEL",false,,,
2025-caba-la-izquierda-en-la-ciudad-03,2025-caba-la-izquierda-en-la-ciudad,diputados-2025,CABA,3,"BRITO, MATÍAS EMILIANO",false,,,
2025-caba-la-izquierda-en-la-ciudad-04,2025-caba-la-izquierda-en-la-ciudad,diputados-2025,CABA,4,"KRAMER, MARIANA RUEDA",false,,,
2025-caba-la-izquierda-en-la-ciudad-05,2025-caba-la-izquierda-en-la-ciudad,diputados-2025,CABA,5,"LEIVA, ENRIQUE ALEJANDRO",false,,,
2025-caba-la-izquierda-en-la-ciudad-06,2025-caba-la-izquierda-en-la-ciudad,diputados-2025,CABA,6,"HAEBERER, NATACHA",false,,,
2025-caba-la-izquierda-en-la-ciudad-07,2025-caba-la-izquierda-en-la-ciudad,diputados-2025,CABA,7,"AZRIEL, ROBERTO DAVID",false,,,
2025-caba-la-izquierda-en-la-ciudad-08,2025-caba-la-izquierda-en-la-ciudad,diputados-2025,CABA,8,"WALDMAN, LUCIA",false,,,
2025-caba-la-izquierda-en-la-ciudad-09,2025-caba-la-izquierda-en-la-ciudad,diputados-2025,CABA,9,"PARRA, ROQUE DARIO",false,,,
2025-caba-la-izquierda-en-la-ciudad-10,2025-caba-la-izquierda-en-la-ciudad,diputados-2025,CABA,10,"ATTADIA, SOL",false,,,
2025-caba-la-izquierda-en-la-ciudad-11,2025-caba-la-izquierda-en-la-ciudad,diputados-2025,CABA,11,"LUCIANO, JULIAN NAHUEL",false,,,
2025-caba-la-izquierda-en-la-ciudad-12,2025-caba-la-izquierda-en-la-ciudad,diputados-2025,CABA,12,"ARGUELLO, LEILA SOLEDAD",false,,,
2025-caba-la-izquierda-en-la-ciudad-13,2025-caba-la-izquierda-en-la-ciudad,diputados-2025,CABA,13,"CALDERON, JUAN PABLO PARDO",false,,,
2025-caba-la-libertad-avanza-01,2025-caba-la-libertad-avanza,diputados-2025,CABA,1,"FARGOSI, ALEJANDRO EDUARDO",true,HCDN3252,exact,2025-12-10
2025-caba-la-libertad-avanza-02,2025-caba-la-libertad-avanza,diputados-2025,CABA,2,"HOLZMAN, PATRICIA NOEMI",true,HCDN3232,exact,2025-12-10
2025-caba-la-libertad-avanza-03,2025-caba-la-libertad-avanza,diputados-2025,CABA,3,"EMMA, NICOLAS MARIO",true,HCDN3024,exact,2025-12-10
2025-caba-la-libertad-avanza-04,2025-caba-la-libertad-avanza,diputados-2025,CABA,4,"AJMECHET, SABRINA CARLOTA",true,HCDN2916,exact,2025-12-10
2025-caba-la-libertad-avanza-05,2025-caba-la-libertad-avanza,diputados-2025,CABA,5,"ANDREIS, FERNANDO DE",true,HCDN3253,exact,2025-12-10
2025-caba-la-libertad-avanza-06,2025-caba-la-libertad-avanza,diputados-2025,CABA,6,"GIAMPIERI, ANTONELA",true,HCDN3169,exact,2025-12-10
2025-caba-la-libertad-avanza-07,2025-caba-la-libertad-avanza,diputados-2025,CABA,7,"LEONE, ANDRES MARCELO",true,HCDN3189,exact,2025-12-10
2025-caba-la-libertad-avanza-08,2025-caba-la-libertad-avanza,diputados-2025,CABA,8,"TRIMARCHI, VALERIA PATRICIA RODRIGUES",false,,,
2025-caba-la-libertad-avanza-09,2025-caba-la-libertad-avanza,diputados-2025,CABA,9,"PEDROSA, FERNANDO HECTOR",false,,,
2025-caba-la-libertad-avanza-10,2025-caba-la-libertad-avanza,diputados-2025,CABA,10,"ARAUJO, MARIA FERNANDA",false,,,
2025-caba-la-libertad-avanza-11,2025-caba-la-libertad-avanza,diputados-2025,CABA,11,"SAPONARO, LAUTARO DIEGO",false,,,
2025-caba-la-libertad-avanza-12,2025-caba-la-libertad-avanza,diputados-2025,CABA,12,"LINIK, PALOMA DANIELA",false,,,
2025-caba-la-libertad-avanza-13,2025-caba-la-libertad-avanza,diputados-2025,CABA,13,"BENSUSAN, JUAN MANUEL",false,,,
2025-caba-movimiento-de-jubilados-y-juventud-01,2025-caba-movimiento-de-jubilados-y-juventud,diputados-2025,CABA,1,"KATZ, GABRIEL ALEJANDRO",false,,,
2025-caba-movimiento-de-jubilados-y-juventud-02,2025-caba-movimiento-de-jubilados-y-juventud,diputados-2025,CABA,2,"MAFFIA, DIANA HELENA",false,,,
2025-caba-movimiento-de-jubilados-y-juventud-03,2025-caba-movimiento-de-jubilados-y-juventud,diputados-2025,CABA,3,"YAÑEZ, GABRIEL PURICELLI",false,,,
2025-caba-movimiento-de-jubilados-y-juventud-04,2025-caba-movimiento-de-jubilados-y-juventud,diputados-2025,CABA,4,"RACHID, MARIA DE LA CRUZ",false,,,
2025-caba-movimiento-de-jubilados-y-juventud-05,2025-caba-movimiento-de-jubilados-y-juventud,diputados-2025,CABA,5,"NUÑEZ, PEDRO FERNANDO",false,,,
2025-caba-movimiento-de-jubilados-y-juventud-06,2025-caba-movimiento-de-jubilados-y-juventud,diputados-2025,CABA,6,"LLOBET, VALERIA SILVANA",false,,,
2025-caba-movimiento-de-jubilados-y-juventud-07,2025-caba-movimiento-de-jubilados-y-juventud,diputados-2025,CABA,7,"HELIEN, ADRIAN OMAR",false,,,
2025-caba-movimiento-de-jubilados-y-juventud-08,2025-caba-movimiento-de-jubilados-y-juventud,diputados-2025,CABA,8,"ODETTI, VALERIA KARINA",false,,,
2025-caba-movimiento-de-jubilados-y-juventud-09,2025-caba-movimiento-de-jubilados-y-juventud,diputados-2025,CABA,9,"ANGELO, JULIAN LEONARDO D",false,,,
2025-caba-movimiento-de-jubilados-y-juventud-10,2025-caba-movimiento-de-jubilados-y-juventud,diputados-2025,CABA,10,"WORTMAN, ANA ELISA",false,,,
2025-caba-movimiento-de-jubilados-y-juventud-11,2025-caba-movimiento-de-jubilados-y-juventud,diputados-2025,CABA,11,"GRAÑA, JUAN MARTIN",false,,,
2025-caba-movimiento-de-jubilados-y-juventud-12,2025-caba-movimiento-de-jubilados-y-juventud,diputados-2025,CABA,12,"PUCH, SILVIA INES SANCHEZ",false,,,
2025-caba-movimiento-de-jubilados-y-juventud-13,2025-caba-movimiento-de-jubilados-y-juventud,diputados-2025,CABA,13,"SUAREZ, FERNANDO MANUEL",false,,,
2025-caba-movimiento-plural-01,2025-caba-movimiento-plural,diputados-2025,CABA,1,"PERETTA, MARCELO DANIEL",false,,,
2025-caba-movimiento-plural-02,2025-caba-movimiento-plural,diputados-2025,CABA,2,"ARCE, JIMENA CASTIÑEIRA",false,,,
2025-caba-movimiento-plural-03,2025-caba-movimiento-plural,diputados-2025,CABA,3,"PERALTA, JORGE SEGUNDO PORCEL DE",false,,,
2025-caba-movimiento-plural-04,2025-caba-movimiento-plural,diputados-2025,CABA,4,"NIETO, ELSA AURORA",false,,,
2025-caba-movimiento-plural-05,2025-caba-movimiento-plural,diputados-2025,CABA,5,"FERRI, JORGE ROSARIO",false,,,
2025-caba-movimiento-plural-06,2025-caba-movimiento-plural,diputados-2025,CABA,6,"GOMEZ, CECILIA MARIA MARGARITA CONTRERAS",false,,,
2025-caba-movimiento-plural-07,2025-caba-movimiento-plural,diputados-2025,CABA,7,"LUDUEÑA, DIEGO HERNAN",false,,,
2025-caba-movimiento-plural-08,2025-caba-movimiento-plural,diputados-2025,CABA,8,"STARKER, MALVINA LILIANA",false,,,
2025-caba-movimiento-plural-09,2025-caba-movimiento-plural,diputados-2025,CABA,9,"GARCIA, JOSÉ MANUEL",false,,,
2025-caba-movimiento-plural-10,2025-caba-movimiento-plural,diputados-2025,CABA,10,"OBREGON, GABRIELA ALICIA",false,,,
2025-caba-movimiento-plural-11,2025-caba-movimiento-plural,diputados-2025,CABA,11,"MARTINEZ, ELIODORO",false,,,
2025-caba-movimiento-plural-12,2025-caba-movimiento-plural,diputados-2025,CABA,12,"BONZO, MARIA CECILIA ANALIA",false,,,
2025-caba-movimiento-plural-13,2025-caba-movimiento-plural,diputados-2025,CABA,13,"PALLOTTO, SERGIO DANIEL",false,,,
2025-caba-partido-comunista-01,2025-caba-partido-comunista,diputados-2025,CABA,1,"BIANCO, ANTONELLA",false,,,
2025-caba-partido-comunista-02,2025-caba-partido-comunista,diputados-2025,CABA,2,"CAMPORA, IGNACIO",false,,,
2025-caba-partido-comunista-03,2025-caba-partido-comunista,diputados-2025,CABA,3,"IBARRA, CRISTINA ADRIANA",false,,,
2025-caba-partido-comunista-04,2025-caba-partido-comunista,diputados-2025,CABA,4,"CARBONE, ROCCO",false,,,
2025-caba-partido-comunista-05,2025-caba-partido-comunista,diputados-2025,CABA,5,"LEON, MARIA LUISA",false,,,
2025-caba-partido-comunista-06,2025-caba-partido-comunista,diputados-2025,CABA,6,"SANTOS, MANUEL",false,,,
2025-caba-partido-comunista-07,2025-caba-partido-comunista,diputados-2025,CABA,7,"MINGHETTI, LAURA NATALIA",false,,,
2025-caba-partido-comunista-08,2025-caba-partido-comunista,diputados-2025,CABA,8,"CAROU, RAUL",false,,,
2025-caba-partido-comunista-09,2025-caba-partido-comunista,diputados-2025,CABA,9,"HOM, ZAIRA ABRAHAAN",false,,,
2025-caba-partido-comunista-10,2025-caba-partido-comunista,diputados-2025,CABA,10,"RODRIGUEZ, MARCELO FABIAN",false,,,
2025-caba-partido-comunista-11,2025-caba-partido-comunista,diputados-2025,CABA,11,"MONTENEGRO, HEBE AILEN",false,,,
2025-caba-partido-comunista-12,2025-caba-partido-comunista,diputados-2025,CABA,12,"PRUSAK, DARDO NORBERTO",false,,,
2025-caba-partido-comunista-13,2025-caba-partido-comunista,diputados-2025,CABA,13,"FERNANDEZ, MARIA DOLORES",false,,,
2025-caba-partido-federal-01,2025-caba-partido-federal,diputados-2025,CABA,1,"LIPOVETZKY, DANIEL ANDRES",false,,,
2025-caba-partido-federal-02,2025-caba-partido-federal,diputados-2025,CABA,2,"FIGUEROA, ISABEL ANGELA",false,,,
2025-caba-partido-federal-03,2025-caba-partido-federal,diputados-2025,CABA,3,"MANGIONE, FRANCO ARIEL",false,,,
2025-caba-partido-federal-04,2025-caba-partido-federal,diputados-2025,CABA,4,"AZPELICUETA, MAYRA AYELEN",false,,,
2025-caba-partido-federal-05,2025-caba-partido-federal,diputados-2025,CABA,5,"ALCONADA, TOMAS RAUL HOERTH",false,,,
2025-caba-partido-federal-06,2025-caba-partido-federal,diputados-2025,CABA,6,"ROMBOLA, ANTONELLA LUDMILA",false,,,
2025-caba-partido-federal-07,2025-caba-partido-federal,diputados-2025,CABA,7,"PEREYRA, GONZALO FERNANDO",false,,,
2025-caba-partido-federal-08,2025-caba-partido-federal,diputados-2025,CABA,8,"CENTOLA, CLAUDIA ALEJANDRA",false,,,
2025-caba-partido-federal-09,2025-caba-partido-federal,diputados-2025,CABA,9,"NOVILE, TOMAS EZEQUIEL",false,,,
2025-caba-partido-federal-10,2025-caba-partido-federal,diputados-2025,CABA,10,"CARRIO, ALEJANDRA MARIELA",false,,,
2025-caba-partido-federal-11,2025-caba-partido-federal,diputados-2025,CABA,11,"LORENZETTI, HECTOR BENJAMIN",false,,,
2025-caba-partido-federal-12,2025-caba-partido-federal,diputados-2025,CABA,12,"SZMULEWICZ, MARIELA GISELLE",false,,,
2025-caba-partido-federal-13,2025-caba-partido-federal,diputados-2025,CABA,13,"MIELNICZUK, HERNAN DARIO",false,,,
2025-caba-partido-socialista-autentico-01,2025-caba-partido-socialista-autentico,diputados-2025,CABA,1,"MAZZITELLI, MARIO FRANCISCO",false,,,
2025-caba-partido-socialista-autentico-02,2025-caba-partido-socialista-autentico,diputados-2025,CABA,2,"ASMAD, FLOR DEL ROCIO ARMAS",false,,,
2025-caba-partido-socialista-autentico-03,2025-caba-partido-socialista-autentico,diputados-2025,CABA,3,"RODRIGUEZ, ARIEL ARNALDO",false,,,
2025-caba-partido-socialista-autentico-04,2025-caba-partido-socialista-autentico,diputados-2025,CABA,4,"LANCIONI, MARIA LUCILA GUADALUPE",false,,,
2025-caba-partido-socialista-autentico-05,2025-caba-partido-socialista-autentico,diputados-2025,CABA,5,"MUSCATELLO, FACUNDO TOMAS",false,,,
2025-caba-partido-socialista-autentico-06,2025-caba-partido-socialista-autentico,diputados-2025,CABA,6,"FIGUEROA, MARIA CRISTINA",false,,,
2025-caba-partido-socialista-autentico-07,2025-caba-partido-socialista-autentico,diputados-2025,CABA,7,"ESTRADA, LUIS OSCAR SIERRA",false,,,
2025-caba-partido-socialista-autentico-08,2025-caba-partido-socialista-autentico,diputados-2025,CABA,8,"CARABAJAL, MERCEDES CAROLINA",false,,,
2025-caba-partido-socialista-autentico-09,2025-caba-partido-socialista-autentico,diputados-2025,CABA,9,"QUINTANA, CARLOS ALBERTO",false,,,
2025-caba-partido-socialista-autentico-10,2025-caba-partido-socialista-autentico,diputados-2025,CABA,10,"ALFARO, PATRICIA ORTEGA",false,,,
2025-caba-partido-socialista-autentico-11,2025-caba-partido-socialista-autentico,diputados-2025,CABA,11,"LUGONES, JORGE DANIEL",false,,,
2025-caba-partido-socialista-autentico-12,2025-caba-partido-socialista-autentico,diputados-2025,CABA,12,"MERELE, MARIA FLORENCIA",false,,,
2025-caba-partido-socialista-autentico-13,2025-caba-partido-socialista-autentico,diputados-2025,CABA,13,"TONARELLI, FEDERICO",false,,,
2025-caba-potencia-01,2025-caba-potencia,diputados-2025,CABA,1,"MURPHY, RICARDO HIPÓLITO LOPEZ",false,,,
2025-caba-potencia-02,2025-caba-potencia,diputados-2025,CABA,2,"FAIT, BERNARDA",false,,,
2025-caba-potencia-03,2025-caba-potencia,diputados-2025,CABA,3,"SAHORES, LEOPOLDO FRANCISCO",false,,,
2025-caba-potencia-04,2025-caba-potencia,diputados-2025,CABA,4,"COSPITO, ISABEL ELVIRA",false,,,
2025-caba-potencia-05,2025-caba-potencia,diputados-2025,CABA,5,"RODRIGUEZ, CARLOS ALFREDO",false,,,
2025-caba-potencia-06,2025-caba-potencia,diputados-2025,CABA,6,"SMITH, BIANCA DELL'AQUILA",false,,,
2025-caba-potencia-07,2025-caba-potencia,diputados-2025,CABA,7,"CHAMLI, MIGUEL ANGEL",false,,,
2025-caba-potencia-08,2025-caba-potencia,diputados-2025,CABA,8,"VIDENKINA, VALERIA VICTORIA JARMOLIUK",false,,,
2025-caba-potencia-09,2025-caba-potencia,diputados-2025,CABA,9,"CASTILLO, LUIS ARIEL",false,,,
2025-caba-potencia-10,2025-caba-potencia,diputados-2025,CABA,10,"DAVAGNINO, MARIA ROSA",false,,,
2025-caba-potencia-11,2025-caba-potencia,diputados-2025,CABA,11,"LACOUR, MIGUEL ANGEL",false,,,
2025-caba-potencia-12,2025-caba-potencia,diputados-2025,CABA,12,"LEDO, SOLANGE ALDANA",false,,,
2025-caba-potencia-13,2025-caba-potencia,diputados-2025,CABA,13,"TOLISANO, JONATHAN ARIEL",false,,,
2025-caba-union-del-centro-democratico-01,2025-caba-union-del-centro-democratico,diputados-2025,CABA,1,"DALMAU, MARCELO EDUARDO PORTAS",false,,,
2025-caba-union-del-centro-democratico-02,2025-caba-union-del-centro-democratico,diputados-2025,CABA,2,"BARRERA, MARÍA LAURA",false,,,
2025-caba-union-del-centro-democratico-03,2025-caba-union-del-centro-democratico,diputados-2025,CABA,3,"LATRONICO, FABRICIO LEANDRO",false,,,
2025-caba-union-del-centro-democratico-04,2025-caba-union-del-centro-democratico,diputados-2025,CABA,4,"SARACENI, DIANA IRIS",false,,,
2025-caba-union-del-centro-democratico-05,2025-caba-union-del-centro-democratico,diputados-2025,CABA,5,"RAMELLA, MARIANO",false,,,
2025-caba-union-del-centro-democratico-06,2025-caba-union-del-centro-democratico,diputados-2025,CABA,6,"AMERI, VANESA CECILIA",false,,,
2025-caba-union-del-centro-democratico-07,2025-caba-union-del-centro-democratico,diputados-2025,CABA,7,"JEANNERET, JOAQUIN",false,,,
2025-caba-union-del-centro-democratico-08,2025-caba-union-del-centro-democratico,diputados-2025,CABA,8,"ROLDAN, NORMA BEATRIZ",false,,,
2025-caba-union-del-centro-democratico-09,2025-caba-union-del-centro-democratico,diputados-2025,CABA,9,"PUSINERI, PEDRO PABLO",false,,,
2025-caba-union-del-centro-democratico-10,2025-caba-union-del-centro-democratico,diputados-2025,CABA,10,"MENDOZA, MARIA FLORA BLANCK",false,,,
2025-caba-union-del-centro-democratico-11,2025-caba-union-del-centro-democratico,diputados-2025,CABA,11,"GANDULFO, FACUNDO AUGUSTO",false,,,
2025-caba-union-del-centro-democratico-12,2025-caba-union-del-centro-democratico,diputados-2025,CABA,12,"ACKERLEY, MARIA ISABEL",false,,,
2025-caba-union-del-centro-democratico-13,2025-caba-union-del-centro-democratico,diputados-2025,CABA,13,"RUFFO, MARCELO ALEJANDRO",false,,,
