legislator_id,nombre,distrito,bloque,mandato_inicio,mandato_fin,foto
HCDN1136,"Abdala de Matarazzo, Norma Amanda",Santiago del Estero,Frente Civico por Santiago,2009-12-10,2013-12-09,https://api.argentinadatos.com/static/diputados/diputados/HCDN1136.jpg
HCDN1136,"Abdala de Matarazzo, Norma Amanda",Santiago del Estero,Frente Civico por Santiago,2013-12-10,2017-12-09,https://api.argentinadatos.com/static/diputados/diputados/HCDN1136.jpg
HCDN1136,"Abdala de Matarazzo, Norma Amanda",Santiago del Estero,Frente de Todos,2017-12-10,2021-12-09,https://api.argentinadatos.com/static/diputados/diputados/HCDN1136.jpg
HCDN1382,"Abraham, Alejandro",Mendoza,Frente para la Victoria - Pj,2013-12-10,2017-12-09,
HCDN1441,"Acerenza, Samanta Maria Celeste",Buenos Aires,Pro,2015-12-10,2019-12-09,
HCDN0055,"Acevedo, Sergio",Santa Cruz,Por Santa Cruz,2021-12-10,2025-09-15,
HCDN0970,"Acosta, Maria Julia",Catamarca,Frente para la Victoria - Pj,2007-12-10,2011-12-09,
HCDN3018,"Agost Carreño, Oscar",Córdoba,Encuentro Federal,2021-12-10,2025-12-09,https://api.argentinadatos.com/static/diputados/diputados/HCDN3018.jpg
HCDN0971,"Agosto, Walter Alfredo",Santa Fe,Peronismo Federal,2007-12-10,2011-12-09,
HCDN0845,"Aguad, Oscar Raul",Córdoba,Ucr,2009-12-10,2013-12-09,
HCDN0845,"Aguad, Oscar Raul",Córdoba,Ucr,2013-12-10,2015-12-09,
HCDN3166,"Aguero, Guillermo Cesar",Chaco,Ucr - Unión Cívica Radical,2025-12-10,2029-12-09,
HCDN1232,"Aguilar, Lino Walter",San Luis,Compromiso Federal,2011-12-10,2015-12-09,
HCDN0972,"Aguirre, Hilda",La Rioja,Frente para la Victoria - Pj,2007-12-10,2011-12-09,https://api.argentinadatos.com/static/diputados/diputados/HCDN0972.jpg
HCDN0972,"Aguirre, Hilda",La Rioja,Frente de Todos,2019-12-10,2023-12-09,https://api.argentinadatos.com/static/diputados/diputados/HCDN0972.jpg
HCDN0972,"Aguirre, Hilda",La Rioja,Unión por la Patria,2023-12-10,2027-12-09,https://api.argentinadatos.com/static/diputados/diputados/HCDN0972.jpg
HCDN2959,"Aguirre, Manuel Ignacio",Corrientes,Democracia para Siempre,2021-12-10,2025-12-09,https://api.argentinadatos.com/static/diputados/diputados/HCDN2959.jpg
HCDN2349,"Aicega, Juan",Buenos Aires,Pro,2017-12-10,2021-12-09,https://api.argentinadatos.com/static/diputados/diputados/HCDN2349.jpg
HCDN2916,"Ajmechet, Sabrina",CABA,La Libertad Avanza,2021-12-10,2025-12-09,https://api.argentinadatos.com/static/diputados/diputados/HCDN2916.jpg
HCDN2916,"Ajmechet, Sabrina",CABA,La Libertad Avanza,2025-12-10,2029-12-09,https://api.argentinadatos.com/static/diputados/diputados/HCDN2916.jpg
HCDN1101,"Albarracin, Jorge Luis",Mendoza,Ucr,2009-12-10,2013-12-09,
HCDN1572,"Albornoz, Gabriela Romina",Jujuy,Ucr,2013-12-10,2017-12-09,
HCDN1137,"Albrieu, Oscar Edmundo Nicolas",Río Negro,Frente para la Victoria - Pj,2009-12-10,2013-12-01,
HCDN0163,"Albrisi, Cesar Alfredo",Córdoba,Peronismo Federal,2007-12-10,2010-04-14,
HCDN1068,"Alcuaz, Horacio Alberto",Buenos Aires,Gen,2007-12-10,2011-12-09,
HCDN2859,"Alderete, Juan Carlos",Buenos Aires,Frente de Todos,2019-12-10,2023-12-09,https://api.argentinadatos.com/static/diputados/diputados/HCDN2859.jpg
HCDN1338,"Alegre, Gilberto Oscar",Buenos Aires,Federal Unidos por una Nueva Argentina,2013-12-10,2017-12-09,
HCDN0973,"Alfaro, German Enrique",Tucumán,Frente para la Victoria - Pj,2007-12-10,2011-10-21,
HCDN1138,"Alfonsin, Ricardo Luis",Buenos Aires,Ucr,2009-12-10,2013-12-09,
HCDN1138,"Alfonsin, Ricardo Luis",Buenos Aires,Ucr,2013-12-10,2017-12-09,
HCDN3140,"Ali, Ernesto Pipi",San Luis,Unión por la Patria,2023-12-10,2027-12-09,
HCDN2912,"Alianiello, Eugenia",Chubut,Unión por la Patria,2021-12-10,2025-12-09,https://api.argentinadatos.com/static/diputados/diputados/HCDN2912.jpg
HCDN1222,"Alizegui, Antonio Anibal",Entre Ríos,Frente para la Victoria - Pj,2007-12-10,2011-12-09,
HCDN2350,"Allende, Walberto",San Juan,Frente de Todos,2017-12-10,2021-12-09,https://api.argentinadatos.com/static/diputados/diputados/HCDN2350.jpg
HCDN2350,"Allende, Walberto",San Juan,Unión por la Patria,2021-12-10,2025-12-09,https://api.argentinadatos.com/static/diputados/diputados/HCDN2350.jpg
HCDN3171,"Almena, Carlos Alberto",San Luis,La Libertad Avanza,2025-12-10,2029-12-09,
HCDN3029,"Almiron, Lisandro",Corrientes,La Libertad Avanza,2023-12-10,2027-12-09,https://api.argentinadatos.com/static/diputados/diputados/HCDN3029.jpg
HCDN2937,"Alonso, Constanza Maria",Buenos Aires,Unión por la Patria,2021-12-10,2025-12-09,https://api.argentinadatos.com/static/diputados/diputados/HCDN2937.jpg
HCDN0733,"Alonso, Gumersindo Federico",Córdoba,Frente Civico - Cordoba,2009-12-10,2013-12-09,
HCDN1568,"Alonso, Horacio Fernando",Buenos Aires,Federal Unidos por una Nueva Argentina,2013-12-10,2017-12-09,
HCDN1139,"Alonso, Laura",CABA,Pro,2009-12-10,2013-12-09,
HCDN1139,"Alonso, Laura",CABA,Union Pro,2013-12-10,2015-12-22,
HCDN2351,"Alonso, Laura V.",Buenos Aires,Frente de Todos,2017-12-10,2019-12-10,
HCDN1233,"Alonso, Maria Luz",La Pampa,Frente para la Victoria - Pj,2011-12-10,2015-12-09,
HCDN2352,"Alume Sbodio, Karim Augusto",San Luis,Frente de Todos,2017-12-10,2021-12-09,https://api.argentinadatos.com/static/diputados/diputados/HCDN2352.jpg
HCDN0846,"Alvarez Rodriguez, Maria Cristina",Buenos Aires,Frente para la Victoria - Pj,2015-12-10,2019-12-09,
HCDN0846,"Alvarez Rodriguez, Maria Cristina",Buenos Aires,Frente de Todos,2019-12-10,2021-09-21,
HCDN3178,"Alvarez, Claudio",San Luis,Innovación Federal,2023-12-10,2027-12-09,
HCDN1140,"Alvarez, Elsa Maria",Santa Cruz,Ucr,2009-12-10,2013-12-09,
HCDN2790,"Alvarez, Felipe",La Rioja,Ser - Somos Energia para Renovar,2019-12-10,2023-12-09,https://api.argentinadatos.com/static/diputados/diputados/HCDN2790.jpg
HCDN1141,"Alvarez, Jorge Mario",Santa Fe,Ucr,2009-12-10,2013-12-09,
HCDN0693,"Alvarez, Juan Jose",Buenos Aires,Nucleo Unidad Peronista,2007-12-10,2011-12-09,
HCDN0974,"Alvaro, Hector Jorge",Mendoza,De la Concertacion,2007-12-10,2011-12-09,
HCDN1142,"Amadeo, Eduardo Pablo",Buenos Aires,Frente Renovador,2009-12-10,2013-12-09,
HCDN1142,"Amadeo, Eduardo Pablo",Buenos Aires,Pro,2015-12-10,2019-12-09,
HCDN2806,"Amaya, Domingo Luis",Tucumán,Encuentro Federal,2019-12-10,2023-12-09,https://api.argentinadatos.com/static/diputados/diputados/HCDN2806.jpg
HCDN2805,"Ameri, Juan Emilio",Salta,Frente de Todos,2017-12-10,2020-09-24,https://api.argentinadatos.com/static/diputados/diputados/HCDN2805.jpg
HCDN3185,"Andino, Cristian",San Juan,Unión por la Patria,2025-12-10,2029-12-09,
HCDN3226,"Andrade, Javier",CABA,Unión por la Patria,2023-12-10,2027-12-09,
HCDN3157,"Andreussi, Barbara",Jujuy,La Libertad Avanza,2025-12-10,2029-12-09,
HCDN2793,"Angelini, Federico",Santa Fe,Pro,2019-12-10,2023-12-09,https://api.argentinadatos.com/static/diputados/diputados/HCDN2793.jpg
HCDN2354,"Ansaloni, Pablo",Buenos Aires,Unidad y Equidad Federal,2017-12-10,2021-12-09,https://api.argentinadatos.com/static/diputados/diputados/HCDN2354.jpg
HCDN2354,"Ansaloni, Pablo",Buenos Aires,La Libertad Avanza,2023-12-10,2027-12-09,https://api.argentinadatos.com/static/diputados/diputados/HCDN2354.jpg
HCDN2893,"Antola, Marcela",Entre Ríos,Democracia para Siempre,2021-12-10,2025-12-09,https://api.argentinadatos.com/static/diputados/diputados/HCDN2893.jpg
HCDN2759,"Aparicio, Alicia N.",Buenos Aires,Frente de Todos,2019-12-10,2023-12-09,https://api.argentinadatos.com/static/diputados/diputados/HCDN2759.jpg
HCDN3032,"Arabia, Damian",CABA,La Libertad Avanza,2023-12-10,2027-12-09,https://api.argentinadatos.com/static/diputados/diputados/HCDN3032.jpg
HCDN1234,"Aragon, Santiago Diego",Buenos Aires,Frente para la Victoria - Pj,2011-12-10,2012-03-02,
HCDN3022,"Arancibia Rodriguez, Alberto Gustavo",San Luis,La Libertad Avanza,2021-12-10,2025-12-09,https://api.argentinadatos.com/static/diputados/diputados/HCDN3022.jpg
HCDN3047,"Araujo Hernandez, Jorge Neri",Tierra del Fuego,Unión por la Patria,2023-12-10,2027-12-09,https://api.argentinadatos.com/static/diputados/diputados/HCDN3047.jpg
HCDN3023,"Araujo, Maria Fernanda",CABA,La Libertad Avanza,2021-12-10,2025-12-09,https://api.argentinadatos.com/static/diputados/diputados/HCDN3023.jpg
HCDN0975,"Arbo, Jose Ameghino",Corrientes,Partido Liberal de Corrientes,2007-12-10,2011-12-09,
HCDN2355,"Arce, Mario Horacio",Formosa,Ucr,2017-12-10,2021-12-09,https://api.argentinadatos.com/static/diputados/diputados/HCDN2355.jpg
HCDN3049,"Ardohain, Martin",La Pampa,Pro,2023-12-10,2027-12-09,https://api.argentinadatos.com/static/diputados/diputados/HCDN3049.jpg
HCDN1143,"Arena, Celia Isabel",Santa Fe,Frente para la Victoria - Pj,2009-12-10,2013-12-09,
HCDN1396,"Arenas, Berta Hortensia",San Luis,Compromiso Federal,2013-12-10,2017-12-09,
HCDN0976,"Areta, Maria Josefa",Corrientes,Frente de Todos,2007-12-10,2011-12-09,
HCDN1069,"Argüello, Octavio",Buenos Aires,Frente para la Victoria - Pj,2007-12-10,2011-12-09,
HCDN1144,"Argumedo, Alcira Susana",CABA,Movimiento Proyecto Sur,2009-12-10,2013-12-09,
HCDN1144,"Argumedo, Alcira Susana",CABA,Proyecto Sur - Unen,2013-12-10,2017-12-09,
HCDN2934,"Arjol, Martin",Misiones,Liga del Interior Eli,2021-12-10,2025-12-09,https://api.argentinadatos.com/static/diputados/diputados/HCDN2934.jpg
HCDN1235,"Arregui, Andres Roberto",Buenos Aires,Frente para la Victoria - Pj,2011-12-10,2015-12-09,
HCDN3014,"Arricau, Carolina Natalia",Buenos Aires,Frente de Todos,2019-12-10,2023-12-09,https://api.argentinadatos.com/static/diputados/diputados/HCDN3014.jpg
HCDN1581,"Arrieta, Gustavo Hector",Buenos Aires,Frente para la Victoria - Pj,2013-12-10,2017-12-09,
HCDN3059,"Arrieta, Lourdes Micaela",Mendoza,Provincias Unidas,2023-12-10,2027-12-09,https://api.argentinadatos.com/static/diputados/diputados/HCDN3059.jpg
HCDN2356,"Arroyo, Daniel",Buenos Aires,Red por Argentina,2017-12-10,2019-12-10,https://api.argentinadatos.com/static/diputados/diputados/HCDN2356.jpg
HCDN2356,"Arroyo, Daniel",Buenos Aires,Unión por la Patria,2021-12-10,2025-12-09,https://api.argentinadatos.com/static/diputados/diputados/HCDN2356.jpg
HCDN3030,"Arrua, Alberto",Misiones,Innovación Federal,2023-12-10,2027-12-09,https://api.argentinadatos.com/static/diputados/diputados/HCDN3030.jpg
HCDN2758,"Ascarate, Lidia Ines",Tucumán,Ucr,2019-12-10,2023-12-09,https://api.argentinadatos.com/static/diputados/diputados/HCDN2758.jpg
HCDN1224,"Asef, Daniel Edgardo",Córdoba,Nucleo Unidad Peronista,2007-12-10,2011-12-09,
HCDN2441,"Asencio, Fernando",Buenos Aires,Red por Argentina,2015-12-10,2019-12-09,
HCDN1145,"Aspiazu, Lucio Bernardo",Corrientes,Ucr,2009-12-10,2013-12-09,
HCDN1236,"Asseff, Alberto",Buenos Aires,Unir,2011-12-10,2015-12-09,https://api.argentinadatos.com/static/diputados/diputados/HCDN1236.jpg
HCDN1236,"Asseff, Alberto",Buenos Aires,Pro,2019-12-10,2023-12-09,https://api.argentinadatos.com/static/diputados/diputados/HCDN1236.jpg
HCDN0061,"Atanasof, Alfredo Nestor",Buenos Aires,Frente Peronista,2009-12-10,2013-12-09,
HCDN2921,"Aubone, Ana Fabiola",San Juan,Unión por la Patria,2021-12-10,2025-12-09,https://api.argentinadatos.com/static/diputados/diputados/HCDN2921.jpg
HCDN1582,"Austin, Brenda Lis",Córdoba,Ucr,2013-12-10,2017-12-09,https://api.argentinadatos.com/static/diputados/diputados/HCDN1582.jpg
HCDN1582,"Austin, Brenda Lis",Córdoba,Ucr,2017-12-10,2021-12-09,https://api.argentinadatos.com/static/diputados/diputados/HCDN1582.jpg
HCDN3028,"Aveiro, Martin",Mendoza,Unión por la Patria,2023-12-10,2027-12-09,https://api.argentinadatos.com/static/diputados/diputados/HCDN3028.jpg
HCDN3058,"Avico, Belen",Córdoba,La Libertad Avanza,2023-12-10,2027-12-09,https://api.argentinadatos.com/static/diputados/diputados/HCDN3058.jpg
HCDN2357,"Avila, Beatriz Luisa",Tucumán,Partido por la Justicia Social,2017-12-10,2021-12-09,
HCDN3052,"Avila, Fernanda",Catamarca,Elijo Catamarca,2023-12-10,2027-12-09,https://api.argentinadatos.com/static/diputados/diputados/HCDN3052.jpg
HCDN3094,"Avila, Jorge Antonio",Chubut,Provincias Unidas,2023-12-10,2027-12-09,https://api.argentinadatos.com/static/diputados/diputados/HCDN3094.jpg
HCDN1237,"Avoscan, Herman Horacio",Río Negro,Frente para la Victoria - Pj,2011-12-10,2015-12-09,
HCDN2358,"Ayala, Aida Beatriz Maxima",Chaco,Ucr,2017-12-10,2021-12-09,
HCDN2947,"Bachey, Karina Ethel",San Luis,Pro,2021-12-10,2025-12-09,https://api.argentinadatos.com/static/diputados/diputados/HCDN2947.jpg
HCDN2359,"Bahillo, Juan Jose",Entre Ríos,Justicialista,2017-12-10,2019-12-02,
HCDN1530,"Balbo, Elva Susana",Mendoza,Pro,2015-12-10,2018-04-30,
HCDN1238,"Balcedo, Maria Ester",Buenos Aires,Frente para la Victoria - Pj,2011-12-10,2015-12-09,
HCDN1364,"Baldassi, Hector W.",Córdoba,Union Pro,2013-12-10,2017-12-09,https://api.argentinadatos.com/static/diputados/diputados/HCDN1364.jpg
HCDN1364,"Baldassi, Hector W.",Córdoba,Pro,2017-12-10,2021-12-09,https://api.argentinadatos.com/static/diputados/diputados/HCDN1364.jpg
HCDN1364,"Baldassi, Hector W.",Córdoba,Pro,2021-12-10,2025-12-09,https://api.argentinadatos.com/static/diputados/diputados/HCDN1364.jpg
HCDN1034,"Baldata, Griselda Angela",Córdoba,Coalicion Civica,2007-12-10,2011-12-09,
HCDN3143,"Ballejos, Nancy",Entre Ríos,Pro,2021-12-10,2025-12-09,https://api.argentinadatos.com/static/diputados/diputados/HCDN3143.jpg
HCDN1447,"Banfi, Karina",Buenos Aires,Ucr,2015-12-10,2019-12-09,https://api.argentinadatos.com/static/diputados/diputados/HCDN1447.jpg
HCDN1447,"Banfi, Karina",Buenos Aires,Ucr,2019-12-10,2023-12-09,https://api.argentinadatos.com/static/diputados/diputados/HCDN1447.jpg
HCDN1447,"Banfi, Karina",Buenos Aires,Adelante Buenos Aires,2023-12-10,2027-12-09,https://api.argentinadatos.com/static/diputados/diputados/HCDN1447.jpg
HCDN2770,"Barbaro, Hector Cacho",Misiones,Frente de Todos,2019-12-10,2023-12-09,
HCDN1146,"Barbieri, Mario Leandro",Buenos Aires,Ucr,2009-12-10,2013-12-09,
HCDN3223,"Barbur, Marcelo",Santiago del Estero,Unión por la Patria,2025-12-10,2029-12-09,
HCDN1239,"Barchetta, Omar Segundo",Santa Fe,Partido Socialista,2011-12-10,2015-12-09,
HCDN1389,"Bardeggia, Luis Maria",Río Negro,Frente para la Victoria - Pj,2013-12-10,2017-12-09,
HCDN2906,"Barletta, Mario",Santa Fe,Unidos,2021-12-10,2025-12-09,https://api.argentinadatos.com/static/diputados/diputados/HCDN2906.jpg
HCDN1401,"Barletta, Mario Domingo",Santa Fe,Ucr,2013-12-10,2017-12-09,
HCDN1147,"Barrandeguy, Raul Enrique",Entre Ríos,Frente para la Victoria - Pj,2009-12-10,2013-12-09,
HCDN1373,"Barreto, Jorge Ruben",Entre Ríos,Frente para la Victoria - Pj,2013-12-10,2017-12-09,
HCDN0977,"Barrios, Miguel Angel",Santa Fe,Partido Socialista,2007-12-10,2011-12-09,
HCDN0578,"Basteiro, Sergio Ariel",Buenos Aires,Nuevo Encuentro Popular y Solidario,2007-12-10,2011-12-09,
HCDN1240,"Basterra, Luis Eugenio",Formosa,Frente para la Victoria - Pj,2011-12-10,2015-12-09,https://api.argentinadatos.com/static/diputados/diputados/HCDN1240.jpg
HCDN1240,"Basterra, Luis Eugenio",Formosa,Frente para la Victoria - Pj,2015-12-10,2019-12-09,https://api.argentinadatos.com/static/diputados/diputados/HCDN1240.jpg
HCDN1240,"Basterra, Luis Eugenio",Formosa,Frente de Todos,2019-12-10,2019-12-10,https://api.argentinadatos.com/static/diputados/diputados/HCDN1240.jpg
HCDN1240,"Basterra, Luis Eugenio",Formosa,Unión por la Patria,2023-12-10,2027-12-09,https://api.argentinadatos.com/static/diputados/diputados/HCDN1240.jpg
HCDN3268,"Basualdo, Atilio",Formosa,La Libertad Avanza,2025-12-10,2029-12-09,
HCDN3209,"Basualdo, Carolina",Córdoba,Provincias Unidas,2025-12-10,2029-12-09,
HCDN1241,"Bazze, Miguel Angel",Buenos Aires,Ucr,2011-12-10,2015-12-09,https://api.argentinadatos.com/static/diputados/diputados/HCDN1241.jpg
HCDN1241,"Bazze, Miguel Angel",Buenos Aires,Ucr,2015-12-10,2019-12-09,https://api.argentinadatos.com/static/diputados/diputados/HCDN1241.jpg
HCDN1241,"Bazze, Miguel Angel",Buenos Aires,Ucr,2019-12-10,2023-12-09,https://api.argentinadatos.com/static/diputados/diputados/HCDN1241.jpg
HCDN3201,"Becerra, Monica",San Luis,La Libertad Avanza,2025-12-10,2029-12-09,
HCDN0978,"Bedano, Nora Esther",Córdoba,Frente para la Victoria - Pj,2007-12-10,2011-12-09,
HCDN0978,"Bedano, Nora Esther",Córdoba,Frente para la Victoria - Pj,2011-12-10,2015-12-09,
HCDN1570,"Bellocq, Gerardo Alberto",Córdoba,Ucr,2013-12-10,2016-04-26,
HCDN0979,"Belous, Nelida",Tierra del Fuego,Social Patagonico,2007-12-10,2011-12-09,
HCDN0980,"Benas, Veronica Claudia",Santa Fe,Unidad Popular,2007-12-10,2011-12-09,
HCDN1148,"Benedetti, Atilio",Entre Ríos,Ucr,2009-12-10,2013-12-09,https://api.argentinadatos.com/static/diputados/diputados/HCDN1148.jpg
HCDN1148,"Benedetti, Atilio",Entre Ríos,Ucr,2017-12-10,2021-12-09,https://api.argentinadatos.com/static/diputados/diputados/HCDN1148.jpg
HCDN1148,"Benedetti, Atilio",Entre Ríos,Ucr - Unión Cívica Radical,2021-12-10,2025-12-09,https://api.argentinadatos.com/static/diputados/diputados/HCDN1148.jpg
HCDN3111,"Benedit, Beltran",Entre Ríos,La Libertad Avanza,2023-12-10,2027-12-09,https://api.argentinadatos.com/static/diputados/diputados/HCDN3111.jpg
HCDN3064,"Benegas Lynch, Bertie",Buenos Aires,La Libertad Avanza,2023-12-10,2027-12-09,https://api.argentinadatos.com/static/diputados/diputados/HCDN3064.jpg
HCDN1359,"Bergman, Sergio Alejandro",CABA,Union Pro,2013-12-10,2015-12-09,
HCDN2777,"Berhongaray, Martin Antonio",La Pampa,Evolucion Radical,2019-12-10,2023-12-09,https://api.argentinadatos.com/static/diputados/diputados/HCDN2777.jpg
HCDN2360,"Berisso, Hernan",Buenos Aires,Pro,2017-12-10,2021-12-09,
HCDN2917,"Bermejo, Adolfo",Mendoza,Unión por la Patria,2021-12-10,2025-12-09,https://api.argentinadatos.com/static/diputados/diputados/HCDN2917.jpg
HCDN2802,"Bermejo, Alejandro Daniel",Mendoza,Frente de Todos,2019-12-10,2021-03-27,https://api.argentinadatos.com/static/diputados/diputados/HCDN2802.jpg
HCDN1560,"Bermejo, Sixto Osvaldo",Chubut,Trabajo y Dignidad,2013-12-10,2017-12-09,
HCDN1432,"Bernabey, Ramon Ernesto",Córdoba,Brigadier General Juan Bautista Bustos,2013-12-10,2017-12-09,
HCDN1149,"Bernal, Maria Eugenia",Jujuy,Frente para la Victoria - Pj,2009-12-10,2013-12-09,
HCDN1097,"Bernazza, Claudia Alicia",Buenos Aires,Frente de Todos,2017-12-10,2021-12-09,https://api.argentinadatos.com/static/diputados/diputados/HCDN1097.jpg
HCDN0853,"Bertol, Paula Maria",CABA,Pro,2009-12-10,2013-12-09,
HCDN2907,"Bertoldi, Tanya",Neuquén,Unión por la Patria,2021-12-10,2025-12-03,https://api.argentinadatos.com/static/diputados/diputados/HCDN2907.jpg
HCDN0581,"Bertone, Rosana Andrea",Tierra del Fuego,Frente para la Victoria - Pj,2009-12-10,2013-12-09,https://api.argentinadatos.com/static/diputados/diputados/HCDN0581.jpg
HCDN0581,"Bertone, Rosana Andrea",Tierra del Fuego,Frente de Todos,2019-12-10,2023-12-09,https://api.argentinadatos.com/static/diputados/diputados/HCDN0581.jpg
HCDN1567,"Besada, Alicia Irma",CABA,Union Pro,2013-12-10,2017-12-09,
HCDN2881,"Besana, Gabriela",Buenos Aires,Pro,2021-12-10,2025-12-09,https://api.argentinadatos.com/static/diputados/diputados/HCDN2881.jpg
HCDN1334,"Bettanin, Juan Carlos",Santa Fe,Frente Nuevo Encuentro,2009-12-10,2013-12-09,
HCDN1461,"Bevilacqua, Gustavo",Buenos Aires,Federal Unidos por una Nueva Argentina,2015-12-10,2019-12-09,
HCDN3079,"Bianchetti, Emmanuel",Misiones,Pro,2023-12-10,2027-12-09,https://api.argentinadatos.com/static/diputados/diputados/HCDN3079.jpg
HCDN0964,"Bianchi, Ivana Maria",San Luis,Frente Peronista,2007-12-10,2011-12-09,
HCDN0964,"Bianchi, Ivana Maria",San Luis,Compromiso Federal,2011-12-10,2015-12-09,
HCDN0964,"Bianchi, Ivana Maria",San Luis,Unidad Justicialista,2015-12-10,2019-12-09,
HCDN1242,"Bianchi, Maria del Carmen",CABA,Frente para la Victoria - Pj,2011-12-10,2015-12-09,
HCDN3141,"Biasi, Vanina",CABA,Partido Obrero -Frente de Izquierda y de Trabajadores -Unida,2021-12-10,2025-07-02,
HCDN1070,"Bidegain, Gloria Mercedes",Buenos Aires,Frente para la Victoria - Pj,2007-12-10,2011-12-09,
HCDN1070,"Bidegain, Gloria Mercedes",Buenos Aires,Frente para la Victoria - Pj,2011-12-10,2015-12-09,
HCDN1243,"Biella Calvet, Bernardo Jose",Salta,Udeso Salta,2011-12-10,2015-12-09,
HCDN3240,"Biella, Bernardo",Salta,Innovación Federal,2025-12-10,2029-12-09,
HCDN0855,"Binner, Hermes Juan",Santa Fe,Partido Socialista,2013-12-10,2017-12-09,
HCDN1150,"Blanco de Peralta, Blanca",Santa Cruz,Frente para la Victoria - Pj,2009-12-10,2013-12-09,
HCDN2847,"Bogdanich, Esteban Mateo",Santa Fe,Frente de Todos,2017-12-10,2021-12-09,https://api.argentinadatos.com/static/diputados/diputados/HCDN2847.jpg
HCDN3088,"Bonacci, Rocio",Santa Fe,La Libertad Avanza,2023-12-10,2027-12-09,https://api.argentinadatos.com/static/diputados/diputados/HCDN3088.jpg
HCDN0798,"Bonasso, Miguel Luis",CABA,Dialogo por Buenos Aires,2007-12-10,2011-12-09,
HCDN3048,"Bongiovanni, Alejandro",Santa Fe,La Libertad Avanza,2023-12-10,2027-12-09,https://api.argentinadatos.com/static/diputados/diputados/HCDN3048.jpg
HCDN2982,"Borda, Fabian Antonio",Corrientes,Frente de Todos,2019-12-10,2023-12-09,https://api.argentinadatos.com/static/diputados/diputados/HCDN2982.jpg
HCDN3035,"Bordet, Gustavo",Entre Ríos,Unión por la Patria,2023-12-10,2027-12-09,https://api.argentinadatos.com/static/diputados/diputados/HCDN3035.jpg
HCDN3183,"Borgatta, Alejandrina",Santa Fe,Unión por la Patria,2025-12-10,2029-12-09,
HCDN2862,"Bormioli, Lisandro",Buenos Aires,Frente de Todos,2019-12-10,2023-12-09,https://api.argentinadatos.com/static/diputados/diputados/HCDN2862.jpg
HCDN3042,"Bornoroni, Gabriel",Córdoba,La Libertad Avanza,2023-12-10,2027-12-09,https://api.argentinadatos.com/static/diputados/diputados/HCDN3042.jpg
HCDN2913,"Borrego, Victoria",Buenos Aires,Coalicion Civica,2021-12-10,2025-12-09,https://api.argentinadatos.com/static/diputados/diputados/HCDN2913.jpg
HCDN0720,"Borsani, Luis Gustavo",Mendoza,Ucr,2015-12-10,2019-12-09,
HCDN1450,"Bossio, Diego Luis",Buenos Aires,Federal Unidos por una Nueva Argentina,2015-12-10,2019-12-09,
HCDN2932,"Bouhid, Gustavo",Jujuy,Ucr,2021-12-10,2023-06-02,https://api.argentinadatos.com/static/diputados/diputados/HCDN2932.jpg
HCDN1425,"Boyadjian, Graciela Eunice",Tierra del Fuego,Mov Pop Fueguino,2011-12-10,2015-12-09,
HCDN2440,"Bragagnolo, Sebastian",Mendoza,Pro,2015-12-10,2019-12-09,
HCDN2361,"Brambilla, Sofia",Corrientes,Pro,2017-12-10,2021-12-09,https://api.argentinadatos.com/static/diputados/diputados/HCDN2361.jpg
HCDN2361,"Brambilla, Sofia",Corrientes,Pro,2021-12-10,2025-12-09,https://api.argentinadatos.com/static/diputados/diputados/HCDN2361.jpg
HCDN1244,"Brawer, Mara",CABA,Frente para la Victoria - Pj,2011-12-10,2015-12-09,https://api.argentinadatos.com/static/diputados/diputados/HCDN1244.jpg
HCDN1244,"Brawer, Mara",CABA,Frente de Todos,2019-12-10,2023-12-09,https://api.argentinadatos.com/static/diputados/diputados/HCDN1244.jpg
HCDN1435,"Bregman, Myriam",Buenos Aires,Pts - Frente de Izquierda,2013-12-10,2016-12-06,https://api.argentinadatos.com/static/diputados/diputados/HCDN1435.jpg
HCDN1435,"Bregman, Myriam",CABA,Pts-Frente de Izquierda Unidad,2021-12-10,2024-06-10,https://api.argentinadatos.com/static/diputados/diputados/HCDN1435.jpg
HCDN1435,"Bregman, Myriam",CABA,Pts-Frente de Izquierda y de Trabajadores Unidad,2025-12-10,2029-12-09,https://api.argentinadatos.com/static/diputados/diputados/HCDN1435.jpg
HCDN1576,"Brezzo, Maria Eugenia",Córdoba,Unidos por una Nueva Argentina,2013-12-10,2017-12-09,
HCDN0858,"Brillo, Jose Ricardo",Neuquén,Mov Pop Neuquino,2009-12-10,2013-12-09,
HCDN1479,"Britez, Maria Cristina",Misiones,Frente para la Victoria - Pj,2015-12-10,2019-12-09,https://api.argentinadatos.com/static/diputados/diputados/HCDN1479.jpg
HCDN1479,"Britez, Maria Cristina",Misiones,Frente de Todos,2019-12-10,2023-12-09,https://api.argentinadatos.com/static/diputados/diputados/HCDN1479.jpg
HCDN0552,"Brizuela del Moral, Eduardo Segundo",Catamarca,Frente Civico y Social de Catamarca,2013-12-10,2017-12-09,https://api.argentinadatos.com/static/diputados/diputados/HCDN0552.jpg
HCDN0552,"Brizuela del Moral, Eduardo Segundo",Catamarca,Frente Civico y Social de Catamarca,2017-12-10,2021-08-25,https://api.argentinadatos.com/static/diputados/diputados/HCDN0552.jpg
HCDN1245,"Brizuela y Doria de Cara, Olga Ines",La Rioja,Ucr,2011-12-10,2014-04-02,
HCDN3202,"Brizuela, Adrian",Catamarca,La Libertad Avanza,2025-12-10,2029-12-09,
HCDN1246,"Bromberg, Isaac Benjamin",Tucumán,Frente para la Victoria - Pj,2011-12-10,2015-12-09,
HCDN2956,"Brouwer de Koning, Gabriela",Córdoba,Ucr - Unión Cívica Radical,2021-12-10,2025-12-09,https://api.argentinadatos.com/static/diputados/diputados/HCDN2956.jpg
HCDN0586,"Brown, Carlos Ramon",Buenos Aires,Fe,2011-12-10,2015-12-09,
HCDN0859,"Brue, Daniel Agustin",Santiago del Estero,Frente Civico por Santiago,2009-12-10,2013-12-09,https://api.argentinadatos.com/static/diputados/diputados/HCDN0859.jpg
HCDN0859,"Brue, Daniel Agustin",Santiago del Estero,Frente de Todos,2019-12-10,2023-12-09,https://api.argentinadatos.com/static/diputados/diputados/HCDN0859.jpg
HCDN1577,"Brügge, Juan Fernando",Córdoba,Cordoba Federal,2015-12-10,2019-12-09,https://api.argentinadatos.com/static/diputados/diputados/HCDN1577.jpg
HCDN1577,"Brügge, Juan Fernando",Córdoba,Provincias Unidas,2023-12-10,2027-12-09,https://api.argentinadatos.com/static/diputados/diputados/HCDN1577.jpg
HCDN3190,"Bruno, Eliana",Salta,La Libertad Avanza,2023-12-10,2027-12-09,
HCDN2432,"Bucca, Eduardo",Buenos Aires,Frente de Todos,2017-12-10,2021-12-09,https://api.argentinadatos.com/static/diputados/diputados/HCDN2432.jpg
HCDN1446,"Buil, Sergio Omar",Buenos Aires,Pro,2015-12-10,2019-12-09,
HCDN0860,"Bullrich, Esteban Jose",CABA,Pro,2009-12-10,2010-08-31,
HCDN0509,"Bullrich, Patricia",CABA,Coalicion Civica,2007-12-10,2011-12-09,
HCDN0509,"Bullrich, Patricia",CABA,Union Pro,2011-12-10,2015-12-09,
HCDN1376,"Burgos, Maria Gabriela",Jujuy,Ucr,2013-12-10,2017-12-09,
HCDN1376,"Burgos, Maria Gabriela",Jujuy,Ucr,2017-12-10,2021-12-09,
HCDN1151,"Buryaile, Ricardo",Formosa,Ucr,2009-12-10,2013-12-09,https://api.argentinadatos.com/static/diputados/diputados/HCDN1151.jpg
HCDN1151,"Buryaile, Ricardo",Formosa,Ucr,2013-12-10,2016-02-29,https://api.argentinadatos.com/static/diputados/diputados/HCDN1151.jpg
HCDN1151,"Buryaile, Ricardo",Formosa,Ucr,2019-12-10,2023-12-09,https://api.argentinadatos.com/static/diputados/diputados/HCDN1151.jpg
HCDN2676,"Caballero, Alejandra Alcira",CABA,Pro,2015-12-10,2019-12-09,
HCDN1360,"Cabandie, Juan",CABA,Frente para la Victoria - Pj,2013-12-10,2017-12-09,
HCDN1360,"Cabandie, Juan",CABA,Frente para la Victoria - Pj,2017-12-10,2019-12-09,
HCDN2785,"Cacace, Alejandro",San Luis,Evolucion Radical,2019-12-10,2023-12-09,https://api.argentinadatos.com/static/diputados/diputados/HCDN2785.jpg
HCDN2861,"Caceres, Adriana",Buenos Aires,Pro,2017-12-10,2021-12-09,
HCDN1394,"Caceres, Eduardo Augusto",San Juan,Union Pro,2013-12-10,2017-12-09,
HCDN1394,"Caceres, Eduardo Augusto",San Juan,Pro,2017-12-10,2021-12-09,
HCDN2831,"Cafiero, Santiago",Buenos Aires,Unión por la Patria,2023-12-10,2027-12-09,https://api.argentinadatos.com/static/diputados/diputados/HCDN2831.jpg
HCDN0969,"Calcagno y Maillmann, Eric",Buenos Aires,Frente para la Victoria - Pj,2011-12-10,2015-12-09,
HCDN0981,"Calchaqui, Mariel",Tierra del Fuego,Frente para la Victoria - Pj,2007-12-10,2011-12-09,
HCDN2800,"Caliva, Lia Veronica",Salta,Frente de Todos,2019-12-10,2023-12-09,https://api.argentinadatos.com/static/diputados/diputados/HCDN2800.jpg
HCDN1575,"Calleri, Agustin Santiago",Córdoba,Unidos por una Nueva Argentina,2013-12-10,2017-12-09,
HCDN2946,"Calletti, Pamela",Salta,Innovación Federal,2021-12-10,2025-12-09,https://api.argentinadatos.com/static/diputados/diputados/HCDN2946.jpg
HCDN0173,"Camaño, Graciela",Buenos Aires,Frente Peronista,2007-12-10,2011-12-09,https://api.argentinadatos.com/static/diputados/diputados/HCDN0173.jpg
HCDN0173,"Camaño, Graciela",Buenos Aires,Frente Renovador,2011-12-10,2015-12-09,https://api.argentinadatos.com/static/diputados/diputados/HCDN0173.jpg
HCDN0173,"Camaño, Graciela",Buenos Aires,Consenso Federal,2015-12-10,2019-12-09,https://api.argentinadatos.com/static/diputados/diputados/HCDN0173.jpg
HCDN0173,"Camaño, Graciela",Buenos Aires,Consenso Federal,2019-12-10,2023-12-09,https://api.argentinadatos.com/static/diputados/diputados/HCDN0173.jpg
HCDN2362,"Campagnoli, Marcela",Buenos Aires,Coalicion Civica,2017-12-10,2021-12-09,https://api.argentinadatos.com/static/diputados/diputados/HCDN2362.jpg
HCDN2362,"Campagnoli, Marcela",Buenos Aires,Coalicion Civica,2021-12-10,2025-12-09,https://api.argentinadatos.com/static/diputados/diputados/HCDN2362.jpg
HCDN3044,"Campero, Mariano",Tucumán,La Libertad Avanza,2023-12-10,2027-12-09,https://api.argentinadatos.com/static/diputados/diputados/HCDN3044.jpg
HCDN3093,"Campitelli, Celia",Santiago del Estero,Unión por la Patria,2023-12-10,2027-12-09,https://api.argentinadatos.com/static/diputados/diputados/HCDN3093.jpg
HCDN3198,"Campo, Julieta Marisol",Chaco,Unión por la Patria,2025-12-10,2029-12-09,
HCDN3174,"Campora, Lucia",CABA,Unión por la Patria,2025-12-10,2029-12-09,
HCDN2363,"Campos, Javier",Buenos Aires,Coalicion Civica,2017-12-10,2021-12-09,https://api.argentinadatos.com/static/diputados/diputados/HCDN2363.jpg
HCDN0862,"Canela, Susana Mercedes",Salta,Frente para la Victoria - Pj,2011-12-10,2015-12-09,
HCDN1130,"Cano, Jose Manuel",Tucumán,Ucr,2013-12-10,2015-12-10,
HCDN1130,"Cano, Jose Manuel",Tucumán,Ucr,2017-12-10,2021-12-09,
HCDN2364,"Cantard, Albor Angel",Santa Fe,Ucr,2017-12-10,2021-12-09,https://api.argentinadatos.com/static/diputados/diputados/HCDN2364.jpg
HCDN3019,"Cantero, Carlos",Jujuy,Frente de Todos,2019-12-10,2023-12-09,https://api.argentinadatos.com/static/diputados/diputados/HCDN3019.jpg
HCDN0543,"Caparros, Mabel Luisa",Tierra del Fuego,Frente de Todos,2019-12-10,2023-12-09,https://api.argentinadatos.com/static/diputados/diputados/HCDN0543.jpg
HCDN3080,"Capozzi, Sergio Eduardo",Río Negro,Provincias Unidas,2023-12-10,2027-12-09,https://api.argentinadatos.com/static/diputados/diputados/HCDN3080.jpg
HCDN2365,"Carambia, Antonio Jose",Santa Cruz,Accion Federal,2017-12-10,2021-12-09,
HCDN2984,"Carasso, Marcos Gustavo",Córdoba,Ucr,2019-12-10,2023-12-09,https://api.argentinadatos.com/static/diputados/diputados/HCDN2984.jpg
HCDN2923,"Carbajal, Fernando",Formosa,Democracia para Siempre,2021-12-10,2025-12-09,https://api.argentinadatos.com/static/diputados/diputados/HCDN2923.jpg
HCDN1072,"Carca, Elisa Beatriz",Buenos Aires,Coalicion Civica,2007-12-10,2011-12-09,
HCDN1152,"Cardelli, Jorge Justo",CABA,Movimiento Proyecto Sur,2009-12-10,2013-12-09,
HCDN3090,"Carignano, Florencia",Santa Fe,Unión por la Patria,2023-12-10,2027-12-09,https://api.argentinadatos.com/static/diputados/diputados/HCDN3090.jpg
HCDN0864,"Carlotto, Remo Gerardo",Buenos Aires,Frente para la Victoria - Pj,2009-12-10,2013-12-09,
HCDN0864,"Carlotto, Remo Gerardo",Buenos Aires,Peronismo para la Victoria,2013-12-10,2017-12-09,
HCDN1247,"Carmona, Guillermo Ramon",Mendoza,Frente para la Victoria - Pj,2011-12-10,2015-12-09,
HCDN1247,"Carmona, Guillermo Ramon",Mendoza,Frente para la Victoria - Pj,2015-12-10,2019-12-09,
HCDN2863,"Carnaghi, Guillermo Oscar",Neuquén,Frente de Todos,2019-12-10,2023-12-09,https://api.argentinadatos.com/static/diputados/diputados/HCDN2863.jpg
HCDN1495,"Carol, Analuz Ailen",Tierra del Fuego,Frente para la Victoria - Pj,2015-12-10,2019-12-09,
HCDN3164,"Carrancio, Alejandro",Buenos Aires,La Libertad Avanza,2025-12-10,2029-12-09,
HCDN1153,"Carranza, Carlos Alberto",Santa Fe,Frente Renovador,2009-12-10,2013-12-09,
HCDN1333,"Carrillo, Maria del Carmen",Tucumán,Frente para la Victoria - Pj,2011-12-10,2015-12-09,
HCDN0079,"Carrio, Elisa Maria Avelina",CABA,Coalicion Civica - Ari,2009-12-10,2013-12-09,
HCDN0079,"Carrio, Elisa Maria Avelina",CABA,Coalicion Civica,2013-12-10,2017-12-09,
HCDN0079,"Carrio, Elisa Maria Avelina",CABA,Coalicion Civica,2017-12-10,2020-02-29,
HCDN1361,"Carrizo, Ana Carla",CABA,Ucr,2013-12-10,2017-12-09,https://api.argentinadatos.com/static/diputados/diputados/HCDN1361.jpg
HCDN1361,"Carrizo, Ana Carla",CABA,Ucr,2017-12-10,2021-12-09,https://api.argentinadatos.com/static/diputados/diputados/HCDN1361.jpg
HCDN1361,"Carrizo, Ana Carla",CABA,Democracia para Siempre,2021-12-10,2025-12-09,https://api.argentinadatos.com/static/diputados/diputados/HCDN1361.jpg
HCDN1420,"Carrizo, Nilda Mabel",Tucumán,Frente para la Victoria - Pj,2013-12-10,2017-12-09,https://api.argentinadatos.com/static/diputados/diputados/HCDN1420.jpg
HCDN1420,"Carrizo, Nilda Mabel",Tucumán,Frente de Todos,2019-12-10,2023-12-09,https://api.argentinadatos.com/static/diputados/diputados/HCDN1420.jpg
HCDN1365,"Carrizo, Soledad",Córdoba,Ucr,2013-12-10,2017-12-09,https://api.argentinadatos.com/static/diputados/diputados/HCDN1365.jpg
HCDN1365,"Carrizo, Soledad",Córdoba,Ucr,2017-12-10,2021-12-09,https://api.argentinadatos.com/static/diputados/diputados/HCDN1365.jpg
HCDN1365,"Carrizo, Soledad",Córdoba,Ucr - Unión Cívica Radical,2021-12-10,2025-12-09,https://api.argentinadatos.com/static/diputados/diputados/HCDN1365.jpg
HCDN2366,"Carro, Pablo",Córdoba,Frente de Todos,2017-12-10,2021-12-09,https://api.argentinadatos.com/static/diputados/diputados/HCDN2366.jpg
HCDN2366,"Carro, Pablo",Córdoba,Unión por la Patria,2021-12-10,2025-12-09,https://api.argentinadatos.com/static/diputados/diputados/HCDN2366.jpg
HCDN1154,"Casañas, Juan Francisco",Tucumán,Ucr,2009-12-10,2013-12-09,
HCDN1154,"Casañas, Juan Francisco",Tucumán,Del Bicentenario,2013-12-10,2017-12-09,
HCDN2778,"Casaretto, Marcelo Pablo",Entre Ríos,Frente de Todos,2019-12-10,2023-12-09,https://api.argentinadatos.com/static/diputados/diputados/HCDN2778.jpg
HCDN2780,"Casas, Sergio Guillermo",La Rioja,Frente de Todos,2019-12-10,2023-12-09,https://api.argentinadatos.com/static/diputados/diputados/HCDN2780.jpg
HCDN2780,"Casas, Sergio Guillermo",La Rioja,Unión por la Patria,2023-12-10,2027-12-09,https://api.argentinadatos.com/static/diputados/diputados/HCDN2780.jpg
HCDN0982,"Caselles, Graciela Maria",San Juan,Frente para la Victoria - Pj,2007-12-10,2011-12-09,https://api.argentinadatos.com/static/diputados/diputados/HCDN0982.jpg
HCDN0982,"Caselles, Graciela Maria",San Juan,Frente para la Victoria - Pj,2011-12-10,2015-12-09,https://api.argentinadatos.com/static/diputados/diputados/HCDN0982.jpg
HCDN0982,"Caselles, Graciela Maria",San Juan,Partido Bloquista de San Juan,2015-12-10,2019-12-09,https://api.argentinadatos.com/static/diputados/diputados/HCDN0982.jpg
HCDN0982,"Caselles, Graciela Maria",San Juan,Frente de Todos,2019-12-10,2023-12-09,https://api.argentinadatos.com/static/diputados/diputados/HCDN0982.jpg
HCDN0722,"Caserio, Carlos Alberto",Córdoba,Union por Cordoba,2013-12-10,2015-12-09,
HCDN2367,"Cassinerio, Paulo Leonardo",Córdoba,Cordoba Federal,2017-12-10,2021-12-09,https://api.argentinadatos.com/static/diputados/diputados/HCDN2367.jpg
HCDN1454,"Castagneto, Carlos Daniel",Buenos Aires,Frente para la Victoria - Pj,2015-12-10,2019-12-09,https://api.argentinadatos.com/static/diputados/diputados/HCDN1454.jpg
HCDN1454,"Castagneto, Carlos Daniel",Buenos Aires,Frente de Todos,2019-12-10,2019-12-11,https://api.argentinadatos.com/static/diputados/diputados/HCDN1454.jpg
HCDN1454,"Castagneto, Carlos Daniel",Buenos Aires,Unión por la Patria,2023-12-10,2027-12-09,https://api.argentinadatos.com/static/diputados/diputados/HCDN1454.jpg
HCDN1117,"Castaldo, Norah Susana",Tucumán,Ucr,2007-12-10,2011-12-09,
HCDN1155,"Castañon, Hugo",Río Negro,Ucr,2009-12-10,2013-12-09,
HCDN3225,"Castelnuovo, Giselle",Buenos Aires,La Libertad Avanza,2025-12-10,2029-12-09,
HCDN2827,"Castets, Laura Carolina",Santa Fe,Valores Republicanos,2019-12-10,2023-12-09,https://api.argentinadatos.com/static/diputados/diputados/HCDN2827.jpg
HCDN3066,"Castillo, Christian",Buenos Aires,Pts-Frente de Izquierda Unidad,2023-12-10,2025-12-09,https://api.argentinadatos.com/static/diputados/diputados/HCDN3066.jpg
HCDN1488,"Castro Molina, Enrique Roberto",San Juan,Compromiso con San Juan,2015-12-10,2016-05-24,
HCDN1395,"Castro, Sandra Daniela",San Juan,Frente para la Victoria - Pj,2013-12-10,2017-12-09,
HCDN1395,"Castro, Sandra Daniela",San Juan,Frente para la Victoria - Pj,2017-12-10,2019-12-09,
HCDN1248,"Catalan Magni, Julio Cesar",Tierra del Fuego,Frente para la Victoria - Pj,2011-12-10,2013-12-09,
HCDN0403,"Caviglia, Franco Agustin",Buenos Aires,Juntos por Argentina,2013-12-10,2017-12-09,
HCDN0983,"Cejas, Jorge Alberto",Río Negro,Frente para la Victoria - Pj,2007-12-10,2011-12-09,
HCDN0983,"Cejas, Jorge Alberto",Río Negro,Frente para la Victoria - Pj,2011-12-10,2015-12-09,
HCDN2368,"Cerruti, Gabriela",CABA,Frente de Todos,2017-12-10,2021-10-13,https://api.argentinadatos.com/static/diputados/diputados/HCDN2368.jpg
HCDN2930,"Cervi, Pablo",Neuquén,Liga del Interior Eli,2021-12-10,2025-12-09,https://api.argentinadatos.com/static/diputados/diputados/HCDN2930.jpg
HCDN2911,"Chaher, Leila",Jujuy,Unión por la Patria,2021-12-10,2025-12-09,https://api.argentinadatos.com/static/diputados/diputados/HCDN2911.jpg
HCDN2931,"Chahla, Rossana",Tucumán,Frente de Todos,2021-12-10,2023-10-27,https://api.argentinadatos.com/static/diputados/diputados/HCDN2931.jpg
HCDN1156,"Chemes, Jorge Omar",Entre Ríos,Ucr,2009-12-10,2013-12-09,
HCDN3085,"Chica, Jorge",San Juan,Unión por la Patria,2023-12-10,2027-12-09,https://api.argentinadatos.com/static/diputados/diputados/HCDN3085.jpg
HCDN3254,"Chiconi, Abel",San Juan,La Libertad Avanza,2025-12-10,2029-12-09,
HCDN1157,"Chieno, Maria Elena Petrona",Corrientes,Frente para la Victoria - Pj,2009-12-10,2013-12-09,
HCDN0986,"Chiquichano, Rosa Laudelina",Chubut,Frente para la Victoria - Pj,2007-12-10,2011-12-09,
HCDN2885,"Chomiak, Maria Luisa",Chaco,Unión por la Patria,2021-12-10,2025-12-09,https://api.argentinadatos.com/static/diputados/diputados/HCDN2885.jpg
HCDN2919,"Chumpitaz, Gabriel Felipe",Santa Fe,Futuro y Libertad,2021-12-10,2025-12-09,https://api.argentinadatos.com/static/diputados/diputados/HCDN2919.jpg
HCDN1249,"Ciampini, Jose Alberto",Neuquén,Frente para la Victoria - Pj,2011-12-10,2015-12-09,
HCDN1249,"Ciampini, Jose Alberto",Neuquén,Frente para la Victoria - Pj,2015-12-10,2019-12-09,
HCDN1158,"Ciciliani, Alicia Mabel",Santa Fe,Partido Socialista,2009-12-10,2013-12-09,
HCDN1158,"Ciciliani, Alicia Mabel",Santa Fe,Partido Socialista,2013-12-10,2017-12-09,
HCDN0594,"Cigogna, Luis Francisco Jorge",Buenos Aires,Frente para la Victoria - Pj,2009-12-10,2013-12-09,
HCDN0594,"Cigogna, Luis Francisco Jorge",Buenos Aires,Frente para la Victoria - Pj,2013-12-10,2017-12-09,
HCDN2803,"Cipolini, Gerardo",Chaco,Ucr,2019-12-10,2023-12-09,https://api.argentinadatos.com/static/diputados/diputados/HCDN2803.jpg
HCDN2803,"Cipolini, Gerardo",Chaco,Ucr - Unión Cívica Radical,2023-12-10,2027-12-09,https://api.argentinadatos.com/static/diputados/diputados/HCDN2803.jpg
HCDN2765,"Cisneros, Carlos",Tucumán,Frente de Todos,2019-12-10,2023-12-09,https://api.argentinadatos.com/static/diputados/diputados/HCDN2765.jpg
HCDN2765,"Cisneros, Carlos",Tucumán,Unión por la Patria,2023-12-10,2027-12-09,https://api.argentinadatos.com/static/diputados/diputados/HCDN2765.jpg
HCDN1250,"Cleri, Marcos",Santa Fe,Frente para la Victoria - Pj,2011-12-10,2015-12-09,https://api.argentinadatos.com/static/diputados/diputados/HCDN1250.jpg
HCDN1250,"Cleri, Marcos",Santa Fe,Frente para la Victoria - Pj,2015-12-10,2019-12-09,https://api.argentinadatos.com/static/diputados/diputados/HCDN1250.jpg
HCDN1250,"Cleri, Marcos",Santa Fe,Frente de Todos,2019-12-10,2023-12-09,https://api.argentinadatos.com/static/diputados/diputados/HCDN1250.jpg
HCDN0934,"Closs, Maurice Fabian",Misiones,Misiones,2015-12-10,2017-12-09,
HCDN1066,"Cobos, Julio",Mendoza,Ucr,2013-12-10,2015-12-09,https://api.argentinadatos.com/static/diputados/diputados/HCDN1066.jpg
HCDN1066,"Cobos, Julio",Mendoza,Ucr - Unión Cívica Radical,2021-12-10,2025-12-09,https://api.argentinadatos.com/static/diputados/diputados/HCDN1066.jpg
HCDN3034,"Coletta, Mariela",CABA,Provincias Unidas,2023-12-10,2027-12-09,https://api.argentinadatos.com/static/diputados/diputados/HCDN3034.jpg
HCDN2894,"Coli, Marcela",La Pampa,Democracia para Siempre,2021-12-10,2025-12-09,https://api.argentinadatos.com/static/diputados/diputados/HCDN2894.jpg
HCDN0867,"Collantes, Genaro Aurelio",Catamarca,Ucr,2009-12-10,2009-12-25,
HCDN0726,"Comelli, Alicia Marcela",Neuquén,Mov Pop Neuquino,2007-12-10,2011-12-09,
HCDN0726,"Comelli, Alicia Marcela",Neuquén,Mov Pop Neuquino,2011-12-10,2015-12-09,
HCDN1159,"Comi, Carlos Marcelo",Santa Fe,Coalicion Civica - Ari,2009-12-10,2013-12-09,
HCDN1566,"Conesa, Eduardo Raul",CABA,Union Pro,2013-12-10,2017-12-09,
HCDN0181,"Conti, Diana Beatriz",Buenos Aires,Frente para la Victoria - Pj,2009-12-10,2013-12-09,
HCDN0181,"Conti, Diana Beatriz",Buenos Aires,Frente para la Victoria - Pj,2013-12-10,2017-12-09,
HCDN2369,"Contigiani, Luis Gustavo",Santa Fe,Frente Progresista Civico y Social,2017-12-10,2021-12-09,https://api.argentinadatos.com/static/diputados/diputados/HCDN2369.jpg
HCDN1332,"Contrera, Monica Graciela",Chubut,Frente para la Victoria - Pj,2011-12-10,2015-12-09,
HCDN1578,"Copes, Ana Isabel",Santa Fe,Democrata Progresista,2013-12-10,2017-12-09,
HCDN0597,"Cordoba, Stella Maris",Tucumán,Frente para la Victoria - Pj,2009-12-10,2013-12-09,
HCDN0870,"Cornejo, Alfredo Victor",Mendoza,Ucr,2019-12-10,2021-12-09,
HCDN2782,"Cornejo, Virginia",Salta,Pro,2019-12-10,2023-12-09,https://api.argentinadatos.com/static/diputados/diputados/HCDN2782.jpg
HCDN1119,"Corpacci, Lucia Benigna",Catamarca,Frente de Todos,2019-12-10,2021-12-09,https://api.argentinadatos.com/static/diputados/diputados/HCDN1119.jpg
HCDN3072,"Correa Llano, Facundo",Mendoza,La Libertad Avanza,2023-12-10,2027-12-09,https://api.argentinadatos.com/static/diputados/diputados/HCDN3072.jpg
HCDN2370,"Correa, Walter",Buenos Aires,Frente de Todos,2017-12-10,2021-12-09,https://api.argentinadatos.com/static/diputados/diputados/HCDN2370.jpg
HCDN0984,"Cortina, Roy",CABA,Partido Socialista,2007-12-10,2011-12-09,
HCDN0984,"Cortina, Roy",CABA,Partido Socialista,2011-12-10,2015-12-09,
HCDN2977,"Costa, Anahi",Catamarca,Frente de Todos,2019-12-10,2023-12-09,https://api.argentinadatos.com/static/diputados/diputados/HCDN2977.jpg
HCDN1160,"Costa, Eduardo Raul",Santa Cruz,Ucr,2009-12-10,2013-12-09,
HCDN1160,"Costa, Eduardo Raul",Santa Cruz,Ucr,2013-12-10,2017-12-09,
HCDN2282,"Couly, Veronica Carolina",Buenos Aires,Federal Unidos por una Nueva Argentina,2013-12-10,2017-12-09,
HCDN1580,"Cousinet, Graciela",Mendoza,Libres del Sur,2013-12-10,2017-12-09,
HCDN0985,"Cremer de Busti, Maria Cristina",Entre Ríos,Peronismo Federal,2007-12-10,2009-12-09,
HCDN0985,"Cremer de Busti, Maria Cristina",Entre Ríos,Frente Peronista,2009-12-10,2013-12-09,
HCDN0985,"Cremer de Busti, Maria Cristina",Entre Ríos,Union por entre Rios,2013-12-10,2017-12-09,
HCDN2797,"Crescimbeni, Camila",Buenos Aires,Pro,2019-12-10,2023-12-09,https://api.argentinadatos.com/static/diputados/diputados/HCDN2797.jpg
HCDN2371,"Cresto, Mayda",Entre Ríos,Frente de Todos,2017-12-10,2021-12-09,https://api.argentinadatos.com/static/diputados/diputados/HCDN2371.jpg
HCDN1071,"Cuccovillo, Ricardo Oscar",Buenos Aires,Partido Socialista,2007-12-10,2011-12-09,
HCDN1071,"Cuccovillo, Ricardo Oscar",Buenos Aires,Partido Socialista,2011-12-10,2015-12-09,
HCDN1161,"Currilen, Oscar Ruben",Chubut,Frente para la Victoria - Pj,2009-12-10,2013-12-09,
HCDN0600,"Cusinato, Gustavo",Entre Ríos,Ucr,2007-12-10,2011-12-09,
HCDN1339,"D Alessandro, Marcelo Silvio",Buenos Aires,Federal Unidos por una Nueva Argentina,2013-12-10,2016-03-11,
HCDN1374,"D'agostino, Jorge Marcelo",Entre Ríos,Ucr,2013-12-10,2017-12-09,
HCDN3060,"D'alessandro, Carlos",San Luis,Coherencia,2023-12-10,2025-12-09,https://api.argentinadatos.com/static/diputados/diputados/HCDN3060.jpg
HCDN1340,"Daer, Hector Ricardo",Buenos Aires,Bloque de los Trabajadores,2013-12-10,2017-12-09,
HCDN0409,"Daher, Zulema Beatriz",Salta,Union Peronista,2007-12-10,2011-12-09,
HCDN2822,"Daives, Ricardo",Santiago del Estero,Frente de Todos,2019-12-10,2023-12-09,https://api.argentinadatos.com/static/diputados/diputados/HCDN2822.jpg
HCDN2822,"Daives, Ricardo",Santiago del Estero,Unión por la Patria,2023-12-10,2027-12-09,https://api.argentinadatos.com/static/diputados/diputados/HCDN2822.jpg
HCDN2853,"Daldovo, Nelly Ramona",Formosa,Frente de Todos,2019-12-10,2023-12-09,https://api.argentinadatos.com/static/diputados/diputados/HCDN2853.jpg
HCDN0987,"Damilano Grivarello, Viviana Monica",Chaco,Frente para la Victoria - Pj,2007-12-10,2011-12-09,
HCDN2870,"Dantas, Pedro Cristian",Río Negro,Frente de Todos,2019-12-10,2023-12-09,https://api.argentinadatos.com/static/diputados/diputados/HCDN2870.jpg
HCDN0083,"Das Neves, Mario",Chubut,Trabajo y Dignidad,2013-12-10,2015-12-10,
HCDN0988,"Dato, Alfredo Carlos",Tucumán,Frente para la Victoria - Pj,2007-12-10,2011-12-09,
HCDN0988,"Dato, Alfredo Carlos",Tucumán,Frente para la Victoria - Pj,2011-12-10,2015-12-09,
HCDN1486,"David, Javier",Salta,Justicialista,2015-12-10,2019-12-09,
HCDN3253,"De Andreis, Fernando",CABA,Pro,2025-12-10,2029-12-09,
HCDN1251,"De Ferrari Rueda, Patricia",Córdoba,Ucr,2011-12-10,2015-12-09,
HCDN1252,"De Gennaro, Victor Norberto",Buenos Aires,Unidad Popular,2011-12-10,2015-12-09,
HCDN0732,"De la Rosa, Maria Graciela",Formosa,Frente para la Victoria - Pj,2007-12-10,2011-12-09,
HCDN0732,"De la Rosa, Maria Graciela",Formosa,Unión por la Patria,2025-12-10,2029-12-09,
HCDN2928,"De la Sota, Natalia",Córdoba,Defendamos Córdoba,2021-12-10,2025-12-09,https://api.argentinadatos.com/static/diputados/diputados/HCDN2928.jpg
HCDN2928,"De la Sota, Natalia",Córdoba,Defendamos Córdoba,2025-12-10,2029-12-09,https://api.argentinadatos.com/static/diputados/diputados/HCDN2928.jpg
HCDN2794,"De Lamadrid, Alvaro",CABA,Ucr,2017-12-10,2021-12-09,
HCDN2942,"De Loredo, Rodrigo",Córdoba,Ucr - Unión Cívica Radical,2021-12-10,2025-12-09,https://api.argentinadatos.com/static/diputados/diputados/HCDN2942.jpg
HCDN0871,"De Marchi, Omar",Mendoza,Democrata de Mendoza,2009-12-10,2013-12-09,https://api.argentinadatos.com/static/diputados/diputados/HCDN0871.jpg
HCDN0871,"De Marchi, Omar",Mendoza,Pro,2019-12-10,2023-12-09,https://api.argentinadatos.com/static/diputados/diputados/HCDN0871.jpg
HCDN3150,"De Mendieta, Mercedes",CABA,Izquierda Socialista Fit-Unidad,2021-12-10,2025-12-09,
HCDN0668,"De Mendiguren, Jose Ignacio",Buenos Aires,Federal Unidos por una Nueva Argentina,2013-12-10,2017-12-09,
HCDN0668,"De Mendiguren, Jose Ignacio",Buenos Aires,Frente de Todos,2017-12-10,2021-12-09,
HCDN0872,"De Narvaez, Francisco",Buenos Aires,Frente Peronista,2009-12-10,2013-12-09,
HCDN0872,"De Narvaez, Francisco",Buenos Aires,Union Celeste y Blanco,2013-12-10,2015-12-03,
HCDN1253,"De Pedro, Eduardo Enrique",Buenos Aires,Frente para la Victoria - Pj,2011-12-10,2015-02-26,
HCDN1253,"De Pedro, Eduardo Enrique",Buenos Aires,Frente para la Victoria - Pj,2015-12-10,2019-12-09,
HCDN1253,"De Pedro, Eduardo Enrique",Buenos Aires,Frente de Todos,2019-12-10,2019-12-10,
HCDN1493,"De Ponti, Lucila Maria",Santa Fe,Movimiento Evita,2015-12-10,2019-12-09,
HCDN1162,"De Prat Gay, Alfonso",CABA,Coalicion Civica - Ari,2009-12-10,2013-12-09,
HCDN3101,"De Sensi, Maria Florencia",Buenos Aires,Pro,2021-12-10,2025-12-09,https://api.argentinadatos.com/static/diputados/diputados/HCDN3101.jpg
HCDN3101,"De Sensi, Maria Florencia",Buenos Aires,Pro,2025-12-10,2029-12-09,https://api.argentinadatos.com/static/diputados/diputados/HCDN3101.jpg
HCDN0703,"De Vido, Julio",Buenos Aires,Frente para la Victoria - Pj,2015-12-10,2019-12-09,
HCDN0989,"Del Campillo, Hector Eduardo",Córdoba,Ucr,2007-12-10,2011-12-09,
HCDN1383,"Del Caño, Nicolas",Mendoza,Pts - Frente de Izquierda,2013-12-10,2015-12-02,https://api.argentinadatos.com/static/diputados/diputados/HCDN1383.jpg
HCDN1383,"Del Caño, Nicolas",Buenos Aires,Pts - Frente de Izquierda,2017-12-10,2021-06-10,https://api.argentinadatos.com/static/diputados/diputados/HCDN1383.jpg
HCDN1383,"Del Caño, Nicolas",Buenos Aires,Pts-Frente de Izquierda Unidad,2021-12-10,2025-07-02,https://api.argentinadatos.com/static/diputados/diputados/HCDN1383.jpg
HCDN1383,"Del Caño, Nicolas",Buenos Aires,Pts-Frente de Izquierda y de Trabajadores Unidad,2025-12-10,2029-12-09,https://api.argentinadatos.com/static/diputados/diputados/HCDN1383.jpg
HCDN2372,"Del Cerro, Gonzalo Pedro Antonio",Santa Fe,Ucr,2017-12-10,2021-12-09,https://api.argentinadatos.com/static/diputados/diputados/HCDN2372.jpg
HCDN2373,"Del Pla, Romina",Buenos Aires,Frente de Izquierda y de los Trabajadores,2017-12-10,2020-12-09,https://api.argentinadatos.com/static/diputados/diputados/HCDN2373.jpg
HCDN2373,"Del Pla, Romina",Buenos Aires,Partido Obrero-Frente de Izquierda y Trabajadores Unidad,2021-12-10,2024-06-26,https://api.argentinadatos.com/static/diputados/diputados/HCDN2373.jpg
HCDN2373,"Del Pla, Romina",Buenos Aires,Partido Obrero en el Frente de Izquierda y de Trabajadores-U,2025-12-10,2029-12-09,https://api.argentinadatos.com/static/diputados/diputados/HCDN2373.jpg
HCDN2374,"Delu, Melina Aida",La Pampa,Frente de Todos,2017-12-10,2021-12-09,
HCDN0875,"Depetri, Edgardo Fernando",Buenos Aires,Frente para la Victoria - Pj,2009-12-10,2013-12-09,
HCDN0875,"Depetri, Edgardo Fernando",Buenos Aires,Frente para la Victoria - Pj,2013-12-10,2017-12-09,
HCDN2438,"Derna, Veronica",Misiones,Frente de la Concordia Misionero,2015-12-10,2019-12-09,
HCDN2813,"Di Giacomo, Luis",Río Negro,Juntos Somos Rio Negro,2019-12-10,2023-12-09,https://api.argentinadatos.com/static/diputados/diputados/HCDN2813.jpg
HCDN1481,"Di Stefano, Daniel",Misiones,Frente de la Concordia Misionero,2015-12-10,2019-12-09,
HCDN0876,"Di Tullio, Juliana",Buenos Aires,Frente para la Victoria - Pj,2009-12-10,2013-12-09,
HCDN0876,"Di Tullio, Juliana",Buenos Aires,Frente para la Victoria - Pj,2013-12-10,2017-12-09,
HCDN0412,"Diaz Bancalari, Jose Maria",Buenos Aires,Frente para la Victoria - Pj,2007-12-10,2011-12-09,
HCDN0412,"Diaz Bancalari, Jose Maria",Buenos Aires,Frente para la Victoria - Pj,2011-12-10,2015-12-09,
HCDN0877,"Diaz Roig, Juan Carlos",Formosa,Frente para la Victoria - Pj,2009-12-10,2013-12-09,
HCDN0877,"Diaz Roig, Juan Carlos",Formosa,Frente para la Victoria - Pj,2013-12-10,2017-12-09,
HCDN3194,"Diaz, Fernanda",Buenos Aires,Unión por la Patria,2025-12-10,2029-12-09,
HCDN0739,"Diaz, Susana Eladia",Tucumán,Frente para la Victoria - Pj,2007-12-10,2011-10-26,
HCDN3041,"Diez, Romina",Santa Fe,La Libertad Avanza,2023-12-10,2027-12-09,https://api.argentinadatos.com/static/diputados/diputados/HCDN3041.jpg
HCDN1519,"Dindart, Julian",Corrientes,Ucr,2015-12-10,2019-12-09,
HCDN3193,"Dolce, Sergio",Chaco,Unión por la Patria,2025-12-10,2029-12-09,
HCDN2954,"Domingo, Agustin",Río Negro,Innovación Federal,2021-12-10,2025-12-09,https://api.argentinadatos.com/static/diputados/diputados/HCDN2954.jpg
HCDN1118,"Dominguez, Julian Andres",Buenos Aires,Frente para la Victoria - Pj,2011-12-10,2015-12-09,
HCDN2335,"Dominguez, Ramon Alfredo",San Luis,Compromiso Federal,2013-12-10,2017-12-09,
HCDN1073,"Donda Perez, Victoria Analia",Buenos Aires,Libres del Sur,2007-12-10,2011-12-09,
HCDN1073,"Donda Perez, Victoria Analia",Buenos Aires,Libres del Sur,2011-12-10,2015-12-09,
HCDN1073,"Donda Perez, Victoria Analia",CABA,Somos,2015-12-10,2019-12-09,
HCDN1073,"Donda Perez, Victoria Analia",CABA,Frente de Todos,2019-12-10,2019-12-10,
HCDN1228,"Donkin, Carlos Guillermo",Formosa,Frente para la Victoria - Pj,2007-12-10,2011-12-09,
HCDN1228,"Donkin, Carlos Guillermo",Formosa,Frente para la Victoria - Pj,2011-12-10,2015-12-09,
HCDN1483,"Doñate, Claudio Martin",Río Negro,Frente para la Victoria - Pj,2015-12-10,2019-12-09,
HCDN1255,"Duclos, Omar Arnaldo",Buenos Aires,Gen,2011-12-10,2015-12-09,
HCDN1391,"Durand Cornejo, Guillermo Mario",Salta,Union Pro,2013-12-10,2017-12-09,
HCDN1559,"Dure, Lucila Beatriz",Formosa,Partido Socialista,2013-12-10,2017-12-09,
HCDN1227,"Dutto, Gustavo Alberto",Buenos Aires,Frente para la Victoria - Pj,2007-12-10,2011-12-09,
HCDN1442,"Echegaray, Alejandro Carlos Augusto",Buenos Aires,Ucr,2015-12-10,2019-12-09,
HCDN1341,"Ehcosor, Maria Azucena",Buenos Aires,Federal Unidos por una Nueva Argentina,2013-12-10,2017-12-09,
HCDN2766,"El Sukaria, Soher",Córdoba,Pro,2019-12-10,2023-12-09,https://api.argentinadatos.com/static/diputados/diputados/HCDN2766.jpg
HCDN1419,"Elias de Perez, Silvia Beatriz",Tucumán,Ucr,2013-12-10,2013-12-12,
HCDN1256,"Eliceche, Carlos Tomas",Chubut,Frente para la Victoria - Pj,2011-12-10,2013-03-01,
HCDN1257,"Elorriaga, Osvaldo Enrique",Entre Ríos,Frente para la Victoria - Pj,2011-12-10,2015-12-09,
HCDN3024,"Emma, Nicolas",CABA,La Libertad Avanza,2021-12-10,2025-12-09,https://api.argentinadatos.com/static/diputados/diputados/HCDN3024.jpg
HCDN3024,"Emma, Nicolas",CABA,La Libertad Avanza,2025-12-10,2029-12-09,https://api.argentinadatos.com/static/diputados/diputados/HCDN3024.jpg
HCDN2435,"Enriquez, Jorge Ricardo",CABA,Pro,2017-12-10,2021-12-09,https://api.argentinadatos.com/static/diputados/diputados/HCDN2435.jpg
HCDN1090,"Erro, Norberto Pedro",Buenos Aires,Ucr,2007-12-10,2011-12-09,
HCDN1428,"Esper, Laura",Buenos Aires,Frente Renovador,2011-12-10,2015-12-09,
HCDN2901,"Espert, Jose Luis",Buenos Aires,La Libertad Avanza,2021-12-10,2025-12-09,https://api.argentinadatos.com/static/diputados/diputados/HCDN2901.jpg
HCDN3017,"Espil, Santiago Eugenio",Buenos Aires,Coalicion Civica,2019-12-10,2023-12-09,https://api.argentinadatos.com/static/diputados/diputados/HCDN3017.jpg
HCDN1163,"Espindola, Gladys Susana",Córdoba,Ucr,2009-12-10,2013-12-09,
HCDN2430,"Espinoza, Fernando",Buenos Aires,Frente de Todos,2017-12-10,2019-12-11,
HCDN2756,"Estevez, Enrique",Santa Fe,Socialista,2019-12-10,2023-12-09,https://api.argentinadatos.com/static/diputados/diputados/HCDN2756.jpg
HCDN1514,"Estevez, Gabriela Beatriz",Córdoba,Frente para la Victoria - Pj,2015-12-10,2019-12-09,https://api.argentinadatos.com/static/diputados/diputados/HCDN1514.jpg
HCDN1514,"Estevez, Gabriela Beatriz",Córdoba,Frente de Todos,2019-12-10,2023-12-09,https://api.argentinadatos.com/static/diputados/diputados/HCDN1514.jpg
HCDN1514,"Estevez, Gabriela Beatriz",Córdoba,Unión por la Patria,2023-12-10,2027-12-09,https://api.argentinadatos.com/static/diputados/diputados/HCDN1514.jpg
HCDN2884,"Estrada, Emiliano",Salta,Unión por la Patria,2021-12-10,2025-12-09,https://api.argentinadatos.com/static/diputados/diputados/HCDN2884.jpg
HCDN1342,"Fabiani, Eduardo Alberto",Buenos Aires,Juntos por Argentina,2013-12-10,2017-12-09,
HCDN0741,"Fadel, Patricia Susana",Mendoza,Frente para la Victoria - Pj,2007-12-10,2011-12-09,
HCDN1164,"Fadul, Liliana",Tierra del Fuego,Partido Federal Fueguino,2009-12-10,2013-12-09,
HCDN2844,"Fagioli, Federico",Buenos Aires,Frente de Todos,2019-12-10,2023-12-09,https://api.argentinadatos.com/static/diputados/diputados/HCDN2844.jpg
HCDN3089,"Falcone, Eduardo",Buenos Aires,Mid - Movimiento de Integración y Desarrollo,2023-12-10,2027-12-09,https://api.argentinadatos.com/static/diputados/diputados/HCDN3089.jpg
HCDN3252,"Fargosi, Alejandro",CABA,La Libertad Avanza,2025-12-10,2029-12-09,
HCDN3219,"Farias, Pablo",Santa Fe,Provincias Unidas,2025-12-10,2029-12-09,
HCDN1165,"Faustinelli, Hipolito",Córdoba,Ucr,2009-12-10,2013-12-09,
HCDN1166,"Favario, Carlos Alberto",Santa Fe,Democrata Progresista,2009-12-10,2013-12-09,
HCDN2891,"Fein, Monica",Santa Fe,Encuentro Federal,2021-12-10,2025-12-09,https://api.argentinadatos.com/static/diputados/diputados/HCDN2891.jpg
HCDN0990,"Fein, Monica Hayde",Santa Fe,Partido Socialista,2007-12-10,2011-12-09,
HCDN1258,"Feletti, Roberto Jose",CABA,Frente para la Victoria - Pj,2011-12-10,2015-12-09,
HCDN3212,"Felix, Emir",Mendoza,Unión por la Patria,2025-12-10,2029-12-09,
HCDN1167,"Felix, Omar Chafi",Mendoza,Frente para la Victoria - Pj,2009-12-10,2013-12-09,
HCDN1167,"Felix, Omar Chafi",Mendoza,Frente de Todos,2017-12-10,2021-12-09,
HCDN1033,"Fellner, Eduardo Alfredo",Jujuy,Frente para la Victoria - Pj,2007-12-10,2011-12-09,
HCDN0991,"Fernandez Basualdo, Luis Maria",Formosa,Frente para la Victoria - Pj,2007-12-10,2010-10-19,
HCDN1436,"Fernandez Blanco, Maria Cristina",Jujuy,Ucr,2011-12-10,2015-12-09,
HCDN2375,"Fernandez Langan, Ezequiel",Buenos Aires,Pro,2017-12-10,2021-12-09,https://api.argentinadatos.com/static/diputados/diputados/HCDN2375.jpg
HCDN1378,"Fernandez Mendia, Gustavo Rodolfo",La Pampa,Justicialista,2013-12-10,2017-12-09,
HCDN3057,"Fernandez Molero, Daiana",CABA,Pro,2023-12-10,2027-12-09,https://api.argentinadatos.com/static/diputados/diputados/HCDN3057.jpg
HCDN2376,"Fernandez Patri, Ramiro",Formosa,Frente de Todos,2017-12-10,2021-12-09,https://api.argentinadatos.com/static/diputados/diputados/HCDN2376.jpg
HCDN2376,"Fernandez Patri, Ramiro",Formosa,Unión por la Patria,2021-12-10,2025-12-09,https://api.argentinadatos.com/static/diputados/diputados/HCDN2376.jpg
HCDN1259,"Fernandez Sagasti, Anabel",Mendoza,Frente para la Victoria - Pj,2011-12-10,2015-12-09,
HCDN2903,"Fernandez, Agustin",Tucumán,Independencia,2021-12-10,2025-12-09,https://api.argentinadatos.com/static/diputados/diputados/HCDN2903.jpg
HCDN2377,"Fernandez, Carlos A.",Buenos Aires,Ucr,2017-12-10,2021-12-09,
HCDN2985,"Fernandez, Carlos Alberto",Misiones,Innovación Federal,2021-12-10,2025-12-09,https://api.argentinadatos.com/static/diputados/diputados/HCDN2985.jpg
HCDN2815,"Fernandez, Eduardo",Córdoba,Frente de Todos,2019-12-10,2023-12-09,https://api.argentinadatos.com/static/diputados/diputados/HCDN2815.jpg
HCDN3020,"Fernandez, Elia Marina",Tucumán,Independencia,2021-12-10,2025-12-09,https://api.argentinadatos.com/static/diputados/diputados/HCDN3020.jpg
HCDN3020,"Fernandez, Elia Marina",Tucumán,Independencia,2023-12-10,2027-12-09,https://api.argentinadatos.com/static/diputados/diputados/HCDN3020.jpg
HCDN2852,"Fernandez, Hector",Buenos Aires,Frente de Todos,2017-12-10,2021-12-09,https://api.argentinadatos.com/static/diputados/diputados/HCDN2852.jpg
HCDN3208,"Fernandez, Jorge",San Luis,Primero San Luis,2025-12-10,2029-12-09,
HCDN1168,"Fernandez, Rodolfo Alfredo",Corrientes,Ucr,2009-12-10,2013-12-09,
HCDN0879,"Ferra de Bartol, Margarita",San Juan,Frente para la Victoria - Pj,2009-12-10,2013-10-11,
HCDN3176,"Ferran, Abelardo",La Pampa,Unión por la Patria,2025-12-10,2029-12-09,
HCDN1169,"Ferrari, Gustavo Alfredo Horacio",Buenos Aires,Frente Peronista,2009-12-10,2013-12-09,
HCDN2787,"Ferraro, Maximiliano",CABA,Coalicion Civica,2019-12-10,2023-12-09,https://api.argentinadatos.com/static/diputados/diputados/HCDN2787.jpg
HCDN2787,"Ferraro, Maximiliano",CABA,Coalicion Civica,2023-12-10,2027-12-09,https://api.argentinadatos.com/static/diputados/diputados/HCDN2787.jpg
HCDN3139,"Ferreyra, Alida",CABA,La Libertad Avanza,2023-12-10,2027-12-09,https://api.argentinadatos.com/static/diputados/diputados/HCDN3139.jpg
HCDN1260,"Ferreyra, Araceli",Corrientes,Frente para la Victoria - Pj,2011-12-10,2015-12-09,
HCDN1260,"Ferreyra, Araceli",Corrientes,Movimiento Evita,2015-12-10,2019-12-09,
HCDN2819,"Ferreyra, Daniel Julio",Jujuy,Frente de Todos,2019-12-10,2023-08-05,https://api.argentinadatos.com/static/diputados/diputados/HCDN2819.jpg
HCDN1170,"Fiad, Mario Raymundo",Jujuy,Ucr,2009-12-10,2013-12-09,
HCDN1170,"Fiad, Mario Raymundo",Jujuy,Ucr,2013-12-10,2015-12-09,
HCDN3230,"Figliuolo, Sergio",Buenos Aires,La Libertad Avanza,2025-12-10,2029-12-09,
HCDN2888,"Figueroa Casas, Germana",Santa Fe,Pro,2021-12-10,2025-12-09,https://api.argentinadatos.com/static/diputados/diputados/HCDN2888.jpg
HCDN2864,"Figueroa, Alcira Elsa",Salta,Frente de Todos,2017-12-10,2021-12-09,https://api.argentinadatos.com/static/diputados/diputados/HCDN2864.jpg
HCDN2882,"Figueroa, Rolando",Neuquén,Movimiento Popular Neuquino,2021-12-10,2023-12-05,https://api.argentinadatos.com/static/diputados/diputados/HCDN2882.jpg
HCDN0705,"Filmus, Daniel",CABA,Frente de Todos,2017-12-10,2020-01-23,https://api.argentinadatos.com/static/diputados/diputados/HCDN0705.jpg
HCDN2955,"Finocchiaro, Alejandro",Buenos Aires,Pro,2021-12-10,2025-12-09,https://api.argentinadatos.com/static/diputados/diputados/HCDN2955.jpg
HCDN2955,"Finocchiaro, Alejandro",Buenos Aires,Pro,2025-12-10,2029-12-09,https://api.argentinadatos.com/static/diputados/diputados/HCDN2955.jpg
HCDN0746,"Fiol, Paulina Esther",Santa Fe,Frente para la Victoria - Pj,2007-12-10,2011-12-09,
HCDN1261,"Fiore Viñuales, Maria Cristina del Valle",Salta,Renovador de Salta,2011-12-10,2013-12-09,
HCDN2378,"Flores, Danilo Adrian",La Rioja,Frente de Todos,2017-12-10,2021-12-09,
HCDN1074,"Flores, Hector",Buenos Aires,Coalicion Civica,2007-12-10,2011-12-09,
HCDN1074,"Flores, Hector",Buenos Aires,Coalicion Civica,2017-12-10,2021-12-09,
HCDN3188,"Flores, Maria Gabriela",Salta,La Libertad Avanza,2025-12-10,2029-12-09,
HCDN1171,"Forconi, Juan Carlos",Santa Fe,Frente para la Victoria - Pj,2009-12-10,2013-12-09,
HCDN1172,"Forte, Ulises Umberto Jose",La Pampa,Ucr,2009-12-10,2013-12-09,
HCDN1173,"Fortuna, Francisco Jose",Córdoba,Cordoba Federal,2009-12-10,2013-12-09,
HCDN2810,"Frade, Monica",Buenos Aires,Coalicion Civica,2019-12-10,2023-12-09,https://api.argentinadatos.com/static/diputados/diputados/HCDN2810.jpg
HCDN2810,"Frade, Monica",Buenos Aires,Coalicion Civica,2023-12-10,2027-12-09,https://api.argentinadatos.com/static/diputados/diputados/HCDN2810.jpg
HCDN1491,"Frana, Silvina Patricia",Santa Fe,Frente para la Victoria - Pj,2015-12-10,2019-12-09,
HCDN1262,"Francioni, Fabian Marcelo",Córdoba,Frente para la Victoria - Pj,2011-12-10,2015-12-09,
HCDN1480,"Franco, Jorge Daniel",Misiones,Frente de la Concordia Misionero,2015-12-10,2019-12-09,
HCDN2379,"Fregonese, Alicia",Entre Ríos,Pro,2017-12-10,2021-12-09,https://api.argentinadatos.com/static/diputados/diputados/HCDN2379.jpg
HCDN2379,"Fregonese, Alicia",Entre Ríos,Pro,2025-12-10,2029-12-09,https://api.argentinadatos.com/static/diputados/diputados/HCDN2379.jpg
HCDN3087,"Freites, Andrea",Tierra del Fuego,Unión por la Patria,2023-12-10,2027-12-09,https://api.argentinadatos.com/static/diputados/diputados/HCDN3087.jpg
HCDN3215,"Frias, Maira",Chubut,La Libertad Avanza,2025-12-10,2029-12-09,
HCDN2783,"Frigerio, Federico",Tierra del Fuego,Pro,2019-12-10,2023-12-09,https://api.argentinadatos.com/static/diputados/diputados/HCDN2783.jpg
HCDN1537,"Frigerio, Rogelio",Entre Ríos,Pro,2021-12-10,2023-07-05,https://api.argentinadatos.com/static/diputados/diputados/HCDN1537.jpg
HCDN2380,"Frizza, Gabriel Alberto",Córdoba,Pro,2017-12-10,2021-12-09,https://api.argentinadatos.com/static/diputados/diputados/HCDN2380.jpg
HCDN1451,"Furlan, Francisco Abel",Buenos Aires,Frente para la Victoria - Pj,2015-12-10,2019-12-09,
HCDN1422,"Gagliardi, Josue",Río Negro,Frente para la Victoria - Pj,2011-12-10,2015-12-09,
HCDN1375,"Gaillard, Ana Carolina",Entre Ríos,Frente para la Victoria - Pj,2013-12-10,2017-12-09,https://api.argentinadatos.com/static/diputados/diputados/HCDN1375.jpg
HCDN1375,"Gaillard, Ana Carolina",Entre Ríos,Frente de Todos,2017-12-10,2021-12-09,https://api.argentinadatos.com/static/diputados/diputados/HCDN1375.jpg
HCDN1375,"Gaillard, Ana Carolina",Entre Ríos,Unión por la Patria,2021-12-10,2025-12-09,https://api.argentinadatos.com/static/diputados/diputados/HCDN1375.jpg
HCDN2897,"Galimberti, Pedro Jorge",Entre Ríos,Ucr - Unión Cívica Radical,2021-12-10,2024-09-09,https://api.argentinadatos.com/static/diputados/diputados/HCDN2897.jpg
HCDN3217,"Gallardo, Maria Virginia",Corrientes,La Libertad Avanza,2025-12-10,2029-12-09,
HCDN1174,"Gallardo, Miriam Graciela",Tucumán,Frente para la Victoria - Pj,2009-12-10,2013-12-09,
HCDN1174,"Gallardo, Miriam Graciela",Tucumán,Frente para la Victoria - Pj,2013-12-10,2017-12-09,
HCDN3199,"Galmarini, Sebastian",Buenos Aires,Unión por la Patria,2025-12-10,2029-12-09,
HCDN1175,"Gambaro, Natalia",Buenos Aires,Frente Peronista,2009-12-10,2013-12-09,
HCDN2910,"Garcia Aresca, Ignacio",Córdoba,Provincias Unidas,2021-12-10,2025-12-09,https://api.argentinadatos.com/static/diputados/diputados/HCDN2910.jpg
HCDN2910,"Garcia Aresca, Ignacio",Córdoba,Provincias Unidas,2025-12-10,2029-12-09,https://api.argentinadatos.com/static/diputados/diputados/HCDN2910.jpg
HCDN2812,"Garcia de Luca, Sebastian",Buenos Aires,Encuentro Federal,2019-12-10,2023-12-09,https://api.argentinadatos.com/static/diputados/diputados/HCDN2812.jpg
HCDN0992,"Garcia Hamilton, Jose Ignacio",Tucumán,Ucr,2007-12-10,2009-06-17,
HCDN1263,"Garcia Larraburu, Silvina Marcela",Río Negro,Frente para la Victoria - Pj,2011-12-10,2013-12-09,
HCDN2381,"Garcia, Alejandro",CABA,Pro,2017-12-10,2021-12-09,https://api.argentinadatos.com/static/diputados/diputados/HCDN2381.jpg
HCDN3248,"Garcia, Alvaro",Buenos Aires,La Libertad Avanza,2025-12-10,2029-12-09,
HCDN1264,"Garcia, Andrea Fabiana",Buenos Aires,Frente para la Victoria - Pj,2011-12-10,2015-12-09,
HCDN3106,"Garcia, Carlos",Chaco,La Libertad Avanza,2023-12-10,2027-12-09,https://api.argentinadatos.com/static/diputados/diputados/HCDN3106.jpg
HCDN0993,"Garcia, Irma Adriana",La Pampa,Union Peronista,2007-12-10,2011-12-09,
HCDN0885,"Garcia, Maria Teresa",Buenos Aires,Frente para la Victoria - Pj,2009-12-10,2013-12-09,
HCDN0885,"Garcia, Maria Teresa",Buenos Aires,Frente para la Victoria - Pj,2013-12-10,2017-12-09,
HCDN0885,"Garcia, Maria Teresa",Buenos Aires,Unión por la Patria,2025-12-10,2029-12-09,
HCDN0749,"Garcia, Susana Rosa",Santa Fe,Coalicion Civica,2007-12-10,2011-12-09,
HCDN2814,"Garcia, Ximena",Santa Fe,Ucr,2019-12-10,2023-12-09,https://api.argentinadatos.com/static/diputados/diputados/HCDN2814.jpg
HCDN1091,"Gardella, Patricia Susana",Buenos Aires,Corriente de Pensamiento Federal,2007-12-10,2011-12-09,
HCDN1176,"Garnero, Estela Ramona",Córdoba,Cordoba Federal,2009-12-10,2013-12-09,
HCDN1265,"Garramuño, Jorge Alberto",Tierra del Fuego,Mov Pop Fueguino,2011-12-10,2013-12-09,
HCDN3146,"Garramuño, Ricardo",Tierra del Fuego,Somos Fueguinos,2021-12-10,2025-12-09,
HCDN0096,"Garre, Nilda Celia",CABA,Frente para la Victoria - Pj,2015-12-10,2019-12-09,
HCDN1501,"Garreton, Facundo",Tucumán,Pro,2015-12-10,2019-12-09,
HCDN3099,"Garrido, Jose Luis",Santa Cruz,Por Santa Cruz,2023-12-10,2027-12-09,https://api.argentinadatos.com/static/diputados/diputados/HCDN3099.jpg
HCDN1266,"Garrido, Manuel",CABA,Ucr,2011-12-10,2015-12-09,
HCDN1521,"Gayol, Yanina Celeste",Entre Ríos,Pro,2015-12-10,2019-12-09,
HCDN1267,"Gdansky, Carlos Enrique",Buenos Aires,Frente para la Victoria - Pj,2011-12-10,2015-12-09,
HCDN1177,"Germano, Daniel",Santa Fe,Frente Peronista,2009-12-10,2013-12-09,
HCDN1421,"Gervasoni, Lautaro",Entre Ríos,Frente para la Victoria - Pj,2013-12-10,2017-12-09,
HCDN1268,"Giaccone, Claudia Alejandra",Santa Fe,Frente para la Victoria - Pj,2011-12-10,2015-12-09,
HCDN0887,"Giacomino, Daniel Oscar",Córdoba,Frente para la Victoria - Pj,2011-12-10,2015-12-09,
HCDN3169,"Giampieri, Antonela",CABA,Pro,2025-12-10,2029-12-09,
HCDN0426,"Giannettasio, Graciela Maria",Buenos Aires,Frente para la Victoria - Pj,2007-12-10,2011-12-09,
HCDN0426,"Giannettasio, Graciela Maria",Buenos Aires,Frente para la Victoria - Pj,2011-12-10,2015-11-27,
HCDN0381,"Gil Lavedra, Ricardo Rodolfo",CABA,Ucr,2009-12-10,2013-12-09,
HCDN0994,"Gil Lozano, Claudia Fernanda",CABA,Coalicion Civica,2007-12-10,2011-12-09,
HCDN1366,"Gill, Martin Rodrigo",Córdoba,Frente para la Victoria - Pj,2013-12-10,2015-12-09,
HCDN1384,"Gimenez, Patricia Viviana",Mendoza,Ucr,2013-12-10,2017-12-09,
HCDN2382,"Ginocchio, Silvana Micaela",Catamarca,Frente de Todos,2017-12-10,2021-12-09,https://api.argentinadatos.com/static/diputados/diputados/HCDN2382.jpg
HCDN2382,"Ginocchio, Silvana Micaela",Catamarca,Unión por la Patria,2021-12-10,2025-12-09,https://api.argentinadatos.com/static/diputados/diputados/HCDN2382.jpg
HCDN0298,"Gioja, Jose Luis",San Juan,Frente para la Victoria - Pj,2015-12-10,2019-12-09,https://api.argentinadatos.com/static/diputados/diputados/HCDN0298.jpg
HCDN0298,"Gioja, Jose Luis",San Juan,Frente de Todos,2019-12-10,2023-12-09,https://api.argentinadatos.com/static/diputados/diputados/HCDN0298.jpg
HCDN0752,"Gioja, Juan Carlos",San Juan,Frente para la Victoria - Pj,2007-12-10,2011-12-09,
HCDN2278,"Giordano, Juan Carlos",Buenos Aires,Izquierda Socialista - Frente de Izquierda,2013-12-10,2017-12-09,https://api.argentinadatos.com/static/diputados/diputados/HCDN2278.jpg
HCDN2278,"Giordano, Juan Carlos",Buenos Aires,Izquierda Socialista - Frente de Izquierda,2017-12-10,2021-12-09,https://api.argentinadatos.com/static/diputados/diputados/HCDN2278.jpg
HCDN2278,"Giordano, Juan Carlos",Buenos Aires,Izquierda Socialista Fit-Unidad,2021-12-10,2025-12-09,https://api.argentinadatos.com/static/diputados/diputados/HCDN2278.jpg
HCDN3026,"Giorgi, Melina",Santa Fe,Democracia para Siempre,2021-12-10,2025-12-09,https://api.argentinadatos.com/static/diputados/diputados/HCDN3026.jpg
HCDN0427,"Giubergia, Miguel Angel",Jujuy,Ucr,2007-12-10,2011-12-09,
HCDN0427,"Giubergia, Miguel Angel",Jujuy,Ucr,2011-12-10,2015-07-15,
HCDN3043,"Giudici, Silvana",CABA,La Libertad Avanza,2023-12-10,2027-12-09,https://api.argentinadatos.com/static/diputados/diputados/HCDN3043.jpg
HCDN0754,"Giudici, Silvana Myriam",CABA,Ucr,2007-12-10,2011-12-09,
HCDN3074,"Giuliano, Diego A.",Santa Fe,Unión por la Patria,2023-12-10,2027-12-09,https://api.argentinadatos.com/static/diputados/diputados/HCDN3074.jpg
HCDN1343,"Giustozzi, Ruben Dario",Buenos Aires,Juntos por Argentina,2013-12-10,2017-12-09,
HCDN3053,"Glinski, Jose",Chubut,Unión por la Patria,2023-12-10,2027-12-09,https://api.argentinadatos.com/static/diputados/diputados/HCDN3053.jpg
HCDN2751,"Godoy, Lucas Javier",Salta,Frente de Todos,2019-12-10,2023-12-09,https://api.argentinadatos.com/static/diputados/diputados/HCDN2751.jpg
HCDN0755,"Godoy, Ruperto Eduardo",San Juan,Frente para la Victoria - Pj,2007-12-10,2011-12-09,
HCDN1474,"Goicoechea, Horacio",Chaco,Ucr,2015-12-10,2019-12-09,
HCDN3211,"Goitia, Rosario",Chaco,La Libertad Avanza,2025-12-10,2029-12-09,
HCDN2926,"Gollan, Daniel",Buenos Aires,Unión por la Patria,2021-12-10,2025-12-09,https://api.argentinadatos.com/static/diputados/diputados/HCDN2926.jpg
HCDN1399,"Gomez Bull, Mauricio Ricardo",Santa Cruz,Frente para la Victoria - Pj,2013-12-10,2017-12-09,
HCDN3062,"Gomez, Jose",Santiago del Estero,Unión por la Patria,2023-12-10,2027-12-09,https://api.argentinadatos.com/static/diputados/diputados/HCDN3062.jpg
HCDN3200,"Gonzales, Alfredo",Jujuy,La Libertad Avanza,2025-12-10,2029-12-09,
HCDN3170,"Gonzalez Estevarena, Maria Luisa",Buenos Aires,La Libertad Avanza,2025-12-10,2029-12-09,
HCDN2285,"Gonzalez Seligra, Nathalia Ines",Buenos Aires,Pts - Frente de Izquierda,2015-12-10,2019-03-10,
HCDN1466,"Gonzalez, Alvaro",CABA,Pro,2015-12-10,2019-12-09,https://api.argentinadatos.com/static/diputados/diputados/HCDN1466.jpg
HCDN1466,"Gonzalez, Alvaro",CABA,Pro,2019-12-10,2023-12-09,https://api.argentinadatos.com/static/diputados/diputados/HCDN1466.jpg
HCDN1466,"Gonzalez, Alvaro",CABA,Pro,2023-12-10,2027-12-09,https://api.argentinadatos.com/static/diputados/diputados/HCDN1466.jpg
HCDN3186,"Gonzalez, Diogenes Ignacio",Corrientes,Ucr - Unión Cívica Radical,2025-12-10,2029-12-09,
HCDN3055,"Gonzalez, Gerardo Gustavo",Formosa,Innovación Federal,2023-12-10,2027-12-09,https://api.argentinadatos.com/static/diputados/diputados/HCDN3055.jpg
HCDN1178,"Gonzalez, Gladys Esther",Buenos Aires,Pro,2009-12-10,2013-12-09,
HCDN1178,"Gonzalez, Gladys Esther",Buenos Aires,Union Pro,2013-12-10,2017-01-06,
HCDN2979,"Gonzalez, Gustavo Carlos Miguel",Santa Cruz,Unión por la Patria,2021-12-10,2025-12-09,https://api.argentinadatos.com/static/diputados/diputados/HCDN2979.jpg
HCDN1402,"Gonzalez, Josefina Victoria",Santa Fe,Frente para la Victoria - Pj,2013-12-10,2017-12-09,
HCDN1402,"Gonzalez, Josefina Victoria",Santa Fe,Frente de Todos,2017-12-10,2021-12-09,
HCDN0995,"Gonzalez, Juan Dante",Mendoza,Frente para la Victoria - Pj,2007-12-10,2011-12-09,
HCDN0995,"Gonzalez, Juan Dante",Mendoza,Frente para la Victoria - Pj,2011-12-10,2015-12-09,
HCDN0954,"Gonzalez, Nancy Susana",Chubut,Frente para la Victoria - Pj,2009-12-10,2013-12-09,
HCDN1316,"Gonzalez, Pablo Gerardo",Santa Cruz,Frente de Todos,2019-12-10,2021-02-10,
HCDN1423,"Gonzalez, Veronica",Tierra del Fuego,Frente para la Victoria - Pj,2011-12-10,2015-12-09,
HCDN3192,"Grabois, Juan",Buenos Aires,Unión por la Patria,2025-12-10,2029-12-09,
HCDN1452,"Grana, Adrian Eduardo",Buenos Aires,Frente para la Victoria - Pj,2015-12-10,2019-12-09,
HCDN0011,"Granados, Dulce",Buenos Aires,Frente para la Victoria - Pj,2009-12-10,2013-12-09,
HCDN0011,"Granados, Dulce",Buenos Aires,Frente para la Victoria - Pj,2013-12-10,2017-12-09,
HCDN2383,"Grande, Martin",Salta,Pro,2017-12-10,2021-12-09,
HCDN1503,"Grandinetti, Alejandro Ariel",Santa Fe,Consenso Federal,2015-12-10,2019-12-09,
HCDN1075,"Gribaudo, Christian Alejandro",Buenos Aires,Pro,2007-12-10,2011-12-09,
HCDN1075,"Gribaudo, Christian Alejandro",Buenos Aires,Union Pro,2013-12-10,2016-02-29,
HCDN1269,"Grosso, Leonardo",Buenos Aires,Frente para la Victoria - Pj,2011-12-10,2015-12-09,https://api.argentinadatos.com/static/diputados/diputados/HCDN1269.jpg
HCDN1269,"Grosso, Leonardo",Buenos Aires,Movimiento Evita,2015-12-10,2019-12-09,https://api.argentinadatos.com/static/diputados/diputados/HCDN1269.jpg
HCDN1269,"Grosso, Leonardo",Buenos Aires,Frente de Todos,2019-12-10,2023-12-09,https://api.argentinadatos.com/static/diputados/diputados/HCDN1269.jpg
HCDN3207,"Gruber, Maura",Misiones,La Libertad Avanza,2025-12-10,2029-12-09,
HCDN1270,"Guccione, Jose Daniel",Misiones,Frente para la Victoria - Pj,2011-12-10,2015-12-09,
HCDN1458,"Guerin, Maria Isabel",Buenos Aires,Frente para la Victoria - Pj,2015-12-10,2019-12-09,
HCDN2850,"Guevara, Francisco",San Juan,Frente de Todos,2017-12-10,2021-12-09,
HCDN1029,"Gullo, Juan Carlos Dante",CABA,Frente para la Victoria - Pj,2007-12-10,2011-12-09,
HCDN2768,"Gutierrez, Carlos",Córdoba,Cordoba Federal,2019-12-10,2023-12-09,https://api.argentinadatos.com/static/diputados/diputados/HCDN2768.jpg
HCDN2768,"Gutierrez, Carlos",Córdoba,Provincias Unidas,2023-12-10,2027-12-09,https://api.argentinadatos.com/static/diputados/diputados/HCDN2768.jpg
HCDN1344,"Gutierrez, Hector Maria",Buenos Aires,Ucr,2013-12-10,2017-12-09,
HCDN1271,"Gutierrez, Monica Edith",Córdoba,Frente para la Victoria - Pj,2011-12-10,2015-12-09,
HCDN2775,"Gutierrez, Ramiro",Buenos Aires,Frente de Todos,2019-12-10,2023-12-09,https://api.argentinadatos.com/static/diputados/diputados/HCDN2775.jpg
HCDN2775,"Gutierrez, Ramiro",Buenos Aires,Unión por la Patria,2023-12-10,2027-12-09,https://api.argentinadatos.com/static/diputados/diputados/HCDN2775.jpg
HCDN1561,"Guzman, Andres Ernesto",Córdoba,Brigadier General Juan Bautista Bustos,2013-12-10,2017-12-09,
HCDN3247,"Guzman, Jairo",Santa Cruz,La Libertad Avanza,2025-12-10,2029-12-09,
HCDN1179,"Guzman, Olga Elizabeth",Neuquén,Mov Pop Neuquino,2009-12-10,2013-12-09,
HCDN1345,"Guzman, Sandro Adrian",Buenos Aires,Frente Norte,2013-12-10,2017-12-09,
HCDN3237,"Hadad, Raul",Corrientes,Unión por la Patria,2025-12-10,2029-12-09,
HCDN2804,"Hagman, Itai",CABA,Frente de Todos,2019-12-10,2023-12-09,https://api.argentinadatos.com/static/diputados/diputados/HCDN2804.jpg
HCDN2804,"Hagman, Itai",CABA,Unión por la Patria,2023-12-10,2025-12-09,https://api.argentinadatos.com/static/diputados/diputados/HCDN2804.jpg
HCDN2804,"Hagman, Itai",CABA,Unión por la Patria,2025-12-10,2029-12-09,https://api.argentinadatos.com/static/diputados/diputados/HCDN2804.jpg
HCDN1325,"Harispe, Gaston",Buenos Aires,Frente para la Victoria - Pj,2011-12-10,2015-12-09,
HCDN3210,"Hartfield, Diego",Misiones,La Libertad Avanza,2025-12-10,2029-12-09,
HCDN2781,"Hein, Gustavo Rene",Entre Ríos,Pro,2019-12-10,2023-12-09,https://api.argentinadatos.com/static/diputados/diputados/HCDN2781.jpg
HCDN1180,"Heller, Carlos",CABA,Frente Nuevo Encuentro,2009-12-10,2013-12-09,https://api.argentinadatos.com/static/diputados/diputados/HCDN1180.jpg
HCDN1180,"Heller, Carlos",CABA,Solidario Si,2013-12-10,2017-12-09,https://api.argentinadatos.com/static/diputados/diputados/HCDN1180.jpg
HCDN1180,"Heller, Carlos",CABA,Frente de Todos,2017-12-10,2021-12-09,https://api.argentinadatos.com/static/diputados/diputados/HCDN1180.jpg
HCDN1180,"Heller, Carlos",CABA,Unión por la Patria,2021-12-10,2025-12-09,https://api.argentinadatos.com/static/diputados/diputados/HCDN1180.jpg
HCDN2829,"Hernandez, Estela",Chubut,Frente de Todos,2019-12-10,2023-12-09,https://api.argentinadatos.com/static/diputados/diputados/HCDN2829.jpg
HCDN1523,"Hernandez, Martin Osvaldo",Formosa,Ucr,2015-12-10,2019-12-09,
HCDN3204,"Herrera Ahuad, Oscar A.",Misiones,Innovación Federal,2025-12-10,2029-12-09,
HCDN2445,"Herrera, Bernardo Jose",Santiago del Estero,Frente de Todos,2017-12-10,2021-12-09,https://api.argentinadatos.com/static/diputados/diputados/HCDN2445.jpg
HCDN2445,"Herrera, Bernardo Jose",Santiago del Estero,Unión por la Patria,2021-12-10,2025-12-09,https://api.argentinadatos.com/static/diputados/diputados/HCDN2445.jpg
HCDN0612,"Herrera, Griselda Noemi",La Rioja,Frente para la Victoria - Pj,2011-12-10,2015-12-09,
HCDN0996,"Herrera, Jose Alberto",Santiago del Estero,Frente Civico por Santiago,2007-12-10,2011-12-09,
HCDN0996,"Herrera, Jose Alberto",Santiago del Estero,Frente Civico por Santiago,2011-12-10,2015-12-09,
HCDN0996,"Herrera, Jose Alberto",Santiago del Estero,Frente Civico por Santiago,2015-12-10,2017-11-08,
HCDN1529,"Herrera, Luis Beder",La Rioja,Justicialista,2015-12-10,2019-12-09,
HCDN3021,"Herrera, Marcela",Tucumán,Frente de Todos,2019-12-10,2023-12-09,https://api.argentinadatos.com/static/diputados/diputados/HCDN3021.jpg
HCDN2949,"Herrera, Ricardo",La Rioja,Unión por la Patria,2021-12-10,2025-12-09,https://api.argentinadatos.com/static/diputados/diputados/HCDN2949.jpg
HCDN1464,"Hers Cabral, Anabella Ruth",CABA,Pro,2015-12-10,2018-12-12,
HCDN3232,"Holzman, Patricia",CABA,La Libertad Avanza,2025-12-10,2029-12-09,
HCDN1484,"Horne, Silvia Renee",Río Negro,Movimiento Evita,2015-12-10,2019-12-09,
HCDN0997,"Hotton, Cynthia Liliana",CABA,Valores para Mi Pais,2007-12-10,2011-12-09,
HCDN1573,"Huczak, Stella Maris",Mendoza,Pro,2015-12-10,2019-12-09,
HCDN3098,"Huesen, Gerardo",Tucumán,La Libertad Avanza,2023-12-10,2027-12-09,https://api.argentinadatos.com/static/diputados/diputados/HCDN3098.jpg
HCDN3165,"Humenuk, Gladys",Buenos Aires,La Libertad Avanza,2025-12-10,2029-12-09,
HCDN2436,"Hummel, Astrid",Santa Fe,Pro,2015-12-10,2019-12-09,
HCDN1522,"Huss, Juan Manuel",Entre Ríos,Frente para la Victoria - Pj,2015-12-10,2019-12-09,
HCDN1272,"Ianni, Ana Maria",Santa Cruz,Frente para la Victoria - Pj,2011-12-10,2015-12-09,https://api.argentinadatos.com/static/diputados/diputados/HCDN1272.jpg
HCDN1272,"Ianni, Ana Maria",Santa Cruz,Unión por la Patria,2023-12-10,2027-12-09,https://api.argentinadatos.com/static/diputados/diputados/HCDN1272.jpg
HCDN3092,"Ibañez, Maria Cecilia",Córdoba,La Libertad Avanza,2023-12-10,2027-12-09,https://api.argentinadatos.com/static/diputados/diputados/HCDN3092.jpg
HCDN1181,"Ibarra, Eduardo Mauricio",San Juan,Union por San Juan,2009-12-10,2013-12-09,
HCDN0660,"Ibarra, Vilma Lidia",CABA,Nuevo Encuentro Popular y Solidario,2007-12-10,2011-12-09,
HCDN1031,"Iglesias, Fernando Adolfo",CABA,Coalicion Civica,2007-12-10,2011-12-09,https://api.argentinadatos.com/static/diputados/diputados/HCDN1031.jpg
HCDN1031,"Iglesias, Fernando Adolfo",CABA,Pro,2017-12-10,2021-12-09,https://api.argentinadatos.com/static/diputados/diputados/HCDN1031.jpg
HCDN1031,"Iglesias, Fernando Adolfo",CABA,Pro,2021-12-10,2025-12-09,https://api.argentinadatos.com/static/diputados/diputados/HCDN1031.jpg
HCDN1475,"Igon, Santiago Nicolas",Chubut,Frente para la Victoria - Pj,2015-12-10,2019-12-09,https://api.argentinadatos.com/static/diputados/diputados/HCDN1475.jpg
HCDN1475,"Igon, Santiago Nicolas",Chubut,Frente de Todos,2019-12-10,2023-12-09,https://api.argentinadatos.com/static/diputados/diputados/HCDN1475.jpg
HCDN1499,"Incicco, Lucas Ciriaco",Santa Fe,Pro,2015-12-10,2019-12-09,
HCDN2384,"Infante, Hugo Orlando",Santiago del Estero,Frente Civico por Santiago,2017-12-10,2018-12-30,
HCDN1346,"Insaurralde, Martin",Buenos Aires,Frente para la Victoria - Pj,2013-12-10,2014-12-10,
HCDN2950,"Iparraguirre, Rogelio",Buenos Aires,Unión por la Patria,2021-12-10,2025-12-09,https://api.argentinadatos.com/static/diputados/diputados/HCDN2950.jpg
HCDN0760,"Irrazabal, Juan Manuel",Misiones,Frente para la Victoria - Pj,2007-12-10,2011-12-09,
HCDN1392,"Isa, Evita Nelida",Salta,Justicialista,2013-12-10,2017-12-09,
HCDN1134,"Iturraspe, Nora Graciela",Buenos Aires,Unidad Popular,2009-12-10,2013-12-09,
HCDN3243,"Jaime Quiroga, Carlos Gustavo",San Juan,Produccion y Trabajo,2025-12-10,2029-12-09,
HCDN1410,"Jaldo, Osvaldo Francisco",Tucumán,Frente para la Victoria - Pj,2013-12-10,2014-03-05,
HCDN1403,"Javkin, Pablo Lautaro",Santa Fe,Coalicion Civica Ari - Unen,2013-12-10,2015-12-09,
HCDN2824,"Jetter, Ingrid",Corrientes,Pro,2019-12-10,2023-12-09,https://api.argentinadatos.com/static/diputados/diputados/HCDN2824.jpg
HCDN2809,"Joury, Maria de las Mercedes",Buenos Aires,Pro,2019-12-10,2023-12-09,https://api.argentinadatos.com/static/diputados/diputados/HCDN2809.jpg
HCDN1407,"Juarez, Manuel Humberto",Santiago del Estero,Frente Civico por Santiago,2013-12-10,2017-12-09,
HCDN1353,"Juarez, Myrian del Valle",Catamarca,Frente Civico y Social de Catamarca,2013-12-10,2017-12-09,
HCDN1121,"Juez, Luis Alfredo",Córdoba,Pro,2019-12-10,2021-12-07,https://api.argentinadatos.com/static/diputados/diputados/HCDN1121.jpg
HCDN3068,"Juliano, Pablo",Buenos Aires,Provincias Unidas,2023-12-10,2027-12-09,https://api.argentinadatos.com/static/diputados/diputados/HCDN3068.jpg
HCDN1273,"Junio, Juan Carlos Isaac",CABA,Solidario Si,2011-12-10,2015-12-09,
HCDN1182,"Juri, Mariana",Mendoza,Ucr,2009-12-10,2013-12-09,
HCDN1076,"Katz, Daniel",Buenos Aires,Ucr,2007-12-10,2011-12-09,
HCDN0998,"Kenny, Eduardo Enrique Federico",La Pampa,Ucr,2007-12-10,2011-12-09,
HCDN1337,"Kicillof, Axel",CABA,Frente para la Victoria - Pj,2015-12-10,2019-12-09,
HCDN1489,"Kirchner, Maximo Carlos",Santa Cruz,Frente para la Victoria - Pj,2015-12-10,2019-12-09,https://api.argentinadatos.com/static/diputados/diputados/HCDN1489.jpg
HCDN1489,"Kirchner, Maximo Carlos",Buenos Aires,Frente de Todos,2019-12-10,2023-12-09,https://api.argentinadatos.com/static/diputados/diputados/HCDN1489.jpg
HCDN1489,"Kirchner, Maximo Carlos",Buenos Aires,Unión por la Patria,2023-12-10,2027-12-09,https://api.argentinadatos.com/static/diputados/diputados/HCDN1489.jpg
HCDN0707,"Kirchner, Nestor Carlos",Buenos Aires,Frente para la Victoria - Pj,2009-12-10,2010-10-27,
HCDN2941,"Klipauka Lewtak, Florencia",Misiones,La Libertad Avanza,2021-12-10,2025-12-09,https://api.argentinadatos.com/static/diputados/diputados/HCDN2941.jpg
HCDN2846,"Koenig, Marcelo",Buenos Aires,Frente de Todos,2017-12-10,2021-12-09,
HCDN0999,"Korenfeld, Beatriz Liliana",Santa Cruz,Frente para la Victoria - Pj,2007-12-10,2011-12-09,
HCDN1274,"Kosiner, Pablo Francisco Juan",Salta,Frente para la Victoria - Pj,2011-12-10,2015-12-09,
HCDN1274,"Kosiner, Pablo Francisco Juan",Salta,Justicialista,2015-12-10,2019-12-09,
HCDN0895,"Kroneberger, Daniel Ricardo",La Pampa,Ucr,2011-12-10,2015-12-09,
HCDN0895,"Kroneberger, Daniel Ricardo",La Pampa,Ucr,2015-12-10,2019-12-09,
HCDN0896,"Kunkel, Carlos Miguel",Buenos Aires,Frente para la Victoria - Pj,2009-12-10,2013-12-09,
HCDN0896,"Kunkel, Carlos Miguel",Buenos Aires,Frente para la Victoria - Pj,2013-12-10,2017-12-09,
HCDN2958,"Laciar, Susana Alicia",San Juan,Produccion y Trabajo,2021-12-10,2023-12-09,https://api.argentinadatos.com/static/diputados/diputados/HCDN2958.jpg
HCDN2385,"Lacoste, Jorge Enrique",Entre Ríos,Ucr,2017-12-10,2021-12-09,https://api.argentinadatos.com/static/diputados/diputados/HCDN2385.jpg
HCDN1358,"Lagoria, Elia Nelly",Chubut,Trabajo y Dignidad,2013-12-10,2017-12-09,
HCDN2761,"Lampreabe, Florencia",Buenos Aires,Frente de Todos,2019-12-10,2023-12-09,https://api.argentinadatos.com/static/diputados/diputados/HCDN2761.jpg
HCDN1077,"Lanceta, Ruben Orfel",Buenos Aires,Ucr,2007-12-10,2011-12-09,
HCDN0837,"Landau, Jorge Alberto",Buenos Aires,Frente para la Victoria - Pj,2007-12-10,2011-12-09,
HCDN0837,"Landau, Jorge Alberto",Buenos Aires,Frente para la Victoria - Pj,2011-12-10,2015-11-30,
HCDN2796,"Landriscini, Susana Graciela",Río Negro,Frente de Todos,2019-12-10,2023-12-09,https://api.argentinadatos.com/static/diputados/diputados/HCDN2796.jpg
HCDN3205,"Lanesan Sancho, Moira",Santa Cruz,Unión por la Patria,2025-12-10,2029-12-09,
HCDN1275,"Larroque, Andres",CABA,Frente para la Victoria - Pj,2011-12-10,2015-12-09,
HCDN1275,"Larroque, Andres",CABA,Frente para la Victoria - Pj,2015-12-10,2019-12-09,
HCDN1275,"Larroque, Andres",Buenos Aires,Frente de Todos,2019-12-10,2020-05-01,
HCDN1433,"Laspina, Luciano Andres",Santa Fe,Union Pro,2013-12-10,2017-12-09,https://api.argentinadatos.com/static/diputados/diputados/HCDN1433.jpg
HCDN1433,"Laspina, Luciano Andres",Santa Fe,Pro,2017-12-10,2021-12-09,https://api.argentinadatos.com/static/diputados/diputados/HCDN1433.jpg
HCDN1433,"Laspina, Luciano Andres",Santa Fe,Pro,2021-12-10,2025-12-09,https://api.argentinadatos.com/static/diputados/diputados/HCDN1433.jpg
HCDN2749,"Latorre, Jimena",Mendoza,Ucr,2019-12-10,2023-12-09,https://api.argentinadatos.com/static/diputados/diputados/HCDN2749.jpg
HCDN3231,"Laumann, Andres Ariel",Entre Ríos,La Libertad Avanza,2025-12-10,2029-12-09,
HCDN1468,"Lavagna, Marco",CABA,Consenso Federal,2015-12-10,2019-12-09,
HCDN2386,"Leavy, Sergio Napoleon",Salta,Frente para la Victoria - Pj,2017-12-10,2019-12-09,
HCDN2388,"Ledesma Abdala de Zamora, Claudia",Santiago del Estero,Frente Civico por Santiago,2017-12-10,2019-12-09,
HCDN1096,"Ledesma, Julio Ruben",Buenos Aires,Frente Renovador,2009-12-10,2013-12-09,
HCDN2886,"Ledesma, Tomas",Entre Ríos,Unión por la Patria,2021-12-10,2025-12-09,https://api.argentinadatos.com/static/diputados/diputados/HCDN2886.jpg
HCDN0811,"Leguizamon, Maria Laura",Buenos Aires,Frente para la Victoria - Pj,2007-12-10,2011-12-09,
HCDN2389,"Lehmann, Maria Lucila",Santa Fe,Coalicion Civica,2017-12-10,2021-12-09,
HCDN2792,"Leito, Mario",Tucumán,Frente de Todos,2019-12-10,2023-10-27,https://api.argentinadatos.com/static/diputados/diputados/HCDN2792.jpg
HCDN2799,"Leiva, Aldo",Chaco,Frente de Todos,2019-12-10,2023-12-09,https://api.argentinadatos.com/static/diputados/diputados/HCDN2799.jpg
HCDN2799,"Leiva, Aldo",Chaco,Unión por la Patria,2023-12-10,2027-12-09,https://api.argentinadatos.com/static/diputados/diputados/HCDN2799.jpg
HCDN3084,"Lemoine, Lilia",Buenos Aires,La Libertad Avanza,2023-12-10,2027-12-09,https://api.argentinadatos.com/static/diputados/diputados/HCDN3084.jpg
HCDN2771,"Lena, Gabriela",Entre Ríos,Ucr,2019-12-10,2023-12-09,https://api.argentinadatos.com/static/diputados/diputados/HCDN2771.jpg
HCDN3189,"Leone, Andres",CABA,La Libertad Avanza,2025-12-10,2029-12-09,
HCDN1000,"Leverberg, Stella Maris",Misiones,Frente para la Victoria - Pj,2007-12-10,2011-12-09,
HCDN1000,"Leverberg, Stella Maris",Misiones,Frente para la Victoria - Pj,2011-12-10,2015-12-09,
HCDN1078,"Linares, Maria Virginia",Buenos Aires,Gen,2007-12-10,2011-12-09,
HCDN1078,"Linares, Maria Virginia",Buenos Aires,Gen,2011-12-10,2015-12-09,
HCDN1445,"Lipovetzky, Daniel Andres",Buenos Aires,Pro,2015-12-10,2019-12-09,
HCDN2936,"Litza, Monica",Buenos Aires,Unión por la Patria,2021-12-10,2025-12-09,https://api.argentinadatos.com/static/diputados/diputados/HCDN2936.jpg
HCDN1579,"Litza, Monica Edith",Buenos Aires,Federal Unidos por una Nueva Argentina,2013-12-10,2017-12-09,
HCDN3025,"Llancafilo, Osvaldo",Neuquén,Movimiento Popular Neuquino,2021-12-10,2025-12-09,https://api.argentinadatos.com/static/diputados/diputados/HCDN3025.jpg
HCDN3070,"Llano, Mercedes",Mendoza,La Libertad Avanza,2023-12-10,2027-12-09,https://api.argentinadatos.com/static/diputados/diputados/HCDN3070.jpg
HCDN1476,"Llanos Massa, Ana Maria",Chubut,Frente para la Victoria - Pj,2015-12-10,2019-12-09,
HCDN1183,"Llanos, Ermindo Edgardo Marcelo",Jujuy,Frente para la Victoria - Pj,2009-12-10,2013-12-09,
HCDN2390,"Llaryora, Martin Miguel",Córdoba,Cordoba Federal,2017-12-10,2019-12-09,
HCDN1038,"Llera, Timoteo",Misiones,Frente para la Victoria - Pj,2007-12-10,2011-12-09,
HCDN3172,"Lluch, Enrique",Córdoba,La Libertad Avanza,2025-12-10,2029-12-09,
HCDN0530,"Lombardi, Hernan",Buenos Aires,Pro,2021-12-10,2025-03-10,https://api.argentinadatos.com/static/diputados/diputados/HCDN0530.jpg
HCDN3161,"Longo, Johanna Sabrina",Buenos Aires,La Libertad Avanza,2025-12-10,2029-12-09,
HCDN1563,"Lopardo, Maria Paula",CABA,Union Pro,2013-12-10,2017-12-09,
HCDN0014,"Lopez Arias, Marcelo Eduardo",Salta,Peronista,2007-12-10,2011-12-09,
HCDN1482,"Lopez Koenig, Leandro Gaston",Neuquén,Pro,2015-12-10,2019-12-09,
HCDN2898,"Lopez Murphy, Ricardo Hipolito",CABA,Republicanos Unidos,2021-12-10,2025-12-09,https://api.argentinadatos.com/static/diputados/diputados/HCDN2898.jpg
HCDN3168,"Lopez Pasquali, Cecilia",Santiago del Estero,Unión por la Patria,2025-12-10,2029-12-09,
HCDN2791,"Lopez Rodriguez, Dante",Catamarca,Frente de Todos,2017-12-10,2021-12-09,https://api.argentinadatos.com/static/diputados/diputados/HCDN2791.jpg
HCDN2791,"Lopez Rodriguez, Dante",Catamarca,Unión por la Patria,2021-12-10,2025-12-09,https://api.argentinadatos.com/static/diputados/diputados/HCDN2791.jpg
HCDN2877,"Lopez, Gustavo Fernando",CABA,Frente de Todos,2017-12-10,2021-12-09,
HCDN2851,"Lopez, Jimena",Buenos Aires,Frente de Todos,2019-12-10,2022-12-01,https://api.argentinadatos.com/static/diputados/diputados/HCDN2851.jpg
HCDN2851,"Lopez, Jimena",Buenos Aires,Unión por la Patria,2025-12-10,2029-12-09,https://api.argentinadatos.com/static/diputados/diputados/HCDN2851.jpg
HCDN2401,"Lopez, Juan Manuel",CABA,Coalicion Civica,2017-12-10,2021-12-09,https://api.argentinadatos.com/static/diputados/diputados/HCDN2401.jpg
HCDN2401,"Lopez, Juan Manuel",Buenos Aires,Coalicion Civica,2021-12-10,2025-12-09,https://api.argentinadatos.com/static/diputados/diputados/HCDN2401.jpg
HCDN1393,"Lopez, Pablo Sebastian",Salta,Frente de Izquierda y de los Trabajadores,2013-12-10,2017-12-09,
HCDN1002,"Lopez, Rafael Angel",Formosa,Frente para la Victoria - Pj,2007-12-10,2011-12-09,
HCDN1110,"Lorges, Juan Carlos",Buenos Aires,Frente para la Victoria - Pj,2007-12-10,2011-12-09,
HCDN1439,"Lospennato, Silvia",Buenos Aires,Pro,2015-12-10,2019-12-09,https://api.argentinadatos.com/static/diputados/diputados/HCDN1439.jpg
HCDN1439,"Lospennato, Silvia",Buenos Aires,Pro,2019-12-10,2023-12-09,https://api.argentinadatos.com/static/diputados/diputados/HCDN1439.jpg
HCDN1439,"Lospennato, Silvia",Buenos Aires,Pro,2023-12-10,2025-12-09,https://api.argentinadatos.com/static/diputados/diputados/HCDN1439.jpg
HCDN1276,"Lotto, Ines Beatriz",Formosa,Frente para la Victoria - Pj,2011-12-10,2015-12-09,
HCDN1276,"Lotto, Ines Beatriz",Formosa,Frente para la Victoria - Pj,2015-12-10,2019-12-09,
HCDN1043,"Lousteau, Martin",CABA,Suma + Unen,2013-12-10,2016-02-29,
HCDN1043,"Lousteau, Martin",CABA,Evolucion Radical,2017-12-10,2019-12-09,
HCDN1043,"Lousteau, Martin",CABA,Provincias Unidas,2025-12-10,2029-12-09,
HCDN0799,"Lozano, Claudio Raul",CABA,Unidad Popular,2007-12-10,2011-12-09,
HCDN0799,"Lozano, Claudio Raul",CABA,Unidad Popular,2011-12-10,2015-12-09,
HCDN1003,"Luna de Marcos, Ana Zulema",Santiago del Estero,Frente Civico por Santiago,2007-12-10,2011-12-09,
HCDN3221,"Luque, Juan Pablo",Chubut,Unión por la Patria,2025-12-10,2029-12-09,
HCDN0513,"Lusquiños, Luis Bernardo",San Luis,Compromiso Federal,2013-12-10,2017-06-17,
HCDN1379,"Mac Allister, Carlos Javier",La Pampa,Union Pro,2013-12-10,2015-12-28,
HCDN0440,"Macaluse, Eduardo Gabriel",Buenos Aires,Unidad Popular,2007-12-10,2011-12-09,
HCDN2402,"Macha, Monica",Buenos Aires,Frente de Todos,2017-12-10,2021-12-09,https://api.argentinadatos.com/static/diputados/diputados/HCDN2402.jpg
HCDN2402,"Macha, Monica",Buenos Aires,Unión por la Patria,2021-12-10,2025-12-09,https://api.argentinadatos.com/static/diputados/diputados/HCDN2402.jpg
HCDN1518,"Macias, Oscar Alberto",Corrientes,Justicialista,2015-12-10,2019-12-09,
HCDN3075,"Macyszyn, Lorena",Buenos Aires,La Libertad Avanza,2023-12-10,2027-12-09,https://api.argentinadatos.com/static/diputados/diputados/HCDN3075.jpg
HCDN1381,"Madera, Teresita",La Rioja,Justicialista,2013-12-10,2017-12-09,
HCDN1347,"Magario, Veronica Maria",Buenos Aires,Frente para la Victoria - Pj,2013-12-10,2015-12-09,
HCDN1184,"Majdalani, Silvia Cristina",Buenos Aires,Pro,2009-12-10,2013-12-09,
HCDN1184,"Majdalani, Silvia Cristina",CABA,Union Pro,2013-12-10,2015-12-09,
HCDN1277,"Maldonado, Victor Hugo",Chaco,Ucr,2011-12-10,2015-12-09,
HCDN2908,"Manes, Facundo",Buenos Aires,Democracia para Siempre,2021-12-10,2025-12-09,https://api.argentinadatos.com/static/diputados/diputados/HCDN2908.jpg
HCDN3206,"Mango, Marcelo",Río Negro,Unión por la Patria,2023-12-10,2027-12-09,
HCDN3081,"Manrique, Mario",Buenos Aires,Unión por la Patria,2023-12-10,2027-12-09,https://api.argentinadatos.com/static/diputados/diputados/HCDN3081.jpg
HCDN1185,"Mansur, Ricardo Alfredo",Mendoza,Ucr,2009-12-10,2011-12-09,
HCDN2807,"Manzi, Ruben",Catamarca,Coalicion Civica,2019-12-10,2023-12-09,https://api.argentinadatos.com/static/diputados/diputados/HCDN2807.jpg
HCDN1565,"Maquieyra, Martin",La Pampa,Union Pro,2013-12-10,2017-12-09,https://api.argentinadatos.com/static/diputados/diputados/HCDN1565.jpg
HCDN1565,"Maquieyra, Martin",La Pampa,Pro,2017-12-10,2021-12-09,https://api.argentinadatos.com/static/diputados/diputados/HCDN1565.jpg
HCDN1565,"Maquieyra, Martin",La Pampa,Pro,2021-12-10,2025-12-09,https://api.argentinadatos.com/static/diputados/diputados/HCDN1565.jpg
HCDN3224,"Marclay, Marianela",Entre Ríos,Unión por la Patria,2025-12-10,2029-12-09,
HCDN2879,"Marcolli, Julieta",Catamarca,Frente Civico y Social de Catamarca,2017-12-10,2021-12-09,
HCDN0768,"Marconato, Gustavo Angel",Santa Fe,Frente para la Victoria - Pj,2007-12-10,2011-12-09,
HCDN1424,"Marcopulos, Juan Fernando",Corrientes,Frente para la Victoria - Pj,2011-12-10,2015-12-09,
HCDN1505,"Marcucci, Hugo Maria",Santa Fe,Ucr,2015-12-10,2019-12-09,
HCDN2944,"Marin, Varinia Lis",La Pampa,Unión por la Patria,2021-12-10,2025-12-09,https://api.argentinadatos.com/static/diputados/diputados/HCDN2944.jpg
HCDN2944,"Marin, Varinia Lis",La Pampa,Unión por la Patria,2025-12-10,2029-12-09,https://api.argentinadatos.com/static/diputados/diputados/HCDN2944.jpg
HCDN3007,"Marino, Juan",Buenos Aires,Frente de Todos,2019-12-10,2023-12-09,https://api.argentinadatos.com/static/diputados/diputados/HCDN3007.jpg
HCDN3007,"Marino, Juan",Buenos Aires,Unión por la Patria,2023-12-10,2027-12-09,https://api.argentinadatos.com/static/diputados/diputados/HCDN3007.jpg
HCDN2848,"Marquez, Claudia Gabriela",Córdoba,Cordoba Federal,2017-12-10,2021-12-09,https://api.argentinadatos.com/static/diputados/diputados/HCDN2848.jpg
HCDN3063,"Marquez, Nadia",Neuquén,La Libertad Avanza,2023-12-10,2025-12-09,https://api.argentinadatos.com/static/diputados/diputados/HCDN3063.jpg
HCDN2403,"Martiarena, Jose Luis",Jujuy,Frente de Todos,2017-12-10,2021-12-09,
HCDN1036,"Martiarena, Mario Humberto",Jujuy,Peronismo Jujeño,2007-12-10,2011-12-09,
HCDN2764,"Martin, Juan",Santa Fe,Ucr,2019-12-10,2023-12-09,https://api.argentinadatos.com/static/diputados/diputados/HCDN2764.jpg
HCDN1355,"Martinez Campos, Gustavo Jose",Chaco,Justicialista,2013-12-10,2017-12-09,
HCDN1032,"Martinez Oddone, Heriberto Agustin",Córdoba,Ucr,2007-12-10,2011-12-09,
HCDN1511,"Martinez Villada, Leonor Maria",Córdoba,Coalicion Civica,2015-12-10,2019-12-09,https://api.argentinadatos.com/static/diputados/diputados/HCDN1511.jpg
HCDN1511,"Martinez Villada, Leonor Maria",Córdoba,Coalicion Civica,2019-12-10,2023-12-09,https://api.argentinadatos.com/static/diputados/diputados/HCDN1511.jpg
HCDN2938,"Martinez, Alvaro",Mendoza,La Libertad Avanza,2021-12-10,2025-12-09,https://api.argentinadatos.com/static/diputados/diputados/HCDN2938.jpg
HCDN2938,"Martinez, Alvaro",Mendoza,La Libertad Avanza,2025-12-10,2029-12-09,https://api.argentinadatos.com/static/diputados/diputados/HCDN2938.jpg
HCDN1498,"Martinez, Ana Laura",Santa Fe,Union Pro,2015-12-10,2017-12-07,
HCDN1562,"Martinez, Dario",Neuquén,Frente para la Victoria - Pj,2013-12-10,2017-12-09,
HCDN1562,"Martinez, Dario",Neuquén,Frente de Todos,2017-12-10,2019-12-09,
HCDN1562,"Martinez, Dario",Neuquén,Frente de Todos,2019-12-10,2020-08-28,
HCDN2816,"Martinez, Dolores",CABA,Evolucion Radical,2019-12-10,2023-12-09,https://api.argentinadatos.com/static/diputados/diputados/HCDN2816.jpg
HCDN1186,"Martinez, Ernesto Felix",Córdoba,Frente Civico - Cordoba,2009-12-10,2013-12-09,
HCDN2789,"Martinez, German Pedro",Santa Fe,Frente de Todos,2019-12-10,2023-12-09,https://api.argentinadatos.com/static/diputados/diputados/HCDN2789.jpg
HCDN2789,"Martinez, German Pedro",Santa Fe,Unión por la Patria,2023-12-10,2027-12-09,https://api.argentinadatos.com/static/diputados/diputados/HCDN2789.jpg
HCDN0770,"Martinez, Julio Cesar",La Rioja,Ucr,2009-12-10,2013-12-09,
HCDN0770,"Martinez, Julio Cesar",La Rioja,Ucr,2013-12-10,2015-12-10,
HCDN2776,"Martinez, Maria Rosa",Buenos Aires,Frente de Todos,2019-12-10,2023-12-09,https://api.argentinadatos.com/static/diputados/diputados/HCDN2776.jpg
HCDN1408,"Martinez, Oscar Anselmo",Tierra del Fuego,Movimiento Solidario Popular,2013-12-10,2017-12-09,
HCDN1278,"Martinez, Oscar Ariel",Santa Fe,Frente Renovador,2011-12-10,2015-12-09,
HCDN1525,"Martinez, Silvia Alejandra",Jujuy,Ucr,2015-12-10,2019-12-09,
HCDN1187,"Martinez, Soledad",Buenos Aires,Pro,2009-12-10,2013-12-09,
HCDN1187,"Martinez, Soledad",Buenos Aires,Union Pro,2013-12-10,2017-12-09,
HCDN2860,"Marziotta, Gisela",CABA,Frente de Todos,2017-12-10,2021-12-09,https://api.argentinadatos.com/static/diputados/diputados/HCDN2860.jpg
HCDN2860,"Marziotta, Gisela",CABA,Unión por la Patria,2021-12-10,2025-12-09,https://api.argentinadatos.com/static/diputados/diputados/HCDN2860.jpg
HCDN1473,"Masin, Maria Lucila",Chaco,Frente para la Victoria - Pj,2015-12-10,2019-12-09,https://api.argentinadatos.com/static/diputados/diputados/HCDN1473.jpg
HCDN1473,"Masin, Maria Lucila",Chaco,Frente de Todos,2019-12-10,2023-12-09,https://api.argentinadatos.com/static/diputados/diputados/HCDN1473.jpg
HCDN1107,"Massa, Sergio Tomas",Buenos Aires,Federal Unidos por una Nueva Argentina,2013-12-10,2017-12-09,https://api.argentinadatos.com/static/diputados/diputados/HCDN1107.jpg
HCDN1107,"Massa, Sergio Tomas",Buenos Aires,Frente de Todos,2019-12-10,2022-08-02,https://api.argentinadatos.com/static/diputados/diputados/HCDN1107.jpg
HCDN1515,"Massei, Juan Carlos",Córdoba,Federal Unidos por una Nueva Argentina,2015-12-10,2015-12-10,
HCDN1504,"Massetani, Vanesa Laura",Santa Fe,Federal Unidos por una Nueva Argentina,2015-12-10,2019-12-09,https://api.argentinadatos.com/static/diputados/diputados/HCDN1504.jpg
HCDN1504,"Massetani, Vanesa Laura",Santa Fe,Frente de Todos,2019-12-10,2023-12-09,https://api.argentinadatos.com/static/diputados/diputados/HCDN1504.jpg
HCDN1571,"Masso, Federico Augusto",Tucumán,Libres del Sur,2013-12-10,2017-12-09,
HCDN1512,"Massot, Nicolas",Córdoba,Pro,2015-12-10,2019-12-09,https://api.argentinadatos.com/static/diputados/diputados/HCDN1512.jpg
HCDN1512,"Massot, Nicolas",Buenos Aires,Encuentro Federal,2023-12-10,2027-12-09,https://api.argentinadatos.com/static/diputados/diputados/HCDN1512.jpg
HCDN2948,"Mastaler, Magali",Santa Fe,Unión por la Patria,2021-12-10,2025-12-09,https://api.argentinadatos.com/static/diputados/diputados/HCDN2948.jpg
HCDN2391,"Matzen, Lorena",Río Negro,Ucr,2017-12-10,2021-12-09,https://api.argentinadatos.com/static/diputados/diputados/HCDN2391.jpg
HCDN3196,"Maureira, Karina",Neuquén,La Neuquinidad,2025-12-10,2029-12-09,
HCDN3071,"Mayoraz, Nicolas",Santa Fe,La Libertad Avanza,2023-12-10,2027-12-09,https://api.argentinadatos.com/static/diputados/diputados/HCDN3071.jpg
HCDN1362,"Mazure, Liliana Amalia",CABA,Frente para la Victoria - Pj,2013-12-10,2017-12-09,
HCDN1188,"Mazzarella, Susana del Valle",Córdoba,Frente Civico - Cordoba,2009-12-10,2013-12-09,
HCDN2392,"Medina, Gladys",Tucumán,Frente de Todos,2017-12-10,2021-12-09,https://api.argentinadatos.com/static/diputados/diputados/HCDN2392.jpg
HCDN2392,"Medina, Gladys",Tucumán,Independencia,2023-12-10,2025-12-09,https://api.argentinadatos.com/static/diputados/diputados/HCDN2392.jpg
HCDN2392,"Medina, Gladys",Tucumán,Independencia,2025-12-10,2029-12-09,https://api.argentinadatos.com/static/diputados/diputados/HCDN2392.jpg
HCDN2393,"Medina, Martin Nicolas",Buenos Aires,Pro,2017-12-10,2021-12-09,
HCDN2433,"Mendoza, Josefina",Buenos Aires,Ucr,2017-12-10,2021-12-09,https://api.argentinadatos.com/static/diputados/diputados/HCDN2433.jpg
HCDN1279,"Mendoza, Mayra Soledad",Buenos Aires,Frente para la Victoria - Pj,2011-12-10,2015-12-09,
HCDN1279,"Mendoza, Mayra Soledad",Buenos Aires,Frente para la Victoria - Pj,2015-12-10,2019-12-09,
HCDN1189,"Mendoza, Sandra Marcela",Chaco,Frente para la Victoria - Pj,2009-12-10,2013-12-09,
HCDN1189,"Mendoza, Sandra Marcela",Chaco,Frente para la Victoria - Pj,2013-12-10,2017-12-09,
HCDN3107,"Menem, Martin",La Rioja,La Libertad Avanza,2023-12-10,2027-12-09,https://api.argentinadatos.com/static/diputados/diputados/HCDN3107.jpg
HCDN2394,"Menna, Gustavo",Chubut,Ucr,2017-12-10,2021-12-09,https://api.argentinadatos.com/static/diputados/diputados/HCDN2394.jpg
HCDN1190,"Mera, Dalmacio",Catamarca,Frente para la Victoria - Pj,2009-12-10,2011-12-09,
HCDN1470,"Mercado, Veronica",Catamarca,Frente para la Victoria - Pj,2015-12-10,2019-12-09,
HCDN1004,"Merchan, Paula Cecilia",Córdoba,Libres del Sur,2007-12-10,2011-12-09,
HCDN1005,"Merlo, Mario Raul",San Luis,Peronismo Federal,2007-12-10,2011-12-09,
HCDN1367,"Mestre, Diego Matias",Córdoba,Ucr,2013-12-10,2017-12-09,
HCDN1367,"Mestre, Diego Matias",Córdoba,Ucr,2017-12-10,2021-12-09,
HCDN1280,"Metaza, Mario Alfredo",Santa Cruz,Frente para la Victoria - Pj,2011-12-10,2015-12-09,
HCDN3246,"Metral Asensio, Julieta",Mendoza,La Libertad Avanza,2025-12-10,2029-12-09,
HCDN3218,"Michel, Guillermo",Entre Ríos,Unión por la Patria,2025-12-10,2029-12-09,
HCDN1191,"Michetti, Marta Gabriela",CABA,Pro,2009-12-10,2013-12-09,
HCDN2880,"Milei, Javier Gerardo",CABA,La Libertad Avanza,2021-12-10,2023-11-29,https://api.argentinadatos.com/static/diputados/diputados/HCDN2880.jpg
HCDN1192,"Milman, Gerardo",Buenos Aires,Gen,2009-12-10,2013-12-09,https://api.argentinadatos.com/static/diputados/diputados/HCDN1192.jpg
HCDN1192,"Milman, Gerardo",Buenos Aires,Pro,2021-12-10,2025-12-09,https://api.argentinadatos.com/static/diputados/diputados/HCDN1192.jpg
HCDN3220,"Miño, Fernanda",Buenos Aires,Unión por la Patria,2025-12-10,2029-12-09,
HCDN2738,"Mirabella, Roberto",Santa Fe,Defendamos Santa Fe,2021-12-10,2025-12-09,https://api.argentinadatos.com/static/diputados/diputados/HCDN2738.jpg
HCDN1478,"Miranda, Pedro Ruben",Mendoza,Justicialista,2015-12-10,2019-12-09,
HCDN1281,"Mirkin, Beatriz Graciela",Tucumán,Frente para la Victoria - Pj,2011-12-10,2013-03-02,
HCDN0903,"Moises, Maria Carolina",Jujuy,Justicialista,2015-12-10,2019-12-09,https://api.argentinadatos.com/static/diputados/diputados/HCDN0903.jpg
HCDN0903,"Moises, Maria Carolina",Jujuy,Frente de Todos,2019-12-10,2023-12-09,https://api.argentinadatos.com/static/diputados/diputados/HCDN0903.jpg
HCDN1223,"Molas, Pedro Omar",Catamarca,Frente Civico y Social de Catamarca,2009-12-10,2013-12-09,
HCDN3244,"Molina, Juan Carlos",Santa Cruz,Unión por la Patria,2025-12-10,2029-12-09,
HCDN1528,"Molina, Karina Alejandra",La Rioja,Pro,2015-12-10,2019-12-09,
HCDN1282,"Molina, Manuel Isauro",Catamarca,Frente para la Victoria - Pj,2011-12-10,2015-12-09,
HCDN3162,"Molinuevo, Soledad",Tucumán,La Libertad Avanza,2025-12-10,2029-12-09,
HCDN3056,"Molle, Matias",Buenos Aires,Unión por la Patria,2023-12-10,2027-12-09,https://api.argentinadatos.com/static/diputados/diputados/HCDN3056.jpg
HCDN2395,"Monaldi, Osmar Antonio",Jujuy,Pro,2017-12-10,2021-12-09,
HCDN3245,"Mondaca, Soledad",Neuquén,La Libertad Avanza,2025-12-10,2029-12-09,
HCDN1520,"Monfort, Marcelo Alejandro",Entre Ríos,Ucr,2015-12-10,2019-12-09,
HCDN0774,"Mongelo, Jose Ricardo",Chaco,Frente para la Victoria - Pj,2011-12-10,2015-12-09,
HCDN3236,"Monguillot, Fernando",Catamarca,Elijo Catamarca,2025-12-10,2029-12-09,
HCDN3095,"Montenegro, Guillermo",Buenos Aires,La Libertad Avanza,2023-12-10,2027-12-09,https://api.argentinadatos.com/static/diputados/diputados/HCDN3095.jpg
HCDN2396,"Montenegro, Guillermo Tristan",Buenos Aires,Pro,2017-12-10,2019-12-04,
HCDN3187,"Montenegro, Juan Pablo",Santa Fe,La Libertad Avanza,2025-12-10,2029-12-09,
HCDN1006,"Montero, Laura Gisela",Mendoza,Consenso Federal,2007-12-10,2009-11-24,
HCDN2927,"Monti, Francisco",Catamarca,Liga del Interior Eli,2021-12-10,2025-12-09,https://api.argentinadatos.com/static/diputados/diputados/HCDN2927.jpg
HCDN2808,"Montoto, Maria Luisa",Santiago del Estero,Frente de Todos,2017-12-10,2021-12-09,https://api.argentinadatos.com/static/diputados/diputados/HCDN2808.jpg
HCDN2808,"Montoto, Maria Luisa",Santiago del Estero,Unión por la Patria,2021-12-10,2025-12-09,https://api.argentinadatos.com/static/diputados/diputados/HCDN2808.jpg
HCDN0698,"Montoya, Jorge Luciano",Córdoba,Nucleo Unidad Peronista,2007-12-10,2011-12-09,
HCDN1440,"Monzo, Emilio",Buenos Aires,Pro,2015-12-10,2019-12-09,https://api.argentinadatos.com/static/diputados/diputados/HCDN1440.jpg
HCDN1440,"Monzo, Emilio",Buenos Aires,Encuentro Federal,2021-12-10,2025-12-09,https://api.argentinadatos.com/static/diputados/diputados/HCDN1440.jpg
HCDN3045,"Monzon, Roxana",Buenos Aires,Unión por la Patria,2023-12-10,2027-12-09,https://api.argentinadatos.com/static/diputados/diputados/HCDN3045.jpg
HCDN2767,"Morales Gorleri, Victoria",CABA,Pro,2019-12-10,2023-12-09,https://api.argentinadatos.com/static/diputados/diputados/HCDN2767.jpg
HCDN2397,"Morales, Flavia",Misiones,Frente de la Concordia Misionero,2017-12-10,2021-12-09,https://api.argentinadatos.com/static/diputados/diputados/HCDN2397.jpg
HCDN1531,"Morales, Mariana Elizabet",Santiago del Estero,Federal Unidos por una Nueva Argentina,2015-12-10,2019-12-09,
HCDN1080,"Moran, Juan Carlos",Buenos Aires,Coalicion Civica,2007-12-10,2011-12-09,
HCDN3008,"Moran, Micaela",Buenos Aires,Unión por la Patria,2021-12-10,2025-12-09,https://api.argentinadatos.com/static/diputados/diputados/HCDN3008.jpg
HCDN1007,"Morante, Antonio Arnaldo Maria",Chaco,Frente para la Victoria - Pj,2007-12-10,2011-12-09,
HCDN3046,"Morchio, Francisco",Entre Ríos,La Libertad Avanza,2023-12-10,2027-12-09,https://api.argentinadatos.com/static/diputados/diputados/HCDN3046.jpg
HCDN1463,"Moreau, Cecilia",Buenos Aires,Federal Unidos por una Nueva Argentina,2015-12-10,2019-12-09,https://api.argentinadatos.com/static/diputados/diputados/HCDN1463.jpg
HCDN1463,"Moreau, Cecilia",Buenos Aires,Frente de Todos,2019-12-10,2023-12-09,https://api.argentinadatos.com/static/diputados/diputados/HCDN1463.jpg
HCDN1463,"Moreau, Cecilia",Buenos Aires,Unión por la Patria,2023-12-10,2027-12-09,https://api.argentinadatos.com/static/diputados/diputados/HCDN1463.jpg
HCDN0303,"Moreau, Leopoldo Raul Guido",Buenos Aires,Frente de Todos,2017-12-10,2021-12-09,
HCDN0303,"Moreau, Leopoldo Raul Guido",Buenos Aires,Unión por la Patria,2021-12-10,2025-12-09,
HCDN1008,"Morejon, Manuel Amor",Chubut,Peronista,2007-12-10,2011-12-09,
HCDN3103,"Moreno Ovalle, Julio",Salta,La Libertad Avanza,2023-12-10,2027-12-09,https://api.argentinadatos.com/static/diputados/diputados/HCDN3103.jpg
HCDN0905,"Moreno, Carlos Julio",Buenos Aires,Frente para la Victoria - Pj,2009-12-10,2013-12-09,
HCDN0905,"Moreno, Carlos Julio",Buenos Aires,Frente para la Victoria - Pj,2013-12-10,2017-12-09,
HCDN3104,"Moreno, Maria de los Angeles",San Juan,Produccion y Trabajo,2021-12-10,2025-12-09,https://api.argentinadatos.com/static/diputados/diputados/HCDN3104.jpg
HCDN2536,"Moretti, Jose Luis",La Rioja,Federal Unidos por una Nueva Argentina,2015-12-10,2019-12-09,
HCDN2398,"Mosqueda, Juan",Chaco,Frente de Todos,2017-12-10,2021-12-09,https://api.argentinadatos.com/static/diputados/diputados/HCDN2398.jpg
HCDN1193,"Mouilleron, Roberto Mario",Buenos Aires,Frente Renovador,2009-12-10,2013-12-09,
HCDN2857,"Mounier, Patricia",Santa Fe,Frente de Todos,2017-12-10,2021-12-09,
HCDN3241,"Moyano, Hugo Antonio",Buenos Aires,Unión por la Patria,2025-12-10,2029-12-09,
HCDN1283,"Moyano, Juan Facundo",Buenos Aires,Frente Renovador,2011-12-10,2015-12-09,https://api.argentinadatos.com/static/diputados/diputados/HCDN1283.jpg
HCDN1283,"Moyano, Juan Facundo",Buenos Aires,Red por Argentina,2015-12-10,2019-12-09,https://api.argentinadatos.com/static/diputados/diputados/HCDN1283.jpg
HCDN1283,"Moyano, Juan Facundo",Buenos Aires,Frente de Todos,2019-12-10,2021-08-13,https://api.argentinadatos.com/static/diputados/diputados/HCDN1283.jpg
HCDN2980,"Moyano, Nilda",Santiago del Estero,Unión por la Patria,2021-12-10,2025-12-09,https://api.argentinadatos.com/static/diputados/diputados/HCDN2980.jpg
HCDN3015,"Mraida, Gabriel Sebastian",Buenos Aires,Pro,2019-12-10,2023-06-30,https://api.argentinadatos.com/static/diputados/diputados/HCDN3015.jpg
HCDN3191,"Mukdise, Jorge",Santiago del Estero,Unión por la Patria,2025-12-10,2029-12-09,
HCDN1284,"Müller, Edgar Raul",Córdoba,Compromiso Federal,2011-12-10,2015-12-09,
HCDN0019,"Müller, Mabel Hilda",Buenos Aires,Frente Renovador,2009-12-10,2013-12-09,
HCDN3251,"Muñoz, Gabriela Luciana",Neuquén,La Libertad Avanza,2023-12-10,2027-12-09,
HCDN2434,"Muñoz, Rosa Rosario",Chubut,Frente de Todos,2017-12-10,2021-12-09,https://api.argentinadatos.com/static/diputados/diputados/HCDN2434.jpg
HCDN2399,"Najul, Claudia",Mendoza,Ucr,2017-12-10,2021-12-09,
HCDN1487,"Nanni, Miguel",Salta,Ucr,2015-12-10,2019-12-09,https://api.argentinadatos.com/static/diputados/diputados/HCDN1487.jpg
HCDN1487,"Nanni, Miguel",Salta,Ucr,2019-12-10,2023-12-09,https://api.argentinadatos.com/static/diputados/diputados/HCDN1487.jpg
HCDN1285,"Navarro, Graciela",Santiago del Estero,Frente Civico por Santiago,2011-12-10,2015-12-09,https://api.argentinadatos.com/static/diputados/diputados/HCDN1285.jpg
HCDN1285,"Navarro, Graciela",Santiago del Estero,Frente Civico por Santiago,2015-12-10,2019-12-09,https://api.argentinadatos.com/static/diputados/diputados/HCDN1285.jpg
HCDN1285,"Navarro, Graciela",Santiago del Estero,Frente de Todos,2019-12-10,2023-12-09,https://api.argentinadatos.com/static/diputados/diputados/HCDN1285.jpg
HCDN1516,"Nazario, Adriana Monica",Córdoba,Cordoba Federal,2015-12-10,2019-12-09,
HCDN1194,"Nebreda, Carmen Rosa",Córdoba,Frente para la Victoria - Pj,2009-12-10,2013-12-09,
HCDN2340,"Neder, Estela Mary",Santiago del Estero,Frente Civico por Santiago,2015-12-10,2019-12-09,https://api.argentinadatos.com/static/diputados/diputados/HCDN2340.jpg
HCDN2340,"Neder, Estela Mary",Santiago del Estero,Frente de Todos,2019-12-10,2023-12-09,https://api.argentinadatos.com/static/diputados/diputados/HCDN2340.jpg
HCDN2340,"Neder, Estela Mary",Santiago del Estero,Unión por la Patria,2023-12-10,2027-12-09,https://api.argentinadatos.com/static/diputados/diputados/HCDN2340.jpg
HCDN0035,"Negri, Mario Raul",Córdoba,Ucr,2011-12-10,2015-12-09,https://api.argentinadatos.com/static/diputados/diputados/HCDN0035.jpg
HCDN0035,"Negri, Mario Raul",Córdoba,Ucr,2015-12-10,2019-12-09,https://api.argentinadatos.com/static/diputados/diputados/HCDN0035.jpg
HCDN0035,"Negri, Mario Raul",Córdoba,Ucr,2019-12-10,2023-12-09,https://api.argentinadatos.com/static/diputados/diputados/HCDN0035.jpg
HCDN2983,"Nieri, Lisandro",Mendoza,Ucr,2019-12-10,2023-12-09,https://api.argentinadatos.com/static/diputados/diputados/HCDN2983.jpg
HCDN2983,"Nieri, Lisandro",Mendoza,Ucr - Unión Cívica Radical,2023-12-10,2027-12-09,https://api.argentinadatos.com/static/diputados/diputados/HCDN2983.jpg
HCDN3177,"Niveyro, Miriam",Buenos Aires,La Libertad Avanza,2025-12-10,2029-12-09,
HCDN3076,"Noblega, Sebastian",Catamarca,Elijo Catamarca,2023-12-10,2027-12-09,https://api.argentinadatos.com/static/diputados/diputados/HCDN3076.jpg
HCDN3197,"Noguera, Javier",Tucumán,Independencia,2025-12-10,2029-12-09,
HCDN1500,"Nuñez, Jose",Santa Fe,Pro,2015-12-10,2019-12-09,https://api.argentinadatos.com/static/diputados/diputados/HCDN1500.jpg
HCDN1500,"Nuñez, Jose",Santa Fe,Pro,2019-12-10,2023-12-09,https://api.argentinadatos.com/static/diputados/diputados/HCDN1500.jpg
HCDN1500,"Nuñez, Jose",Santa Fe,Provincias Unidas,2023-12-10,2027-12-09,https://api.argentinadatos.com/static/diputados/diputados/HCDN1500.jpg
HCDN2788,"Obeid, Alejandra del Huerto",Santa Fe,Frente de Todos,2019-12-10,2023-12-09,https://api.argentinadatos.com/static/diputados/diputados/HCDN2788.jpg
HCDN0453,"Obeid, Jorge Alberto",Santa Fe,Peronismo Federal,2007-12-10,2011-12-09,
HCDN0453,"Obeid, Jorge Alberto",Santa Fe,Frente para la Victoria - Pj,2013-12-10,2014-01-28,
HCDN0960,"Obiglio, Julian Martin",CABA,Pro,2009-12-10,2013-12-09,
HCDN0454,"Ocaña, Graciela",Buenos Aires,Unidad para el Desarrollo Social y la Equidad,2011-12-10,2013-12-09,https://api.argentinadatos.com/static/diputados/diputados/HCDN0454.jpg
HCDN0454,"Ocaña, Graciela",Buenos Aires,Pro,2017-12-10,2021-12-09,https://api.argentinadatos.com/static/diputados/diputados/HCDN0454.jpg
HCDN0454,"Ocaña, Graciela",Buenos Aires,Pro,2021-12-10,2023-12-09,https://api.argentinadatos.com/static/diputados/diputados/HCDN0454.jpg
HCDN3203,"Ojeda, Joaquin",Buenos Aires,La Libertad Avanza,2025-12-10,2029-12-09,
HCDN0906,"Oliva, Cristian Rodolfo",Santiago del Estero,Frente Civico por Santiago,2009-12-10,2013-12-09,
HCDN0906,"Oliva, Cristian Rodolfo",Santiago del Estero,Frente Civico por Santiago,2013-12-10,2017-12-09,
HCDN1430,"Olivares, Hector Enrique",La Rioja,Ucr,2011-12-10,2015-12-09,
HCDN1430,"Olivares, Hector Enrique",La Rioja,Ucr,2015-12-10,2019-05-12,
HCDN2400,"Oliveto Lago, Paula",CABA,Coalicion Civica,2017-12-10,2021-12-09,https://api.argentinadatos.com/static/diputados/diputados/HCDN2400.jpg
HCDN2400,"Oliveto Lago, Paula",CABA,Coalicion Civica,2021-12-10,2025-12-09,https://api.argentinadatos.com/static/diputados/diputados/HCDN2400.jpg
HCDN1197,"Olmedo, Alfredo Horacio",Salta,Salta Somos Todos,2009-12-10,2013-12-09,
HCDN1197,"Olmedo, Alfredo Horacio",Salta,Salta Somos Todos,2015-12-10,2019-12-09,
HCDN3012,"Olmos, Kelly",CABA,Unión por la Patria,2025-12-10,2029-12-09,
HCDN2909,"Omodeo, Paula",Tucumán,Creo,2021-12-10,2025-12-09,https://api.argentinadatos.com/static/diputados/diputados/HCDN2909.jpg
HCDN1286,"Oporto, Mario Nestor",Buenos Aires,Frente para la Victoria - Pj,2011-12-10,2015-12-09,
HCDN1496,"Orellana, Jose Fernando",Tucumán,Justicialista por Tucuman,2015-12-10,2019-10-30,
HCDN2760,"Ormachea, Claudia Beatriz",Buenos Aires,Frente de Todos,2019-12-10,2023-12-09,https://api.argentinadatos.com/static/diputados/diputados/HCDN2760.jpg
HCDN3096,"Orozco, Emilia",Salta,La Libertad Avanza,2023-12-10,2025-12-09,https://api.argentinadatos.com/static/diputados/diputados/HCDN3096.jpg
HCDN2801,"Orrego, Humberto Marcelo",San Juan,Produccion y Trabajo,2019-12-10,2023-12-09,https://api.argentinadatos.com/static/diputados/diputados/HCDN2801.jpg
HCDN1196,"Orsolini, Pablo Eduardo",Chaco,Ucr,2009-12-10,2013-12-09,
HCDN2867,"Ortega, Carlos",Buenos Aires,Frente de Todos,2017-12-10,2021-12-09,
HCDN1287,"Ortiz Correa, Marcia Sara Maria",Catamarca,Frente para la Victoria - Pj,2011-12-10,2015-12-09,
HCDN1288,"Ortiz, Mariela",Jujuy,Frente para la Victoria - Pj,2011-12-10,2015-12-09,
HCDN0633,"Osuna, Blanca Ines",Entre Ríos,Frente de Todos,2019-12-10,2023-12-09,https://api.argentinadatos.com/static/diputados/diputados/HCDN0633.jpg
HCDN0633,"Osuna, Blanca Ines",Entre Ríos,Unión por la Patria,2023-12-10,2027-12-09,https://api.argentinadatos.com/static/diputados/diputados/HCDN0633.jpg
HCDN3100,"Outes, Pablo",Salta,Innovación Federal,2023-12-10,2027-12-09,https://api.argentinadatos.com/static/diputados/diputados/HCDN3100.jpg
HCDN3061,"Pagano, Marcela Marina",Buenos Aires,Coherencia,2023-12-10,2027-12-09,https://api.argentinadatos.com/static/diputados/diputados/HCDN3061.jpg
HCDN1009,"Pais, Juan Mario",Chubut,Frente para la Victoria - Pj,2007-12-10,2011-12-09,
HCDN1009,"Pais, Juan Mario",Chubut,Frente para la Victoria - Pj,2011-12-10,2015-12-09,
HCDN2904,"Palazzo, Sergio Omar",Buenos Aires,Unión por la Patria,2021-12-10,2025-12-09,https://api.argentinadatos.com/static/diputados/diputados/HCDN2904.jpg
HCDN2904,"Palazzo, Sergio Omar",Buenos Aires,Unión por la Patria,2025-12-10,2029-12-09,https://api.argentinadatos.com/static/diputados/diputados/HCDN2904.jpg
HCDN3158,"Palladino, Claudia Maria",Catamarca,Unión por la Patria,2025-12-10,2029-12-09,
HCDN1198,"Pansa, Sergio Horacio",San Luis,Compromiso Federal,2009-12-10,2013-12-09,
HCDN2922,"Paponet, Liliana",Mendoza,Unión por la Patria,2021-12-10,2025-12-09,https://api.argentinadatos.com/static/diputados/diputados/HCDN2922.jpg
HCDN1199,"Parada, Liliana Beatriz",CABA,Unidad Popular,2009-12-10,2013-12-09,
HCDN1037,"Paredes Urquiza, Alberto Nicolas",La Rioja,Frente para la Victoria - Pj,2007-12-10,2011-12-09,
HCDN3181,"Pareja, Sebastian",Buenos Aires,La Libertad Avanza,2025-12-10,2029-12-09,
HCDN2784,"Parola, Maria Graciela",Formosa,Frente de Todos,2019-12-10,2023-12-09,https://api.argentinadatos.com/static/diputados/diputados/HCDN2784.jpg
HCDN2784,"Parola, Maria Graciela",Formosa,Unión por la Patria,2023-12-10,2027-12-09,https://api.argentinadatos.com/static/diputados/diputados/HCDN2784.jpg
HCDN1010,"Paroli, Raul Omar",Catamarca,Frente Civico y Social de Catamarca,2007-12-10,2011-12-09,
HCDN1048,"Parrilli, Nanci Maria Agustina",Neuquén,Frente para la Victoria - Pj,2013-12-10,2015-12-09,
HCDN1081,"Pasini, Ariel Osvaldo Eloy",Buenos Aires,Frente para la Victoria - Pj,2007-12-10,2011-12-09,
HCDN1081,"Pasini, Ariel Osvaldo Eloy",Buenos Aires,Frente para la Victoria - Pj,2011-12-10,2015-12-09,
HCDN1460,"Passo, Marcela Fabiana",Buenos Aires,Federal Unidos por una Nueva Argentina,2015-12-10,2019-12-09,https://api.argentinadatos.com/static/diputados/diputados/HCDN1460.jpg
HCDN1460,"Passo, Marcela Fabiana",Buenos Aires,Unión por la Patria,2021-12-10,2025-12-09,https://api.argentinadatos.com/static/diputados/diputados/HCDN1460.jpg
HCDN1386,"Pastori, Luis Mario",Misiones,Ucr,2013-12-10,2017-12-09,https://api.argentinadatos.com/static/diputados/diputados/HCDN1386.jpg
HCDN1386,"Pastori, Luis Mario",Misiones,Ucr,2017-12-10,2021-12-09,https://api.argentinadatos.com/static/diputados/diputados/HCDN1386.jpg
HCDN1011,"Pastoriza, Mirta Ameliana",Santiago del Estero,Frente Civico por Santiago,2007-12-10,2011-12-09,
HCDN1011,"Pastoriza, Mirta Ameliana",Santiago del Estero,Frente Civico por Santiago,2011-12-10,2015-12-09,
HCDN1011,"Pastoriza, Mirta Ameliana",Santiago del Estero,Frente Civico por Santiago,2015-12-10,2019-12-09,
HCDN3250,"Patiño Brizuela, Marcos",Córdoba,La Libertad Avanza,2025-12-10,2029-12-09,
HCDN1564,"Patiño, Jose Luis",CABA,Union Pro,2013-12-10,2017-12-09,
HCDN1564,"Patiño, Jose Luis",CABA,Pro,2017-12-10,2021-12-09,
HCDN3105,"Pauli, Santiago",Tierra del Fuego,La Libertad Avanza,2023-12-10,2027-12-09,https://api.argentinadatos.com/static/diputados/diputados/HCDN3105.jpg
HCDN3108,"Paulon, Esteban",Santa Fe,Provincias Unidas,2023-12-10,2027-12-09,https://api.argentinadatos.com/static/diputados/diputados/HCDN3108.jpg
HCDN2902,"Pedrali, Gabriela",La Rioja,Unión por la Patria,2021-12-10,2025-12-09,https://api.argentinadatos.com/static/diputados/diputados/HCDN2902.jpg
HCDN2902,"Pedrali, Gabriela",La Rioja,Unión por la Patria,2025-12-10,2029-12-09,https://api.argentinadatos.com/static/diputados/diputados/HCDN2902.jpg
HCDN1356,"Pedrini, Juan Manuel",Chaco,Frente para la Victoria - Pj,2013-12-10,2017-12-09,https://api.argentinadatos.com/static/diputados/diputados/HCDN1356.jpg
HCDN1356,"Pedrini, Juan Manuel",Chaco,Unión por la Patria,2021-12-10,2025-12-09,https://api.argentinadatos.com/static/diputados/diputados/HCDN1356.jpg
HCDN3160,"Pellegrini, Agustin",Santa Fe,La Libertad Avanza,2025-12-10,2029-12-09,
HCDN3249,"Pelli, Federico Agustin",Tucumán,La Libertad Avanza,2025-12-10,2029-12-09,
HCDN3040,"Peluc, Jose",San Juan,La Libertad Avanza,2023-12-10,2027-12-09,https://api.argentinadatos.com/static/diputados/diputados/HCDN3040.jpg
HCDN2821,"Penacca, Paula Andrea",CABA,Frente de Todos,2019-12-10,2023-12-09,https://api.argentinadatos.com/static/diputados/diputados/HCDN2821.jpg
HCDN2821,"Penacca, Paula Andrea",CABA,Unión por la Patria,2023-12-10,2027-12-09,https://api.argentinadatos.com/static/diputados/diputados/HCDN2821.jpg
HCDN1583,"Peñaloza Marianetti, Maria Florencia",San Juan,Somos San Juan,2015-12-10,2019-12-09,
HCDN1012,"Peralta, Fabian Francisco",Santa Fe,Gen,2007-12-10,2011-12-09,
HCDN1012,"Peralta, Fabian Francisco",Santa Fe,Gen,2011-12-10,2015-12-09,
HCDN1013,"Pereyra, Guillermo Antonio",Mendoza,Frente para la Victoria - Pj,2007-12-10,2011-12-09,
HCDN1513,"Pereyra, Juan Manuel",Córdoba,Concertacion Forja,2015-12-10,2019-12-09,
HCDN2915,"Pereyra, Julio",Buenos Aires,Unión por la Patria,2021-12-10,2025-12-09,https://api.argentinadatos.com/static/diputados/diputados/HCDN2915.jpg
HCDN2769,"Perez Araujo, Hernan",La Pampa,Frente de Todos,2019-12-10,2023-12-09,https://api.argentinadatos.com/static/diputados/diputados/HCDN2769.jpg
HCDN2871,"Perez Plaza, Eber Albano",Mendoza,Frente de Todos,2019-12-10,2023-12-09,https://api.argentinadatos.com/static/diputados/diputados/HCDN2871.jpg
HCDN0781,"Perez, Adrian",Buenos Aires,Coalicion Civica,2007-12-10,2011-12-09,
HCDN0781,"Perez, Adrian",Buenos Aires,Frente Renovador,2013-12-10,2015-12-09,
HCDN1200,"Perez, Alberto Jose",San Luis,Compromiso Federal,2009-12-10,2013-12-09,
HCDN1014,"Perez, Jorge Raul",Santiago del Estero,Frente Civico por Santiago,2007-12-10,2011-11-11,
HCDN1409,"Perez, Martin Alejandro",Tierra del Fuego,Frente para la Victoria - Pj,2013-12-10,2017-12-09,
HCDN1409,"Perez, Martin Alejandro",Tierra del Fuego,Frente de Todos,2017-12-10,2019-12-11,
HCDN1462,"Perez, Raul Joaquin",Buenos Aires,Federal Unidos por una Nueva Argentina,2015-12-10,2019-12-09,
HCDN0783,"Perie, Hugo Ruben",Corrientes,Frente para la Victoria - Pj,2007-12-10,2011-08-15,
HCDN1039,"Perie, Julia Argentina",Misiones,Frente para la Victoria - Pj,2007-12-10,2011-12-09,
HCDN1039,"Perie, Julia Argentina",Misiones,Frente para la Victoria - Pj,2011-12-10,2015-12-09,
HCDN1289,"Perotti, Omar Angel",Santa Fe,Frente para la Victoria - Pj,2011-12-10,2015-12-09,
HCDN1231,"Perroni, Ana Maria",Corrientes,Frente para la Victoria - Pj,2007-12-10,2011-12-09,
HCDN1231,"Perroni, Ana Maria",Corrientes,Frente para la Victoria - Pj,2011-12-10,2015-12-09,
HCDN2404,"Pertile, Elda",Chaco,Frente de Todos,2017-12-10,2021-12-09,https://api.argentinadatos.com/static/diputados/diputados/HCDN2404.jpg
HCDN1385,"Petri, Luis",Mendoza,Ucr,2013-12-10,2017-12-09,https://api.argentinadatos.com/static/diputados/diputados/HCDN1385.jpg
HCDN1385,"Petri, Luis",Mendoza,Ucr,2017-12-10,2021-12-09,https://api.argentinadatos.com/static/diputados/diputados/HCDN1385.jpg
HCDN1385,"Petri, Luis",Mendoza,La Libertad Avanza,2025-12-10,2029-12-09,https://api.argentinadatos.com/static/diputados/diputados/HCDN1385.jpg
HCDN3228,"Petrovich, Maria Lorena",Buenos Aires,La Libertad Avanza,2023-12-10,2027-12-09,
HCDN3051,"Picat, Luis Albino",Córdoba,La Libertad Avanza,2023-12-10,2027-12-09,https://api.argentinadatos.com/static/diputados/diputados/HCDN3051.jpg
HCDN2405,"Piccolomini, Maria Carla",Buenos Aires,Pro,2017-12-10,2021-12-09,
HCDN0022,"Pichetto, Miguel Angel",Buenos Aires,Encuentro Federal,2023-12-10,2027-12-09,https://api.argentinadatos.com/static/diputados/diputados/HCDN0022.jpg
HCDN3050,"Picon Martinez, Nancy Viviana",San Juan,Produccion y Trabajo,2023-12-10,2027-12-09,https://api.argentinadatos.com/static/diputados/diputados/HCDN3050.jpg
HCDN1201,"Piemonte, Hector Horacio",Buenos Aires,Coalicion Civica - Ari,2009-12-10,2013-12-09,
HCDN1290,"Pietragalla Corti, Horacio",Buenos Aires,Frente para la Victoria - Pj,2011-12-10,2015-12-09,
HCDN1290,"Pietragalla Corti, Horacio",Buenos Aires,Frente de Todos,2017-12-10,2019-12-10,
HCDN1290,"Pietragalla Corti, Horacio",Buenos Aires,Unión por la Patria,2025-12-10,2029-12-09,
HCDN1202,"Pilatti Vergara, Maria Ines",Chaco,Frente para la Victoria - Pj,2009-12-10,2013-12-09,
HCDN0785,"Pinedo, Federico",CABA,Pro,2007-12-10,2011-12-09,
HCDN0785,"Pinedo, Federico",CABA,Pro y Union por entre Rios,2011-12-10,2015-12-02,
HCDN1133,"Pinto, Sergio Damian",Mendoza,Ucr,2007-12-10,2011-12-09,
HCDN2940,"Piparo, Carolina",Buenos Aires,La Libertad Avanza,2021-12-10,2025-12-01,https://api.argentinadatos.com/static/diputados/diputados/HCDN2940.jpg
HCDN1469,"Pitiot, Carla Betina",CABA,Federal Unidos por una Nueva Argentina,2015-12-10,2019-12-09,
HCDN3242,"Pitrola, Nestor",Buenos Aires,Partido Obrero en el Frente de Izquierda y de Trabajadores,2023-12-10,2027-12-09,
HCDN1348,"Pitrola, Nestor Antonio",Buenos Aires,Frente de Izquierda y de los Trabajadores,2013-12-10,2015-06-09,
HCDN1348,"Pitrola, Nestor Antonio",Buenos Aires,Frente de Izquierda y de los Trabajadores,2015-12-10,2017-06-10,
HCDN1203,"Plaini, Francisco Omar",Buenos Aires,"Cultura, Educacion y Trabajo",2009-12-10,2013-12-09,
HCDN1203,"Plaini, Francisco Omar",Buenos Aires,"Cultura, Educacion y Trabajo",2013-12-10,2017-12-09,
HCDN0818,"Poggi, Claudio Javier",San Luis,Avanzar San Luis,2015-12-10,2017-12-09,https://api.argentinadatos.com/static/diputados/diputados/HCDN0818.jpg
HCDN0818,"Poggi, Claudio Javier",San Luis,Avanzar San Luis,2021-12-10,2023-11-01,https://api.argentinadatos.com/static/diputados/diputados/HCDN0818.jpg
HCDN3082,"Pokoik, Lorena",CABA,Unión por la Patria,2023-12-10,2027-12-09,https://api.argentinadatos.com/static/diputados/diputados/HCDN3082.jpg
HCDN2929,"Polini, Juan Carlos",Chaco,Democracia para Siempre,2021-12-10,2025-12-09,https://api.argentinadatos.com/static/diputados/diputados/HCDN2929.jpg
HCDN2353,"Polledo, Carmen",CABA,Pro,2017-12-10,2021-12-09,https://api.argentinadatos.com/static/diputados/diputados/HCDN2353.jpg
HCDN2762,"Ponce, Carlos Ybrhain",San Luis,Frente de Todos,2019-12-10,2023-12-09,https://api.argentinadatos.com/static/diputados/diputados/HCDN2762.jpg
HCDN3069,"Ponce, Maria Celeste",Córdoba,La Libertad Avanza,2023-12-10,2027-12-09,https://api.argentinadatos.com/static/diputados/diputados/HCDN3069.jpg
HCDN1015,"Portela, Agustin Alberto",Corrientes,Ucr,2007-12-10,2011-12-09,
HCDN1015,"Portela, Agustin Alberto",Corrientes,Ucr,2011-12-10,2015-12-09,
HCDN3078,"Potenza, Luciana",Buenos Aires,Unión por la Patria,2023-12-10,2027-12-09,https://api.argentinadatos.com/static/diputados/diputados/HCDN3078.jpg
HCDN3151,"Prades, C. Facundo",Santa Cruz,Por Santa Cruz,2021-12-10,2025-12-09,
HCDN1291,"Pradines, Roberto Arturo",Mendoza,Democrata de Mendoza,2011-12-10,2015-12-09,
HCDN1509,"Pretto, Pedro Javier",Córdoba,Pro,2015-12-10,2019-12-09,
HCDN1016,"Prieto, Hugo Nelson",Neuquén,De la Concertacion,2007-12-10,2011-12-09,
HCDN2905,"Propato, Agustina Lucrecia",Buenos Aires,Unión por la Patria,2021-12-10,2025-12-09,https://api.argentinadatos.com/static/diputados/diputados/HCDN2905.jpg
HCDN2905,"Propato, Agustina Lucrecia",Buenos Aires,Unión por la Patria,2025-12-10,2029-12-09,https://api.argentinadatos.com/static/diputados/diputados/HCDN2905.jpg
HCDN1322,"Pucheta, Ramona",Buenos Aires,Frente por la Inclusion Social,2011-12-10,2015-12-09,
HCDN0462,"Puerta, Federico Ramon",Misiones,Frente Peronista,2009-12-10,2013-12-09,
HCDN0230,"Puiggros, Adriana Victoria",Buenos Aires,Frente para la Victoria - Pj,2007-12-10,2011-12-09,
HCDN0230,"Puiggros, Adriana Victoria",Buenos Aires,Frente para la Victoria - Pj,2011-12-10,2015-12-09,
HCDN2406,"Quetglas, Fabio Jose",Buenos Aires,Ucr,2017-12-10,2021-12-09,https://api.argentinadatos.com/static/diputados/diputados/HCDN2406.jpg
HCDN2406,"Quetglas, Fabio Jose",Buenos Aires,Ucr - Unión Cívica Radical,2021-12-10,2025-12-09,https://api.argentinadatos.com/static/diputados/diputados/HCDN2406.jpg
HCDN1471,"Quintar, Amado",Catamarca,Frente Civico y Social de Catamarca,2015-12-10,2016-12-12,
HCDN3097,"Quintar, Manuel",Jujuy,La Libertad Avanza,2023-12-10,2027-12-09,https://api.argentinadatos.com/static/diputados/diputados/HCDN3097.jpg
HCDN1132,"Quintero, Marta Beatriz",La Rioja,Frente para la Victoria - Pj,2007-12-10,2011-12-09,
HCDN1204,"Quiroga, Horacio Rodolfo",Neuquén,Ucr,2009-12-10,2011-11-29,
HCDN0463,"Quiroz, Elsa Siria",Buenos Aires,Coalicion Civica,2007-12-10,2011-12-09,
HCDN2945,"Quiroz, Marilu",Chaco,Pro,2021-12-10,2025-12-09,https://api.argentinadatos.com/static/diputados/diputados/HCDN2945.jpg
HCDN1472,"Rach Quiroga, Analia",Chaco,Frente para la Victoria - Pj,2015-12-10,2019-12-09,
HCDN1558,"Raffo, Julio",CABA,Dialogo y Trabajo,2013-12-10,2017-12-09,
HCDN0132,"Raimundi, Carlos",Buenos Aires,Solidario Si,2011-12-10,2015-12-09,
HCDN2407,"Ramon, Jose Luis",Mendoza,Unidad y Equidad Federal,2017-12-10,2021-12-09,
HCDN1492,"Ramos, Alejandro",Santa Fe,Primero Argentina,2015-12-10,2019-12-09,
HCDN1042,"Randazzo, Florencio",Buenos Aires,Encuentro Federal,2021-12-10,2025-12-09,https://api.argentinadatos.com/static/diputados/diputados/HCDN1042.jpg
HCDN1292,"Rasino, Elida Elena",Santa Fe,Partido Socialista,2011-12-10,2015-12-09,
HCDN2408,"Rauschenberger, Ariel",La Pampa,Frente de Todos,2017-12-10,2021-12-09,https://api.argentinadatos.com/static/diputados/diputados/HCDN2408.jpg
HCDN2408,"Rauschenberger, Ariel",La Pampa,Unión por la Patria,2023-12-10,2027-12-09,https://api.argentinadatos.com/static/diputados/diputados/HCDN2408.jpg
HCDN3159,"Ravera, Valentina",Santa Fe,La Libertad Avanza,2025-12-10,2029-12-09,
HCDN1453,"Raverta, Maria Fernanda",Buenos Aires,Frente para la Victoria - Pj,2015-12-10,2019-12-09,
HCDN3234,"Ravier, Adrian",La Pampa,La Libertad Avanza,2025-12-10,2029-12-09,
HCDN3110,"Razzini, Veronica",Santa Fe,La Libertad Avanza,2023-12-10,2027-12-09,https://api.argentinadatos.com/static/diputados/diputados/HCDN3110.jpg
HCDN1205,"Re, Hilma Leonor",Entre Ríos,Coalicion Civica - Ari,2009-12-10,2013-12-09,
HCDN0910,"Recalde, Hector Pedro",Buenos Aires,Frente para la Victoria - Pj,2009-12-10,2013-12-09,
HCDN0910,"Recalde, Hector Pedro",Buenos Aires,Frente para la Victoria - Pj,2013-12-10,2017-12-09,
HCDN1293,"Redczuk, Oscar Felipe",Misiones,Frente para la Victoria - Pj,2011-12-10,2015-12-09,
HCDN1206,"Regazzoli, Maria Cristina",La Pampa,Partido Justicialista la Pampa,2009-12-10,2013-12-09,
HCDN2409,"Regidor Belledone, Estela Mercedes",Corrientes,Ucr,2017-12-10,2021-12-09,https://api.argentinadatos.com/static/diputados/diputados/HCDN2409.jpg
HCDN3175,"Reichardt, Karen",Buenos Aires,La Libertad Avanza,2025-12-10,2029-12-09,
HCDN1017,"Rejal, Jesus Fernando",La Rioja,Frente para la Victoria - Pj,2007-12-10,2009-11-24,
HCDN2795,"Rey, Maria Lujan",Buenos Aires,Pro,2019-12-10,2023-12-09,https://api.argentinadatos.com/static/diputados/diputados/HCDN2795.jpg
HCDN1030,"Reyes, Maria Fernanda",CABA,Coalicion Civica,2007-12-10,2011-12-09,
HCDN2410,"Reyes, Roxana Nahir",Santa Cruz,Ucr,2017-12-10,2021-12-09,
HCDN2410,"Reyes, Roxana Nahir",Santa Cruz,Ucr - Unión Cívica Radical,2021-12-10,2025-12-09,
HCDN2820,"Rezinovsky, Dina",CABA,Pro,2019-12-10,2023-12-09,https://api.argentinadatos.com/static/diputados/diputados/HCDN2820.jpg
HCDN1397,"Riccardo, Jose Luis",San Luis,Ucr,2013-12-10,2017-12-09,
HCDN1397,"Riccardo, Jose Luis",San Luis,Ucr,2017-12-10,2021-12-09,
HCDN2439,"Ricci, Nadia Lorena",Santa Cruz,Ucr,2015-12-10,2019-12-09,
HCDN3229,"Riesco, Gaston",Neuquén,La Libertad Avanza,2025-12-10,2029-12-09,
HCDN1294,"Riestra, Antonio Sabino",Santa Fe,Unidad Popular,2011-12-10,2015-12-09,
HCDN1083,"Rioboo, Sandra Adriana",Buenos Aires,Ucr,2007-12-10,2011-12-09,
HCDN1295,"Rios, Liliana Maria",Entre Ríos,Frente para la Victoria - Pj,2011-12-10,2015-12-09,
HCDN0825,"Rios, Roberto Fabian",Corrientes,Frente para la Victoria - Pj,2011-12-10,2013-12-10,
HCDN3149,"Ripoll, Vilma",Buenos Aires,Mst - Frente de Izquierda y Trabajadores Unidad,2021-12-10,2025-12-09,
HCDN1207,"Risko, Silvia Lucrecia",Misiones,Frente para la Victoria - Pj,2009-12-10,2013-12-09,
HCDN1207,"Risko, Silvia Lucrecia",Misiones,Frente de la Concordia Misionero,2013-12-10,2017-12-09,
HCDN1510,"Rista, Olga Maria",Córdoba,Ucr,2015-12-10,2019-12-09,
HCDN0788,"Ritondo, Cristian A.",Buenos Aires,Pro,2019-12-10,2023-12-09,https://api.argentinadatos.com/static/diputados/diputados/HCDN0788.jpg
HCDN0788,"Ritondo, Cristian A.",Buenos Aires,Pro,2023-12-10,2027-12-09,https://api.argentinadatos.com/static/diputados/diputados/HCDN0788.jpg
HCDN1208,"Rivara, Raul Alberto",Buenos Aires,Frente Renovador,2009-12-10,2013-12-09,
HCDN1296,"Rivarola, Ruben Armando",Jujuy,Frente para la Victoria - Pj,2011-12-10,2015-12-09,
HCDN0235,"Rivas, Jorge",Buenos Aires,Nuevo Encuentro Popular y Solidario,2007-12-10,2011-12-09,
HCDN0235,"Rivas, Jorge",Buenos Aires,Frente para la Victoria - Pj,2011-12-10,2015-12-09,
HCDN2754,"Rizzotti, Jorge",Jujuy,Ucr,2019-12-10,2023-12-09,https://api.argentinadatos.com/static/diputados/diputados/HCDN2754.jpg
HCDN2754,"Rizzotti, Jorge",Jujuy,Provincias Unidas,2023-12-10,2027-12-09,https://api.argentinadatos.com/static/diputados/diputados/HCDN2754.jpg
HCDN1297,"Roberti, Alberto Oscar",Buenos Aires,No Integra Bloque,2011-12-10,2015-12-09,
HCDN1297,"Roberti, Alberto Oscar",Buenos Aires,Justicialista,2015-12-10,2018-05-17,
HCDN3167,"Roberto, Santiago Luis",CABA,Unión por la Patria,2025-12-10,2029-12-09,
HCDN1209,"Robledo, Roberto Ricardo",La Pampa,Partido Justicialista la Pampa,2009-12-10,2013-12-09,
HCDN3235,"Roca, Gonzalo",Córdoba,La Libertad Avanza,2025-12-10,2029-12-09,
HCDN2411,"Rodenas, Alejandra",Santa Fe,Frente de Todos,2017-12-10,2019-12-11,
HCDN1548,"Rodriguez Machado, Laura Elena",Córdoba,La Libertad Avanza,2021-12-10,2025-12-09,https://api.argentinadatos.com/static/diputados/diputados/HCDN1548.jpg
HCDN1548,"Rodriguez Machado, Laura Elena",Córdoba,La Libertad Avanza,2025-12-10,2029-12-09,https://api.argentinadatos.com/static/diputados/diputados/HCDN1548.jpg
HCDN2845,"Rodriguez Saa, Nicolas",Buenos Aires,Frente de Todos,2017-12-10,2021-12-09,
HCDN2774,"Rodriguez, Alejandro Topo",Buenos Aires,Consenso Federal,2019-12-10,2023-12-09,
HCDN1046,"Rodriguez, Evaristo Arturo",Santa Cruz,Frente para la Victoria - Pj,2007-12-10,2011-12-09,
HCDN0642,"Rodriguez, Marcela Virginia",Buenos Aires,Democracia Igualitaria y Participativa (D.i.p.),2009-12-10,2013-12-09,
HCDN1494,"Rodriguez, Matias David",Tierra del Fuego,Frente para la Victoria - Pj,2015-12-10,2019-12-09,
HCDN3233,"Rodriguez, Miguel",Tierra del Fuego,La Libertad Avanza,2025-12-10,2029-12-09,
HCDN1457,"Rodriguez, Rodrigo Martin",Buenos Aires,Frente para la Victoria - Pj,2015-12-10,2019-12-09,
HCDN1298,"Rogel, Fabian Dulio",Entre Ríos,Ucr,2011-12-10,2015-12-09,
HCDN1507,"Roma, Carlos Gaston",Tierra del Fuego,Pro,2015-12-10,2019-12-09,
HCDN2952,"Romero, Ana Clara",Chubut,Pro,2021-12-10,2025-12-09,https://api.argentinadatos.com/static/diputados/diputados/HCDN2952.jpg
HCDN2412,"Romero, Jorge Antonio",Corrientes,Frente de Todos,2017-12-10,2021-12-09,https://api.argentinadatos.com/static/diputados/diputados/HCDN2412.jpg
HCDN2412,"Romero, Jorge Antonio",Corrientes,Unión por la Patria,2021-12-10,2025-12-09,https://api.argentinadatos.com/static/diputados/diputados/HCDN2412.jpg
HCDN1349,"Romero, Oscar Alberto",Buenos Aires,Justicialista,2013-12-10,2017-12-09,
HCDN2752,"Romero, Victor Hugo",Córdoba,Ucr,2019-12-10,2023-12-09,https://api.argentinadatos.com/static/diputados/diputados/HCDN2752.jpg
HCDN1490,"Roquel, Hector Alberto",Santa Cruz,Ucr,2015-12-10,2018-02-27,
HCDN0912,"Rossi, Agustin Oscar",Santa Fe,Frente para la Victoria - Pj,2009-12-10,2013-05-31,
HCDN0912,"Rossi, Agustin Oscar",Santa Fe,Frente de Todos,2017-12-10,2019-12-10,
HCDN0912,"Rossi, Agustin Oscar",Santa Fe,Unión por la Patria,2025-12-10,2029-12-09,
HCDN1018,"Rossi, Alejandro Luis",Santa Fe,Frente para la Victoria - Pj,2007-12-10,2011-12-09,
HCDN1368,"Rossi, Blanca Araceli",Córdoba,Unidos por una Nueva Argentina,2013-12-10,2017-12-09,
HCDN1019,"Rossi, Cipriana Lorena",Río Negro,Union Peronista,2007-12-10,2011-12-09,
HCDN2413,"Rosso, Victoria",San Luis,Frente de Todos,2017-12-10,2021-12-09,https://api.argentinadatos.com/static/diputados/diputados/HCDN2413.jpg
HCDN2750,"Ruarte, Adriana Noemi",Córdoba,Pro,2019-12-10,2023-12-09,https://api.argentinadatos.com/static/diputados/diputados/HCDN2750.jpg
HCDN1370,"Rubin, Carlos Gustavo",Corrientes,Justicialista,2013-12-10,2017-12-09,
HCDN1210,"Rucci, Claudia Monica",Buenos Aires,Frente Peronista,2009-12-10,2013-12-09,
HCDN1210,"Rucci, Claudia Monica",Buenos Aires,Unidos por una Nueva Argentina,2013-12-10,2017-12-09,
HCDN1517,"Ruiz Aragon, Jose Arnaldo",Corrientes,Frente para la Victoria - Pj,2015-12-10,2019-12-09,https://api.argentinadatos.com/static/diputados/diputados/HCDN1517.jpg
HCDN1517,"Ruiz Aragon, Jose Arnaldo",Corrientes,Frente de Todos,2019-12-10,2021-12-09,https://api.argentinadatos.com/static/diputados/diputados/HCDN1517.jpg
HCDN1299,"Ruiz, Aida Delia",Santiago del Estero,Frente Civico por Santiago,2011-12-10,2015-12-09,
HCDN1084,"Ruiz, Ramon",Buenos Aires,Frente para la Victoria - Pj,2007-12-10,2010-09-20,
HCDN3036,"Ruiz, Yamila",Misiones,Innovación Federal,2023-12-10,2027-12-09,https://api.argentinadatos.com/static/diputados/diputados/HCDN3036.jpg
HCDN2414,"Russo, Laura",Buenos Aires,Frente de Todos,2017-12-10,2021-12-09,https://api.argentinadatos.com/static/diputados/diputados/HCDN2414.jpg
HCDN2415,"Saadi, Gustavo Arturo",Catamarca,Elijo Catamarca,2017-12-10,2019-12-03,
HCDN1211,"Sabbatella, Martin",Buenos Aires,Frente Nuevo Encuentro,2009-12-10,2013-12-09,
HCDN1300,"Sacca, Luis Fernando",Tucumán,Ucr,2011-12-10,2015-12-09,
HCDN2416,"Sahad, Julio Enrique",La Rioja,Pro,2017-12-10,2021-12-09,https://api.argentinadatos.com/static/diputados/diputados/HCDN2416.jpg
HCDN0915,"Salim, Juan Arturo",Tucumán,Frente para la Victoria - Pj,2009-12-10,2013-12-09,
HCDN1398,"Salino, Fernando Aldo",San Luis,Compromiso Federal,2013-12-10,2015-12-10,
HCDN2811,"Salvador, Sebastian Nicolas",Buenos Aires,Ucr,2019-12-10,2023-12-09,https://api.argentinadatos.com/static/diputados/diputados/HCDN2811.jpg
HCDN2417,"Salvarezza, Roberto",Buenos Aires,Frente de Todos,2017-12-10,2019-12-10,
HCDN3238,"Salzmann, Marina Dorotea",Buenos Aires,Unión por la Patria,2025-12-10,2029-12-09,
HCDN1387,"San Martin, Adrian",Neuquén,Mov Pop Neuquino,2013-12-10,2017-12-09,
HCDN3148,"Sanchez Wrba, Javier",Buenos Aires,Pro,2021-12-10,2025-12-09,https://api.argentinadatos.com/static/diputados/diputados/HCDN3148.jpg
HCDN3148,"Sanchez Wrba, Javier",Buenos Aires,Pro,2025-12-10,2029-12-09,https://api.argentinadatos.com/static/diputados/diputados/HCDN3148.jpg
HCDN0955,"Sanchez, Fernando",CABA,Coalicion Civica,2013-12-10,2017-12-09,
HCDN2755,"Sanchez, Francisco",Neuquén,Pro,2019-12-10,2023-12-09,https://api.argentinadatos.com/static/diputados/diputados/HCDN2755.jpg
HCDN2887,"Sanchez, Roberto Antonio",Tucumán,Ucr - Unión Cívica Radical,2021-12-10,2025-12-09,https://api.argentinadatos.com/static/diputados/diputados/HCDN2887.jpg
HCDN2817,"Sand, Nancy",Corrientes,Frente de Todos,2019-12-10,2023-12-09,https://api.argentinadatos.com/static/diputados/diputados/HCDN2817.jpg
HCDN2817,"Sand, Nancy",Corrientes,Unión por la Patria,2023-12-10,2027-12-09,https://api.argentinadatos.com/static/diputados/diputados/HCDN2817.jpg
HCDN3039,"Santillan Juarez Brahim, Juliana",Buenos Aires,La Libertad Avanza,2023-12-10,2027-12-09,https://api.argentinadatos.com/static/diputados/diputados/HCDN3039.jpg
HCDN1301,"Santillan, Walter Marcelo",Tucumán,Frente para la Victoria - Pj,2011-12-10,2015-12-09,
HCDN1301,"Santillan, Walter Marcelo",Tucumán,Frente para la Victoria - Pj,2015-12-10,2019-12-09,
HCDN2951,"Santilli, Diego",Buenos Aires,Pro,2021-12-10,2025-11-07,https://api.argentinadatos.com/static/diputados/diputados/HCDN2951.jpg
HCDN0238,"Santin, Eduardo",Buenos Aires,Movimiento Nacional Alfonsinista,2011-12-10,2015-12-09,
HCDN2892,"Santoro, Leandro",CABA,Unión por la Patria,2021-12-10,2025-12-09,https://api.argentinadatos.com/static/diputados/diputados/HCDN2892.jpg
HCDN2939,"Santos, Gustavo",Córdoba,Pro,2021-12-10,2023-08-14,https://api.argentinadatos.com/static/diputados/diputados/HCDN2939.jpg
HCDN3065,"Santurio, Santiago",Buenos Aires,La Libertad Avanza,2023-12-10,2027-12-09,https://api.argentinadatos.com/static/diputados/diputados/HCDN3065.jpg
HCDN2418,"Sapag, Alma Liliana",Neuquén,Mov Pop Neuquino,2017-12-10,2021-12-09,https://api.argentinadatos.com/static/diputados/diputados/HCDN2418.jpg
HCDN3016,"Sarapura, Natalia Silvina",Jujuy,Ucr - Unión Cívica Radical,2021-12-10,2025-12-09,https://api.argentinadatos.com/static/diputados/diputados/HCDN3016.jpg
HCDN0917,"Sarghini, Jorge Emilio",Buenos Aires,Consenso Federal,2017-12-10,2021-12-09,https://api.argentinadatos.com/static/diputados/diputados/HCDN0917.jpg
HCDN0791,"Sartori, Diego Horacio",Misiones,Frente de la Concordia Misionero,2019-12-10,2023-12-09,https://api.argentinadatos.com/static/diputados/diputados/HCDN0791.jpg
HCDN1085,"Satragno, Lidia Elsa",Buenos Aires,Pro,2007-12-10,2011-12-09,
HCDN2883,"Sayago, Silvia",Santiago del Estero,Frente de Todos,2021-12-10,2021-12-12,
HCDN1404,"Scaglia, Gisela",Santa Fe,Union Pro,2013-12-10,2017-12-09,https://api.argentinadatos.com/static/diputados/diputados/HCDN1404.jpg
HCDN1404,"Scaglia, Gisela",Santa Fe,Pro,2017-12-10,2021-12-09,https://api.argentinadatos.com/static/diputados/diputados/HCDN1404.jpg
HCDN1404,"Scaglia, Gisela",Santa Fe,Provincias Unidas,2025-12-10,2029-12-09,https://api.argentinadatos.com/static/diputados/diputados/HCDN1404.jpg
HCDN1040,"Scalesi, Juan Carlos",Río Negro,Consenso Federal,2007-12-10,2011-12-09,
HCDN0646,"Schiaretti, Juan",Córdoba,Union por Cordoba,2013-12-10,2015-12-09,
HCDN0646,"Schiaretti, Juan",Córdoba,Provincias Unidas,2025-12-10,2029-12-09,
HCDN2763,"Schiavoni, Alfredo Oscar",Misiones,Pro,2019-12-10,2023-12-09,https://api.argentinadatos.com/static/diputados/diputados/HCDN2763.jpg
HCDN2419,"Schlereth, David Pablo",Neuquén,Pro,2017-12-10,2021-12-09,https://api.argentinadatos.com/static/diputados/diputados/HCDN2419.jpg
HCDN2444,"Schlotthauer, Monica Leticia",Buenos Aires,Izquierda Socialista - Frente de Izquierda,2015-12-10,2019-12-09,https://api.argentinadatos.com/static/diputados/diputados/HCDN2444.jpg
HCDN2444,"Schlotthauer, Monica Leticia",Buenos Aires,Izquierda Socialista - Frente de Izquierda,2017-12-10,2021-12-09,https://api.argentinadatos.com/static/diputados/diputados/HCDN2444.jpg
HCDN2444,"Schlotthauer, Monica Leticia",Buenos Aires,Izquierda Socialista Fit-Unidad,2021-12-10,2025-04-10,https://api.argentinadatos.com/static/diputados/diputados/HCDN2444.jpg
HCDN1302,"Schmidt Liermann, Cornelia",CABA,Union Pro,2011-12-10,2015-12-09,
HCDN1302,"Schmidt Liermann, Cornelia",CABA,Pro,2015-12-10,2019-12-09,
HCDN3195,"Schneider, Dario",Entre Ríos,Ucr - Unión Cívica Radical,2025-12-10,2029-12-09,
HCDN1350,"Schwindt, Maria Liliana",Buenos Aires,Federal Unidos por una Nueva Argentina,2013-12-10,2017-12-09,
HCDN1350,"Schwindt, Maria Liliana",Buenos Aires,Frente de Todos,2017-12-10,2021-12-09,
HCDN0240,"Scioli, Daniel",Buenos Aires,Frente de Todos,2017-12-10,2020-03-05,https://api.argentinadatos.com/static/diputados/diputados/HCDN0240.jpg
HCDN1020,"Sciutto, Ruben Dario",Tierra del Fuego,Frente para la Victoria - Pj,2007-12-10,2011-12-09,
HCDN1020,"Sciutto, Ruben Dario",Tierra del Fuego,Peronismo Mas al Sur,2011-12-10,2015-12-09,
HCDN1369,"Scotto, Silvia Carolina",Córdoba,Frente para la Victoria - Pj,2013-12-10,2014-08-26,
HCDN1086,"Segarra, Adela Rosa",Buenos Aires,Frente para la Victoria - Pj,2007-12-10,2011-12-09,
HCDN1086,"Segarra, Adela Rosa",Buenos Aires,Frente para la Victoria - Pj,2011-12-10,2015-12-09,
HCDN1459,"Selva, Carlos Americo",Buenos Aires,Federal Unidos por una Nueva Argentina,2015-12-10,2019-12-09,https://api.argentinadatos.com/static/diputados/diputados/HCDN1459.jpg
HCDN1459,"Selva, Carlos Americo",Buenos Aires,Frente de Todos,2019-12-10,2023-12-09,https://api.argentinadatos.com/static/diputados/diputados/HCDN1459.jpg
HCDN3054,"Selva, Sabrina",Buenos Aires,Unión por la Patria,2023-12-10,2027-12-09,https://api.argentinadatos.com/static/diputados/diputados/HCDN3054.jpg
HCDN1371,"Semhan, Maria de las Mercedes",Corrientes,Ucr,2013-12-10,2017-12-09,
HCDN1429,"Seminara, Eduardo Jorge",Santa Fe,Frente para la Victoria - Pj,2013-12-10,2017-12-09,
HCDN1087,"Serebrinsky, Gustavo Eduardo",Buenos Aires,Ucr,2007-12-10,2011-12-09,
HCDN3216,"Serquis, Adriana Cristina",Río Negro,Unión por la Patria,2025-12-10,2029-12-09,
HCDN2420,"Sierra, Magdalena",Buenos Aires,Frente de Todos,2017-12-10,2021-02-10,https://api.argentinadatos.com/static/diputados/diputados/HCDN2420.jpg
HCDN2421,"Siley, Vanesa Raquel",Buenos Aires,Frente de Todos,2017-12-10,2021-12-09,https://api.argentinadatos.com/static/diputados/diputados/HCDN2421.jpg
HCDN2421,"Siley, Vanesa Raquel",Buenos Aires,Unión por la Patria,2021-12-10,2025-12-09,https://api.argentinadatos.com/static/diputados/diputados/HCDN2421.jpg
HCDN2421,"Siley, Vanesa Raquel",Buenos Aires,Unión por la Patria,2025-12-10,2029-12-09,https://api.argentinadatos.com/static/diputados/diputados/HCDN2421.jpg
HCDN1303,"Simoncini, Silvia Rosa",Santa Fe,Frente para la Victoria - Pj,2011-12-10,2015-12-09,
HCDN0792,"Sluga, Juan Carlos",Buenos Aires,Frente para la Victoria - Pj,2007-12-10,2011-12-09,
HCDN1526,"Snopek, Alejandro Francisco",Jujuy,Consenso Federal,2015-12-10,2019-12-09,
HCDN1524,"Snopek, Guillermo",Jujuy,Justicialista,2015-12-10,2017-12-09,https://api.argentinadatos.com/static/diputados/diputados/HCDN1524.jpg
HCDN1524,"Snopek, Guillermo",Jujuy,Unión por la Patria,2023-12-10,2027-12-09,https://api.argentinadatos.com/static/diputados/diputados/HCDN1524.jpg
HCDN1089,"Sola, Felipe Carlos",Buenos Aires,No Integra Bloque,2007-12-10,2009-05-11,
HCDN1089,"Sola, Felipe Carlos",Buenos Aires,Frente Renovador,2009-12-10,2013-12-09,
HCDN1089,"Sola, Felipe Carlos",Buenos Aires,Federal Unidos por una Nueva Argentina,2013-12-10,2017-12-09,
HCDN1089,"Sola, Felipe Carlos",Buenos Aires,Frente de Todos,2017-12-10,2019-12-10,
HCDN1212,"Solanas, Fernando Ezequiel",CABA,Movimiento Proyecto Sur,2009-12-10,2013-12-09,
HCDN0648,"Solanas, Julio Rodolfo",Entre Ríos,Frente para la Victoria - Pj,2011-12-10,2015-12-09,
HCDN0648,"Solanas, Julio Rodolfo",Entre Ríos,Frente para la Victoria - Pj,2015-12-10,2019-12-09,
HCDN3163,"Soldano, Laura",Córdoba,La Libertad Avanza,2025-12-10,2029-12-09,
HCDN1497,"Soraire, Mirta Alicia",Tucumán,Frente para la Victoria - Pj,2015-12-10,2019-12-09,
HCDN1569,"Sorgente, Marcelo Adolfo",CABA,Union Pro,2013-12-10,2017-12-09,
HCDN1390,"Soria, Maria Emilia",Río Negro,Frente para la Victoria - Pj,2013-12-10,2017-12-09,
HCDN1390,"Soria, Maria Emilia",Río Negro,Frente para la Victoria - Pj,2017-12-10,2019-12-02,
HCDN2773,"Soria, Martin",Río Negro,Frente de Todos,2019-12-10,2021-03-27,https://api.argentinadatos.com/static/diputados/diputados/HCDN2773.jpg
HCDN2773,"Soria, Martin",Río Negro,Unión por la Patria,2023-12-10,2025-12-09,https://api.argentinadatos.com/static/diputados/diputados/HCDN2773.jpg
HCDN1508,"Sosa, Soledad",Mendoza,Frente de Izquierda y de los Trabajadores,2013-12-10,2017-12-09,
HCDN0921,"Soto, Gladys Beatriz",Chaco,Frente para la Victoria - Pj,2011-12-10,2015-12-09,
HCDN2914,"Sotolano, Maria",Buenos Aires,Pro,2021-12-10,2025-12-09,https://api.argentinadatos.com/static/diputados/diputados/HCDN2914.jpg
HCDN2878,"Souto, Natalia Marcela",Buenos Aires,Frente de Todos,2019-12-10,2023-12-09,https://api.argentinadatos.com/static/diputados/diputados/HCDN2878.jpg
HCDN1405,"Spinozzi, Ricardo Adrian",Santa Fe,Union Pro,2013-12-10,2017-12-09,
HCDN2849,"Sposito, Ayelen",Río Negro,Frente de Todos,2017-12-10,2021-12-09,
HCDN2422,"Stefani, Hector Antonio",Tierra del Fuego,Pro,2017-12-10,2021-12-09,https://api.argentinadatos.com/static/diputados/diputados/HCDN2422.jpg
HCDN2422,"Stefani, Hector Antonio",Tierra del Fuego,Pro,2021-12-10,2024-10-12,https://api.argentinadatos.com/static/diputados/diputados/HCDN2422.jpg
HCDN2828,"Stilman, Mariana",Buenos Aires,Coalicion Civica,2019-12-10,2023-12-09,https://api.argentinadatos.com/static/diputados/diputados/HCDN2828.jpg
HCDN2925,"Stolbizer, Margarita",Buenos Aires,Encuentro Federal,2021-12-10,2025-12-09,https://api.argentinadatos.com/static/diputados/diputados/HCDN2925.jpg
HCDN0244,"Stolbizer, Margarita Rosa",Buenos Aires,Gen,2009-12-10,2013-12-09,
HCDN0244,"Stolbizer, Margarita Rosa",Buenos Aires,Gen,2013-12-10,2017-12-09,
HCDN1213,"Storani, Maria Luisa",Buenos Aires,Ucr,2009-12-10,2013-12-09,
HCDN1021,"Storni, Silvia",Córdoba,Ucr,2007-12-10,2011-12-09,
HCDN3033,"Strada, Julia",Buenos Aires,Unión por la Patria,2023-12-10,2027-12-09,https://api.argentinadatos.com/static/diputados/diputados/HCDN3033.jpg
HCDN1363,"Sturzenegger, Federico Adolfo",CABA,Union Pro,2013-12-10,2015-12-09,
HCDN2423,"Suarez Lastra, Facundo",CABA,Ucr,2017-12-10,2021-12-09,https://api.argentinadatos.com/static/diputados/diputados/HCDN2423.jpg
HCDN1477,"Taboada, Jorge",Chubut,"Cultura, Educacion y Trabajo",2015-12-10,2019-12-09,
HCDN2981,"Taccetta, Matias",Chubut,Pro,2019-12-10,2023-12-08,https://api.argentinadatos.com/static/diputados/diputados/HCDN2981.jpg
HCDN0841,"Taiana, Jorge",Buenos Aires,Unión por la Patria,2025-12-10,2029-12-09,
HCDN1455,"Tailhade, Rodolfo",Buenos Aires,Frente para la Victoria - Pj,2015-12-10,2019-12-09,https://api.argentinadatos.com/static/diputados/diputados/HCDN1455.jpg
HCDN1455,"Tailhade, Rodolfo",Buenos Aires,Frente de Todos,2019-12-10,2023-12-09,https://api.argentinadatos.com/static/diputados/diputados/HCDN1455.jpg
HCDN1455,"Tailhade, Rodolfo",Buenos Aires,Unión por la Patria,2023-12-10,2027-12-09,https://api.argentinadatos.com/static/diputados/diputados/HCDN1455.jpg
HCDN2895,"Tavela, Danya",Buenos Aires,Democracia para Siempre,2021-12-10,2025-12-09,https://api.argentinadatos.com/static/diputados/diputados/HCDN2895.jpg
HCDN2920,"Tejeda, Maria Victoria",Santa Fe,Evolucion Radical,2021-12-10,2023-11-28,https://api.argentinadatos.com/static/diputados/diputados/HCDN2920.jpg
HCDN1357,"Tejedor, Miguel Angel",Chaco,Ucr,2013-12-10,2014-10-21,
HCDN1377,"Tentor, Hector Olindo",Jujuy,Justicialista,2013-12-10,2017-12-09,
HCDN3222,"Tepp, Caren",Santa Fe,Unión por la Patria,2025-12-10,2029-12-09,
HCDN1214,"Terada, Alicia",Chaco,Coalicion Civica - Ari,2009-12-10,2013-12-09,https://api.argentinadatos.com/static/diputados/diputados/HCDN1214.jpg
HCDN1214,"Terada, Alicia",Chaco,Coalicion Civica,2013-12-10,2017-12-09,https://api.argentinadatos.com/static/diputados/diputados/HCDN1214.jpg
HCDN1214,"Terada, Alicia",Chaco,Coalicion Civica,2017-12-10,2021-12-09,https://api.argentinadatos.com/static/diputados/diputados/HCDN1214.jpg
HCDN2943,"Tetaz, Martin Alberto",CABA,Ucr - Unión Cívica Radical,2021-12-10,2025-12-09,https://api.argentinadatos.com/static/diputados/diputados/HCDN2943.jpg
HCDN0924,"Thomas, Enrique Luis",Mendoza,Frente Peronista,2009-12-10,2013-12-09,
HCDN1304,"Tineo, Javier Hector",La Rioja,Frente para la Victoria - Pj,2011-12-10,2015-12-09,
HCDN3227,"Tita, Paulo Agustin",Tierra del Fuego,Unión por la Patria,2025-12-10,2029-12-09,
HCDN3083,"Todero, Pablo",Neuquén,Unión por la Patria,2023-12-10,2027-12-09,https://api.argentinadatos.com/static/diputados/diputados/HCDN3083.jpg
HCDN1400,"Toledo, Susana Maria",Santa Cruz,Ucr,2013-12-10,2017-12-09,
HCDN2896,"Tolosa Paz, Victoria",Buenos Aires,Frente de Todos,2021-12-10,2022-10-12,https://api.argentinadatos.com/static/diputados/diputados/HCDN2896.jpg
HCDN2896,"Tolosa Paz, Victoria",Buenos Aires,Unión por la Patria,2023-12-10,2027-12-09,https://api.argentinadatos.com/static/diputados/diputados/HCDN2896.jpg
HCDN1215,"Tomas, Hector Daniel",San Juan,Frente para la Victoria - Pj,2009-12-10,2013-12-09,
HCDN1215,"Tomas, Hector Daniel",San Juan,Frente para la Victoria - Pj,2013-12-10,2016-11-11,
HCDN1354,"Tomassi, Nestor Nicolas",Catamarca,Justicialista,2013-12-10,2017-12-09,
HCDN3213,"Tomassoni, Yamile",Santa Fe,La Libertad Avanza,2025-12-10,2029-12-09,
HCDN0926,"Tonelli, Pablo Gabriel",CABA,Union Pro,2011-12-10,2015-12-09,https://api.argentinadatos.com/static/diputados/diputados/HCDN0926.jpg
HCDN0926,"Tonelli, Pablo Gabriel",CABA,Pro,2015-12-10,2019-12-09,https://api.argentinadatos.com/static/diputados/diputados/HCDN0926.jpg
HCDN0926,"Tonelli, Pablo Gabriel",CABA,Pro,2019-12-10,2023-12-09,https://api.argentinadatos.com/static/diputados/diputados/HCDN0926.jpg
HCDN2889,"Toniolli, Eduardo",Santa Fe,Unión por la Patria,2021-12-10,2025-12-09,https://api.argentinadatos.com/static/diputados/diputados/HCDN2889.jpg
HCDN1449,"Torello, Pablo",Buenos Aires,Pro,2015-12-10,2019-12-09,https://api.argentinadatos.com/static/diputados/diputados/HCDN1449.jpg
HCDN1449,"Torello, Pablo",Buenos Aires,Pro,2019-12-10,2023-12-09,https://api.argentinadatos.com/static/diputados/diputados/HCDN1449.jpg
HCDN1041,"Torfe, Monica Liliana",Salta,Renovador de Salta,2007-12-10,2011-12-09,
HCDN1406,"Torres del Sel, Miguel Ignacio",Santa Fe,Union Pro,2013-12-10,2015-02-19,
HCDN3109,"Torres, Alejandra",Córdoba,Provincias Unidas,2023-12-10,2027-12-09,https://api.argentinadatos.com/static/diputados/diputados/HCDN3109.jpg
HCDN2786,"Torres, Ignacio Agustin",Chubut,Juntos por el Cambio Chubut,2019-12-10,2021-12-07,https://api.argentinadatos.com/static/diputados/diputados/HCDN2786.jpg
HCDN3184,"Torres, Ruben Dario",Buenos Aires,La Libertad Avanza,2025-12-10,2029-12-09,
HCDN1380,"Torroba, Francisco Javier",La Pampa,Ucr,2013-12-10,2017-12-09,
HCDN2924,"Tortoriello, Anibal",Río Negro,La Libertad Avanza,2021-12-10,2025-12-09,https://api.argentinadatos.com/static/diputados/diputados/HCDN2924.jpg
HCDN2924,"Tortoriello, Anibal",Río Negro,La Libertad Avanza,2025-12-10,2029-12-09,https://api.argentinadatos.com/static/diputados/diputados/HCDN2924.jpg
HCDN3142,"Tournier, Jose Federico",Corrientes,La Libertad Avanza,2023-12-10,2027-12-09,https://api.argentinadatos.com/static/diputados/diputados/HCDN3142.jpg
HCDN2277,"Tovares, Ramon Alberto",San Juan,Frente para la Victoria - Pj,2013-12-10,2017-12-09,
HCDN3102,"Treffinger, Cesar",Chubut,La Libertad Avanza,2023-12-10,2027-12-09,https://api.argentinadatos.com/static/diputados/diputados/HCDN3102.jpg
HCDN1216,"Triaca, Alberto Jorge",CABA,Pro,2009-12-10,2013-12-09,
HCDN1216,"Triaca, Alberto Jorge",CABA,Union Pro,2013-12-10,2015-12-09,
HCDN1351,"Troiano, Gabriela Alejandra",Buenos Aires,Partido Socialista,2013-12-10,2017-12-09,
HCDN3180,"Trotta, Nicolas Alfredo",Buenos Aires,Unión por la Patria,2025-12-10,2029-12-09,
HCDN1352,"Tundis, Mirta",Buenos Aires,Federal Unidos por una Nueva Argentina,2013-12-10,2017-12-09,https://api.argentinadatos.com/static/diputados/diputados/HCDN1352.jpg
HCDN1352,"Tundis, Mirta",Buenos Aires,Frente de Todos,2017-12-10,2021-12-09,https://api.argentinadatos.com/static/diputados/diputados/HCDN1352.jpg
HCDN1217,"Tunessi, Juan Pedro",Buenos Aires,Ucr,2009-12-10,2013-12-09,
HCDN2753,"Uceda, Marisa Lourdes",Mendoza,Frente de Todos,2019-12-10,2023-12-09,https://api.argentinadatos.com/static/diputados/diputados/HCDN2753.jpg
HCDN2854,"Uhrig, Romina",Buenos Aires,Frente de Todos,2017-12-10,2021-12-09,
HCDN0949,"Uñac, Jose Ruben",San Juan,Frente para la Victoria - Pj,2011-12-10,2015-12-09,
HCDN3239,"Urien, Hernan",Buenos Aires,La Libertad Avanza,2025-12-10,2029-12-09,
HCDN1022,"Urlich, Carlos",Chaco,Ucr,2007-12-10,2011-12-09,
HCDN1443,"Urroz, Paula Marcela",Buenos Aires,Pro,2015-12-10,2019-12-09,
HCDN2825,"Valdes, Eduardo Felix",CABA,Frente de Todos,2019-12-10,2023-12-09,https://api.argentinadatos.com/static/diputados/diputados/HCDN2825.jpg
HCDN2825,"Valdes, Eduardo Felix",CABA,Unión por la Patria,2023-12-10,2027-12-09,https://api.argentinadatos.com/static/diputados/diputados/HCDN2825.jpg
HCDN1372,"Valdes, Gustavo Adolfo",Corrientes,Ucr,2013-12-10,2017-12-09,
HCDN1305,"Valinotto, Jorge Anselmo",Córdoba,Frente Civico - Cordoba,2011-12-10,2015-12-09,
HCDN3067,"Vallejos, Alfredo",Corrientes,Ucr - Unión Cívica Radical,2023-12-10,2024-07-15,https://api.argentinadatos.com/static/diputados/diputados/HCDN3067.jpg
HCDN2424,"Vallejos, Fernanda",Buenos Aires,Frente de Todos,2017-12-10,2021-12-09,
HCDN2437,"Vallone, Andres Alberto",San Luis,Unidad Justicialista,2015-12-10,2019-12-09,
HCDN3031,"Vancsik, Daniel",Misiones,Innovación Federal,2023-12-10,2027-12-09,https://api.argentinadatos.com/static/diputados/diputados/HCDN3031.jpg
HCDN1306,"Vaquie, Enrique Andres",Mendoza,Ucr,2011-12-10,2015-12-09,
HCDN2818,"Vara, Jorge",Corrientes,Ucr,2019-12-10,2023-12-09,https://api.argentinadatos.com/static/diputados/diputados/HCDN2818.jpg
HCDN0796,"Vargas Aignasse, Geronimo",Tucumán,Frente para la Victoria - Pj,2007-12-10,2011-10-26,
HCDN2899,"Vargas Matyi, Brenda",Buenos Aires,Unión por la Patria,2021-12-10,2025-12-09,https://api.argentinadatos.com/static/diputados/diputados/HCDN2899.jpg
HCDN3037,"Vasquez, Patricia",Buenos Aires,La Libertad Avanza,2023-12-10,2027-12-09,https://api.argentinadatos.com/static/diputados/diputados/HCDN3037.jpg
HCDN2425,"Vazquez, Juan Benedicto",Santa Cruz,Frente de Todos,2017-12-10,2021-12-09,https://api.argentinadatos.com/static/diputados/diputados/HCDN2425.jpg
HCDN0041,"Vazquez, Silvia Beatriz",Buenos Aires,Partido de la Concertacion - Forja,2007-12-10,2011-12-09,
HCDN1218,"Veaute, Mariana Alejandra",Catamarca,Frente Renovador,2009-12-10,2013-12-09,
HCDN1035,"Vega, Juan Carlos",Córdoba,Coalicion Civica,2007-12-10,2011-12-09,
HCDN1574,"Vega, Maria Clara del Valle",La Rioja,Ucr,2013-12-10,2017-12-09,
HCDN3038,"Vega, Yolanda",Salta,Innovación Federal,2023-12-10,2027-12-09,https://api.argentinadatos.com/static/diputados/diputados/HCDN3038.jpg
HCDN3173,"Velazquez, M. Elena",Buenos Aires,Unión por la Patria,2025-12-10,2029-12-09,
HCDN2279,"Vera Gonzalez, Orieta Cecilia",Catamarca,Coalicion Civica,2015-12-10,2019-12-09,
HCDN3179,"Vera, Andrea Fernanda",Buenos Aires,La Libertad Avanza,2025-12-10,2029-12-09,
HCDN1555,"Verasay, Pamela Fernanda",Mendoza,Ucr - Unión Cívica Radical,2021-12-10,2025-12-09,https://api.argentinadatos.com/static/diputados/diputados/HCDN1555.jpg
HCDN1555,"Verasay, Pamela Fernanda",Mendoza,Ucr - Unión Cívica Radical,2025-12-10,2029-12-09,https://api.argentinadatos.com/static/diputados/diputados/HCDN1555.jpg
HCDN2866,"Veron, Jorge Guillermo",Santa Cruz,Frente de Todos,2019-12-10,2023-12-09,https://api.argentinadatos.com/static/diputados/diputados/HCDN2866.jpg
HCDN2830,"Vessvessian, Paola",Santa Cruz,Frente de Todos,2019-12-10,2023-12-09,https://api.argentinadatos.com/static/diputados/diputados/HCDN2830.jpg
HCDN1023,"Viale, Lisandro Alfredo",Entre Ríos,Partido Socialista,2007-12-10,2011-12-09,
HCDN2957,"Vidal, Claudio Orlando",Santa Cruz,Ser - Somos Energia para Renovar,2021-12-10,2023-12-07,https://api.argentinadatos.com/static/diputados/diputados/HCDN2957.jpg
HCDN2953,"Vidal, Maria Eugenia",CABA,Pro,2021-12-10,2025-12-09,https://api.argentinadatos.com/static/diputados/diputados/HCDN2953.jpg
HCDN1219,"Videla, Nora Esther",San Luis,Compromiso Federal,2009-12-10,2013-12-09,
HCDN2426,"Vigo, Alejandra Maria",Córdoba,Cordoba Federal,2017-12-10,2021-12-09,
HCDN2798,"Vilar, Daniela Marina",Buenos Aires,Frente de Todos,2019-12-10,2021-12-16,https://api.argentinadatos.com/static/diputados/diputados/HCDN2798.jpg
HCDN1024,"Vilariño, Jose Antonio",Salta,Frente para la Victoria - Pj,2007-12-10,2011-12-09,
HCDN1024,"Vilariño, Jose Antonio",Salta,Frente para la Victoria - Pj,2011-12-10,2015-12-09,
HCDN2935,"Vilca, Alejandro",Jujuy,Pts-Frente de Izquierda Unidad,2021-12-10,2025-12-09,https://api.argentinadatos.com/static/diputados/diputados/HCDN2935.jpg
HCDN1307,"Villa, Jose Antonio",San Juan,Frente para la Victoria - Pj,2011-12-10,2015-12-09,
HCDN2427,"Villa, Natalia Soledad",Buenos Aires,Pro,2017-12-10,2021-12-09,https://api.argentinadatos.com/static/diputados/diputados/HCDN2427.jpg
HCDN1467,"Villalonga, Juan Carlos",CABA,Pro,2015-12-10,2019-12-09,
HCDN1388,"Villar Molina, Maria Ines",Neuquén,Mov Pop Neuquino,2013-12-10,2017-12-09,
HCDN2933,"Villarruel, Victoria",CABA,La Libertad Avanza,2021-12-10,2023-12-04,https://api.argentinadatos.com/static/diputados/diputados/HCDN2933.jpg
HCDN1308,"Villata, Graciela Susana",Córdoba,Frente Civico - Cordoba,2011-12-10,2015-12-09,
HCDN3091,"Villaverde, Lorena",Río Negro,La Libertad Avanza,2023-12-10,2027-12-09,https://api.argentinadatos.com/static/diputados/diputados/HCDN3091.jpg
HCDN1502,"Villavicencio, Maria Teresita",Tucumán,Evolucion Radical,2015-12-10,2019-12-09,
HCDN3214,"Visconti, Gino",La Rioja,La Libertad Avanza,2025-12-10,2029-12-09,
HCDN2772,"Vivero, Carlos Alberto",Neuquén,Frente de Todos,2017-12-10,2021-12-09,https://api.argentinadatos.com/static/diputados/diputados/HCDN2772.jpg
HCDN1456,"Volnovich, Luana",Buenos Aires,Frente para la Victoria - Pj,2015-12-10,2019-12-09,https://api.argentinadatos.com/static/diputados/diputados/HCDN1456.jpg
HCDN1456,"Volnovich, Luana",Buenos Aires,Frente de Todos,2019-12-10,2019-12-10,https://api.argentinadatos.com/static/diputados/diputados/HCDN1456.jpg
HCDN1456,"Volnovich, Luana",Buenos Aires,Unión por la Patria,2023-12-10,2027-12-09,https://api.argentinadatos.com/static/diputados/diputados/HCDN1456.jpg
HCDN1135,"Wayar, Walter Raul",Salta,Frente Peronista Federal,2009-12-10,2013-12-09,
HCDN1465,"Wechsler, Marcelo German",CABA,Pro,2015-12-10,2019-12-09,
HCDN2428,"Wellbach, Ricardo",Misiones,Frente de la Concordia Misionero,2017-12-10,2021-12-09,https://api.argentinadatos.com/static/diputados/diputados/HCDN2428.jpg
HCDN0930,"West, Mariano Federico",Buenos Aires,Frente para la Victoria - Pj,2009-12-10,2011-12-11,
HCDN1485,"Wisky, Sergio Javier",Río Negro,Pro,2015-12-10,2019-12-09,
HCDN1448,"Wolff, Waldo Ezequiel",Buenos Aires,Pro,2015-12-10,2019-12-09,https://api.argentinadatos.com/static/diputados/diputados/HCDN1448.jpg
HCDN1448,"Wolff, Waldo Ezequiel",Buenos Aires,Pro,2019-12-10,2022-12-30,https://api.argentinadatos.com/static/diputados/diputados/HCDN1448.jpg
HCDN2779,"Yacobitti, Emiliano Benjamin",CABA,Evolucion Radical,2019-12-10,2023-12-09,https://api.argentinadatos.com/static/diputados/diputados/HCDN2779.jpg
HCDN1321,"Yagüe, Linda Cristina",Neuquén,Ucr,2009-12-10,2013-12-09,
HCDN2826,"Yambrun, Liliana Patricia",Buenos Aires,Frente de Todos,2019-12-10,2023-12-09,https://api.argentinadatos.com/static/diputados/diputados/HCDN2826.jpg
HCDN2876,"Yapor, Lucio",Buenos Aires,Frente de Todos,2019-12-10,2023-12-09,https://api.argentinadatos.com/static/diputados/diputados/HCDN2876.jpg
HCDN1220,"Yarade, Fernando",Salta,Frente para la Victoria - Pj,2009-12-10,2013-12-09,
HCDN2429,"Yasky, Hugo",Buenos Aires,Frente de Todos,2017-12-10,2021-12-09,https://api.argentinadatos.com/static/diputados/diputados/HCDN2429.jpg
HCDN2429,"Yasky, Hugo",Buenos Aires,Unión por la Patria,2021-12-10,2025-12-09,https://api.argentinadatos.com/static/diputados/diputados/HCDN2429.jpg
HCDN2429,"Yasky, Hugo",Buenos Aires,Unión por la Patria,2025-12-10,2029-12-09,https://api.argentinadatos.com/static/diputados/diputados/HCDN2429.jpg
HCDN1323,"Yazbek, Ruben David",Catamarca,Frente para la Victoria - Pj,2009-12-10,2013-12-09,
HCDN2431,"Yedlin, Pablo Raul",Tucumán,Frente de Todos,2017-12-10,2021-12-09,https://api.argentinadatos.com/static/diputados/diputados/HCDN2431.jpg
HCDN2431,"Yedlin, Pablo Raul",Tucumán,Unión por la Patria,2023-12-10,2027-12-09,https://api.argentinadatos.com/static/diputados/diputados/HCDN2431.jpg
HCDN3086,"Yeza, Martin",Buenos Aires,Pro,2023-12-10,2027-12-09,https://api.argentinadatos.com/static/diputados/diputados/HCDN3086.jpg
HCDN0313,"Yoma, Jorge Raul",La Rioja,El Chacho,2009-12-10,2013-12-09,
HCDN2856,"Yutrovic, Carolina",Tierra del Fuego,Frente de Todos,2017-12-10,2021-12-09,https://api.argentinadatos.com/static/diputados/diputados/HCDN2856.jpg
HCDN2856,"Yutrovic, Carolina",Tierra del Fuego,Unión por la Patria,2021-12-10,2025-12-09,https://api.argentinadatos.com/static/diputados/diputados/HCDN2856.jpg
HCDN2986,"Zabala Chacur, Natalia",San Luis,Unión por la Patria,2021-12-10,2025-12-09,https://api.argentinadatos.com/static/diputados/diputados/HCDN2986.jpg
HCDN1309,"Zabalza, Juan Carlos",Santa Fe,Partido Socialista,2011-12-10,2015-12-09,
HCDN3073,"Zago, Oscar",CABA,Mid - Movimiento de Integración y Desarrollo,2023-12-10,2027-12-09,https://api.argentinadatos.com/static/diputados/diputados/HCDN3073.jpg
HCDN2387,"Zamarbide, Federico Raul",Mendoza,Ucr,2017-12-10,2021-12-09,
HCDN1331,"Zamarreño, Maria Eugenia",Buenos Aires,Frente para la Victoria - Pj,2011-12-10,2015-12-09,
HCDN2918,"Zangla, Maria Jose",San Luis,Frente de Todos,2021-12-10,2021-12-20,
HCDN2900,"Zapata, Carlos Raul",Salta,La Libertad Avanza,2021-12-10,2025-12-09,https://api.argentinadatos.com/static/diputados/diputados/HCDN2900.jpg
HCDN2900,"Zapata, Carlos Raul",Salta,La Libertad Avanza,2025-12-10,2029-12-09,https://api.argentinadatos.com/static/diputados/diputados/HCDN2900.jpg
HCDN2976,"Zaracho, Natalia",Buenos Aires,Frente de Todos,2019-12-10,2023-12-09,https://api.argentinadatos.com/static/diputados/diputados/HCDN2976.jpg
HCDN2976,"Zaracho, Natalia",Buenos Aires,Unión por la Patria,2023-12-10,2027-12-09,https://api.argentinadatos.com/static/diputados/diputados/HCDN2976.jpg
HCDN1025,"Zavallo, Gustavo Marcelo",Entre Ríos,Peronismo Federal,2007-12-10,2011-12-09,
HCDN1310,"Ziebart, Cristina Isabel",Chubut,Frente para la Victoria - Pj,2011-12-10,2015-12-09,
HCDN1221,"Ziegler, Alex Roberto",Misiones,Frente para la Victoria - Pj,2009-12-10,2013-12-09,
HCDN1221,"Ziegler, Alex Roberto",Misiones,Libertad Valores y Cambio,2013-12-10,2017-12-09,
HCDN3182,"Zigaran, Maria Ines",Jujuy,Provincias Unidas,2025-12-10,2029-12-09,
HCDN1527,"Ziliotto, Sergio Raul",La Pampa,Justicialista,2015-12-10,2019-12-09,
HCDN0656,"Zottos, Andres",Salta,Justicialista,2017-12-10,2021-12-09,
HCDN3077,"Zulli, Christian Alejandro",Corrientes,Unión por la Patria,2023-12-10,2027-12-09,https://api.argentinadatos.com/static/diputados/diputados/HCDN3077.jpg
HCDN2823,"Zuvic, Mariana",CABA,Coalicion Civica,2019-12-10,2023-12-09,https://api.argentinadatos.com/static/diputados/diputados/HCDN2823.jpg
