candidate_id,list_id,election_id,district_id,legislator_id,match_confidence,mandato,mandato_inicio,mandato_fin,bloque_hcdn,electo_nombre
2019-cordoba-juntos-por-el-cambio-01,2019-cordoba-juntos-por-el-cambio,diputados-2019,Córdoba,HCDN0035,exact,2019-2023,2019-12-10,2023-12-09,Ucr,"Negri, Mario Raul"
2019-buenos-aires-consenso-federal-01,2019-buenos-aires-consenso-federal,diputados-2019,Buenos Aires,HCDN0173,exact,2019-2023,2019-12-10,2023-12-09,Consenso Federal,"Camaño, Graciela"
2019-san-juan-frente-de-todos-san-juan-01,2019-san-juan-frente-de-todos-san-juan,diputados-2019,San Juan,HCDN0298,exact,2019-2023,2019-12-10,2023-12-09,Frente de Todos,"Gioja, Jose Luis"
2019-tierra-del-fuego-vamos-todos-a-vivir-mejor-01,2019-tierra-del-fuego-vamos-todos-a-vivir-mejor,diputados-2019,Tierra del Fuego,HCDN0543,exact,2019-2023,2019-12-10,2023-12-09,Frente de Todos,"Caparros, Mabel Luisa"
2019-tierra-del-fuego-frente-de-todos-01,2019-tierra-del-fuego-frente-de-todos,diputados-2019,Tierra del Fuego,HCDN0581,exact,2019-2023,2019-12-10,2023-12-09,Frente de Todos,"Bertone, Rosana Andrea"
2019-entre-rios-frente-de-todos-02,2019-entre-rios-frente-de-todos,diputados-2019,Entre Ríos,HCDN0633,exact,2019-2023,2019-12-10,2023-12-09,Frente de Todos,"Osuna, Blanca Ines"
2019-buenos-aires-juntos-por-el-cambio-01,2019-buenos-aires-juntos-por-el-cambio,diputados-2019,Buenos Aires,HCDN0788,fuzzy,2019-2023,2019-12-10,2023-12-09,Pro,"Ritondo, Cristian A."
2019-misiones-frente-renovador-de-la-concordia-01,2019-misiones-frente-renovador-de-la-concordia,diputados-2019,Misiones,HCDN0791,exact,2019-2023,2019-12-10,2023-12-09,Frente de la Concordia Misionero,"Sartori, Diego Horacio"
2019-buenos-aires-frente-de-todos-04,2019-buenos-aires-frente-de-todos,diputados-2019,Buenos Aires,HCDN0846,exact,2019-2023,2019-12-10,2021-09-21,Frente de Todos,"Alvarez Rodriguez, Maria Cristina"
2019-santiago-del-estero-frente-civico-por-santiago-01,2019-santiago-del-estero-frente-civico-por-santiago,diputados-2019,Santiago del Estero,HCDN0859,exact,2019-2023,2019-12-10,2023-12-09,Frente de Todos,"Brue, Daniel Agustin"
2019-mendoza-cambia-mendoza-01,2019-mendoza-cambia-mendoza,diputados-2019,Mendoza,HCDN0870,exact,2019-2023,2019-12-10,2021-12-09,Ucr,"Cornejo, Alfredo Victor"
2019-mendoza-cambia-mendoza-03,2019-mendoza-cambia-mendoza,diputados-2019,Mendoza,HCDN0871,exact,2019-2023,2019-12-10,2023-12-09,Pro,"De Marchi, Omar"
2019-jujuy-frente-de-todos-01,2019-jujuy-frente-de-todos,diputados-2019,Jujuy,HCDN0903,exact,2019-2023,2019-12-10,2023-12-09,Frente de Todos,"Moises, Maria Carolina"
2019-caba-juntos-por-el-cambio-07,2019-caba-juntos-por-el-cambio,diputados-2019,CABA,HCDN0926,exact,2019-2023,2019-12-10,2023-12-09,Pro,"Tonelli, Pablo Gabriel"
2019-la-rioja-frente-de-todos-02,2019-la-rioja-frente-de-todos,diputados-2019,La Rioja,HCDN0972,exact,2019-2023,2019-12-10,2023-12-09,Frente de Todos,"Aguirre, Hilda"
2019-san-juan-frente-de-todos-san-juan-02,2019-san-juan-frente-de-todos-san-juan,diputados-2019,San Juan,HCDN0982,exact,2019-2023,2019-12-10,2023-12-09,Frente de Todos,"Caselles, Graciela Maria"
2019-caba-frente-de-todos-04,2019-caba-frente-de-todos,diputados-2019,CABA,HCDN1073,exact,2019-2023,2019-12-10,2019-12-10,Frente de Todos,"Donda Perez, Victoria Analia"
2019-buenos-aires-frente-de-todos-01,2019-buenos-aires-frente-de-todos,diputados-2019,Buenos Aires,HCDN1107,exact,2019-2023,2019-12-10,2022-08-02,Frente de Todos,"Massa, Sergio Tomas"
2019-catamarca-frente-de-todos-01,2019-catamarca-frente-de-todos,diputados-2019,Catamarca,HCDN1119,exact,2019-2023,2019-12-10,2021-12-09,Frente de Todos,"Corpacci, Lucia Benigna"
2019-cordoba-juntos-por-el-cambio-05,2019-cordoba-juntos-por-el-cambio,diputados-2019,Córdoba,HCDN1121,exact,2019-2023,2019-12-10,2021-12-07,Pro,"Juez, Luis Alfredo"
2019-formosa-juntos-por-el-cambio-01,2019-formosa-juntos-por-el-cambio,diputados-2019,Formosa,HCDN1151,exact,2019-2023,2019-12-10,2023-12-09,Ucr,"Buryaile, Ricardo"
2019-buenos-aires-juntos-por-el-cambio-11,2019-buenos-aires-juntos-por-el-cambio,diputados-2019,Buenos Aires,HCDN1236,exact,2019-2023,2019-12-10,2023-12-09,Pro,"Asseff, Alberto"
2019-formosa-frente-de-todos-01,2019-formosa-frente-de-todos,diputados-2019,Formosa,HCDN1240,exact,2019-2023,2019-12-10,2019-12-10,Frente de Todos,"Basterra, Luis Eugenio"
2019-buenos-aires-juntos-por-el-cambio-03,2019-buenos-aires-juntos-por-el-cambio,diputados-2019,Buenos Aires,HCDN1241,exact,2019-2023,2019-12-10,2023-12-09,Ucr,"Bazze, Miguel Angel"
2019-caba-frente-de-todos-06,2019-caba-frente-de-todos,diputados-2019,CABA,HCDN1244,exact,2019-2023,2019-12-10,2023-12-09,Frente de Todos,"Brawer, Mara"
2019-santa-fe-frente-de-todos-01,2019-santa-fe-frente-de-todos,diputados-2019,Santa Fe,HCDN1250,exact,2019-2023,2019-12-10,2023-12-09,Frente de Todos,"Cleri, Marcos"
2019-buenos-aires-frente-de-todos-09,2019-buenos-aires-frente-de-todos,diputados-2019,Buenos Aires,HCDN1253,exact,2019-2023,2019-12-10,2019-12-10,Frente de Todos,"De Pedro, Eduardo Enrique"
2019-buenos-aires-frente-de-todos-03,2019-buenos-aires-frente-de-todos,diputados-2019,Buenos Aires,HCDN1269,exact,2019-2023,2019-12-10,2023-12-09,Frente de Todos,"Grosso, Leonardo"
2019-buenos-aires-frente-de-todos-07,2019-buenos-aires-frente-de-todos,diputados-2019,Buenos Aires,HCDN1275,exact,2019-2023,2019-12-10,2020-05-01,Frente de Todos,"Larroque, Andres"
2019-buenos-aires-frente-de-todos-11,2019-buenos-aires-frente-de-todos,diputados-2019,Buenos Aires,HCDN1283,exact,2019-2023,2019-12-10,2021-08-13,Frente de Todos,"Moyano, Juan Facundo"
2019-santiago-del-estero-frente-civico-por-santiago-02,2019-santiago-del-estero-frente-civico-por-santiago,diputados-2019,Santiago del Estero,HCDN1285,exact,2019-2023,2019-12-10,2023-12-09,Frente de Todos,"Navarro, Graciela"
2019-santa-cruz-frente-de-todos-01,2019-santa-cruz-frente-de-todos,diputados-2019,Santa Cruz,HCDN1316,exact,2019-2023,2019-12-10,2021-02-10,Frente de Todos,"Gonzalez, Pablo Gerardo"
2019-tucuman-frente-de-todos-02,2019-tucuman-frente-de-todos,diputados-2019,Tucumán,HCDN1420,exact,2019-2023,2019-12-10,2023-12-09,Frente de Todos,"Carrizo, Nilda Mabel"
2019-buenos-aires-juntos-por-el-cambio-04,2019-buenos-aires-juntos-por-el-cambio,diputados-2019,Buenos Aires,HCDN1439,exact,2019-2023,2019-12-10,2023-12-09,Pro,"Lospennato, Silvia"
2019-buenos-aires-juntos-por-el-cambio-10,2019-buenos-aires-juntos-por-el-cambio,diputados-2019,Buenos Aires,HCDN1447,exact,2019-2023,2019-12-10,2023-12-09,Ucr,"Banfi, Karina"
2019-buenos-aires-juntos-por-el-cambio-05,2019-buenos-aires-juntos-por-el-cambio,diputados-2019,Buenos Aires,HCDN1448,exact,2019-2023,2019-12-10,2022-12-30,Pro,"Wolff, Waldo Ezequiel"
2019-buenos-aires-juntos-por-el-cambio-13,2019-buenos-aires-juntos-por-el-cambio,diputados-2019,Buenos Aires,HCDN1449,exact,2019-2023,2019-12-10,2023-12-09,Pro,"Torello, Pablo"
2019-buenos-aires-frente-de-todos-15,2019-buenos-aires-frente-de-todos,diputados-2019,Buenos Aires,HCDN1454,exact,2019-2023,2019-12-10,2019-12-11,Frente de Todos,"Castagneto, Carlos Daniel"
2019-buenos-aires-frente-de-todos-17,2019-buenos-aires-frente-de-todos,diputados-2019,Buenos Aires,HCDN1455,exact,2019-2023,2019-12-10,2023-12-09,Frente de Todos,"Tailhade, Rodolfo"
2019-buenos-aires-frente-de-todos-02,2019-buenos-aires-frente-de-todos,diputados-2019,Buenos Aires,HCDN1456,exact,2019-2023,2019-12-10,2019-12-10,Frente de Todos,"Volnovich, Luana"
2019-buenos-aires-frente-de-todos-19,2019-buenos-aires-frente-de-todos,diputados-2019,Buenos Aires,HCDN1459,exact,2019-2023,2019-12-10,2023-12-09,Frente de Todos,"Selva, Carlos Americo"
2019-buenos-aires-frente-de-todos-06,2019-buenos-aires-frente-de-todos,diputados-2019,Buenos Aires,HCDN1463,exact,2019-2023,2019-12-10,2023-12-09,Frente de Todos,"Moreau, Cecilia"
2019-caba-juntos-por-el-cambio-05,2019-caba-juntos-por-el-cambio,diputados-2019,CABA,HCDN1466,exact,2019-2023,2019-12-10,2023-12-09,Pro,"Gonzalez, Alvaro"
2019-chaco-frente-de-todos-01,2019-chaco-frente-de-todos,diputados-2019,Chaco,HCDN1473,exact,2019-2023,2019-12-10,2023-12-09,Frente de Todos,"Masin, Maria Lucila"
2019-chubut-frente-de-todos-01,2019-chubut-frente-de-todos,diputados-2019,Chubut,HCDN1475,exact,2019-2023,2019-12-10,2023-12-09,Frente de Todos,"Igon, Santiago Nicolas"
2019-misiones-frente-de-todos-01,2019-misiones-frente-de-todos,diputados-2019,Misiones,HCDN1479,exact,2019-2023,2019-12-10,2023-12-09,Frente de Todos,"Britez, Maria Cristina"
2019-salta-juntos-por-el-cambio-01,2019-salta-juntos-por-el-cambio,diputados-2019,Salta,HCDN1487,exact,2019-2023,2019-12-10,2023-12-09,Ucr,"Nanni, Miguel"
2019-buenos-aires-frente-de-todos-05,2019-buenos-aires-frente-de-todos,diputados-2019,Buenos Aires,HCDN1489,exact,2019-2023,2019-12-10,2023-12-09,Frente de Todos,"Kirchner, Maximo Carlos"
2019-santa-fe-juntos-por-el-cambio-03,2019-santa-fe-juntos-por-el-cambio,diputados-2019,Santa Fe,HCDN1500,exact,2019-2023,2019-12-10,2023-12-09,Pro,"Nuñez, Jose"
2019-santa-fe-frente-de-todos-04,2019-santa-fe-frente-de-todos,diputados-2019,Santa Fe,HCDN1504,exact,2019-2023,2019-12-10,2023-12-09,Frente de Todos,"Massetani, Vanesa Laura"
2019-cordoba-juntos-por-el-cambio-04,2019-cordoba-juntos-por-el-cambio,diputados-2019,Córdoba,HCDN1511,exact,2019-2023,2019-12-10,2023-12-09,Coalicion Civica,"Martinez Villada, Leonor Maria"
2019-cordoba-frente-de-todos-02,2019-cordoba-frente-de-todos,diputados-2019,Córdoba,HCDN1514,exact,2019-2023,2019-12-10,2023-12-09,Frente de Todos,"Estevez, Gabriela Beatriz"
2019-corrientes-frente-de-todos-01,2019-corrientes-frente-de-todos,diputados-2019,Corrientes,HCDN1517,exact,2019-2023,2019-12-10,2021-12-09,Frente de Todos,"Ruiz Aragon, Jose Arnaldo"
2019-neuquen-frente-de-todos-01,2019-neuquen-frente-de-todos,diputados-2019,Neuquén,HCDN1562,exact,2019-2023,2019-12-10,2020-08-28,Frente de Todos,"Martinez, Dario"
2019-santiago-del-estero-frente-de-todos-01,2019-santiago-del-estero-frente-de-todos,diputados-2019,Santiago del Estero,HCDN2340,exact,2019-2023,2019-12-10,2023-12-09,Frente de Todos,"Neder, Estela Mary"
2019-mendoza-cambia-mendoza-02,2019-mendoza-cambia-mendoza,diputados-2019,Mendoza,HCDN2749,exact,2019-2023,2019-12-10,2023-12-09,Ucr,"Latorre, Jimena"
2019-cordoba-juntos-por-el-cambio-06,2019-cordoba-juntos-por-el-cambio,diputados-2019,Córdoba,HCDN2750,exact,2019-2023,2019-12-10,2023-12-09,Pro,"Ruarte, Adriana Noemi"
2019-salta-frente-de-todos-01,2019-salta-frente-de-todos,diputados-2019,Salta,HCDN2751,exact,2019-2023,2019-12-10,2023-12-09,Frente de Todos,"Godoy, Lucas Javier"
2019-cordoba-juntos-por-el-cambio-03,2019-cordoba-juntos-por-el-cambio,diputados-2019,Córdoba,HCDN2752,exact,2019-2023,2019-12-10,2023-12-09,Ucr,"Romero, Victor Hugo"
2019-mendoza-frente-de-todos-01,2019-mendoza-frente-de-todos,diputados-2019,Mendoza,HCDN2753,exact,2019-2023,2019-12-10,2023-12-09,Frente de Todos,"Uceda, Marisa Lourdes"
2019-jujuy-juntos-por-el-cambio-01,2019-jujuy-juntos-por-el-cambio,diputados-2019,Jujuy,HCDN2754,exact,2019-2023,2019-12-10,2023-12-09,Ucr,"Rizzotti, Jorge"
2019-neuquen-juntos-por-el-cambio-01,2019-neuquen-juntos-por-el-cambio,diputados-2019,Neuquén,HCDN2755,exact,2019-2023,2019-12-10,2023-12-09,Pro,"Sanchez, Francisco"
2019-santa-fe-consenso-federal-01,2019-santa-fe-consenso-federal,diputados-2019,Santa Fe,HCDN2756,exact,2019-2023,2019-12-10,2023-12-09,Socialista,"Estevez, Enrique"
2019-tucuman-juntos-por-el-cambio-02,2019-tucuman-juntos-por-el-cambio,diputados-2019,Tucumán,HCDN2758,exact,2019-2023,2019-12-10,2023-12-09,Ucr,"Ascarate, Lidia Ines"
2019-buenos-aires-frente-de-todos-16,2019-buenos-aires-frente-de-todos,diputados-2019,Buenos Aires,HCDN2759,fuzzy,2019-2023,2019-12-10,2023-12-09,Frente de Todos,"Aparicio, Alicia N."
2019-buenos-aires-frente-de-todos-14,2019-buenos-aires-frente-de-todos,diputados-2019,Buenos Aires,HCDN2760,exact,2019-2023,2019-12-10,2023-12-09,Frente de Todos,"Ormachea, Claudia Beatriz"
2019-buenos-aires-frente-de-todos-08,2019-buenos-aires-frente-de-todos,diputados-2019,Buenos Aires,HCDN2761,exact,2019-2023,2019-12-10,2023-12-09,Frente de Todos,"Lampreabe, Florencia"
2019-san-luis-frente-de-todos-01,2019-san-luis-frente-de-todos,diputados-2019,San Luis,HCDN2762,exact,2019-2023,2019-12-10,2023-12-09,Frente de Todos,"Ponce, Carlos Ybrhain"
2019-misiones-juntos-por-el-cambio-01,2019-misiones-juntos-por-el-cambio,diputados-2019,Misiones,HCDN2763,exact,2019-2023,2019-12-10,2023-12-09,Pro,"Schiavoni, Alfredo Oscar"
2019-santa-fe-juntos-por-el-cambio-05,2019-santa-fe-juntos-por-el-cambio,diputados-2019,Santa Fe,HCDN2764,exact,2019-2023,2019-12-10,2023-12-09,Ucr,"Martin, Juan"
2019-tucuman-frente-de-todos-03,2019-tucuman-frente-de-todos,diputados-2019,Tucumán,HCDN2765,exact,2019-2023,2019-12-10,2023-12-09,Frente de Todos,"Cisneros, Carlos"
2019-cordoba-juntos-por-el-cambio-02,2019-cordoba-juntos-por-el-cambio,diputados-2019,Córdoba,HCDN2766,exact,2019-2023,2019-12-10,2023-12-09,Pro,"El Sukaria, Soher"
2019-caba-juntos-por-el-cambio-02,2019-caba-juntos-por-el-cambio,diputados-2019,CABA,HCDN2767,exact,2019-2023,2019-12-10,2023-12-09,Pro,"Morales Gorleri, Victoria"
2019-cordoba-hacemos-por-cordoba-01,2019-cordoba-hacemos-por-cordoba,diputados-2019,Córdoba,HCDN2768,exact,2019-2023,2019-12-10,2023-12-09,Cordoba Federal,"Gutierrez, Carlos"
2019-la-pampa-frente-de-todos-01,2019-la-pampa-frente-de-todos,diputados-2019,La Pampa,HCDN2769,exact,2019-2023,2019-12-10,2023-12-09,Frente de Todos,"Perez Araujo, Hernan"
2019-misiones-frente-de-todos-02,2019-misiones-frente-de-todos,diputados-2019,Misiones,HCDN2770,fuzzy,2019-2023,2019-12-10,2023-12-09,Frente de Todos,"Barbaro, Hector Cacho"
2019-entre-rios-juntos-por-el-cambio-01,2019-entre-rios-juntos-por-el-cambio,diputados-2019,Entre Ríos,HCDN2771,exact,2019-2023,2019-12-10,2023-12-09,Ucr,"Lena, Gabriela"
2019-rio-negro-frente-de-todos-01,2019-rio-negro-frente-de-todos,diputados-2019,Río Negro,HCDN2773,exact,2019-2023,2019-12-10,2021-03-27,Frente de Todos,"Soria, Martin"
2019-buenos-aires-consenso-federal-02,2019-buenos-aires-consenso-federal,diputados-2019,Buenos Aires,HCDN2774,exact,2019-2023,2019-12-10,2023-12-09,Consenso Federal,"Rodriguez, Alejandro Topo"
2019-buenos-aires-frente-de-todos-13,2019-buenos-aires-frente-de-todos,diputados-2019,Buenos Aires,HCDN2775,exact,2019-2023,2019-12-10,2023-12-09,Frente de Todos,"Gutierrez, Ramiro"
2019-buenos-aires-frente-de-todos-18,2019-buenos-aires-frente-de-todos,diputados-2019,Buenos Aires,HCDN2776,exact,2019-2023,2019-12-10,2023-12-09,Frente de Todos,"Martinez, Maria Rosa"
2019-la-pampa-juntos-por-el-cambio-01,2019-la-pampa-juntos-por-el-cambio,diputados-2019,La Pampa,HCDN2777,exact,2019-2023,2019-12-10,2023-12-09,Evolucion Radical,"Berhongaray, Martin Antonio"
2019-entre-rios-frente-de-todos-01,2019-entre-rios-frente-de-todos,diputados-2019,Entre Ríos,HCDN2778,exact,2019-2023,2019-12-10,2023-12-09,Frente de Todos,"Casaretto, Marcelo Pablo"
2019-caba-juntos-por-el-cambio-03,2019-caba-juntos-por-el-cambio,diputados-2019,CABA,HCDN2779,exact,2019-2023,2019-12-10,2023-12-09,Evolucion Radical,"Yacobitti, Emiliano Benjamin"
2019-la-rioja-frente-de-todos-01,2019-la-rioja-frente-de-todos,diputados-2019,La Rioja,HCDN2780,exact,2019-2023,2019-12-10,2023-12-09,Frente de Todos,"Casas, Sergio Guillermo"
2019-entre-rios-juntos-por-el-cambio-02,2019-entre-rios-juntos-por-el-cambio,diputados-2019,Entre Ríos,HCDN2781,exact,2019-2023,2019-12-10,2023-12-09,Pro,"Hein, Gustavo Rene"
2019-salta-juntos-por-el-cambio-02,2019-salta-juntos-por-el-cambio,diputados-2019,Salta,HCDN2782,exact,2019-2023,2019-12-10,2023-12-09,Pro,"Cornejo, Virginia"
2019-tierra-del-fuego-juntos-por-el-cambio-01,2019-tierra-del-fuego-juntos-por-el-cambio,diputados-2019,Tierra del Fuego,HCDN2783,exact,2019-2023,2019-12-10,2023-12-09,Pro,"Frigerio, Federico"
2019-formosa-frente-de-todos-02,2019-formosa-frente-de-todos,diputados-2019,Formosa,HCDN2784,exact,2019-2023,2019-12-10,2023-12-09,Frente de Todos,"Parola, Maria Graciela"
2019-san-luis-juntos-por-el-cambio-01,2019-san-luis-juntos-por-el-cambio,diputados-2019,San Luis,HCDN2785,exact,2019-2023,2019-12-10,2023-12-09,Evolucion Radical,"Cacace, Alejandro"
2019-chubut-juntos-por-el-cambio-01,2019-chubut-juntos-por-el-cambio,diputados-2019,Chubut,HCDN2786,exact,2019-2023,2019-12-10,2021-12-07,Juntos por el Cambio Chubut,"Torres, Ignacio Agustin"
2019-caba-juntos-por-el-cambio-01,2019-caba-juntos-por-el-cambio,diputados-2019,CABA,HCDN2787,exact,2019-2023,2019-12-10,2023-12-09,Coalicion Civica,"Ferraro, Maximiliano"
2019-santa-fe-frente-de-todos-02,2019-santa-fe-frente-de-todos,diputados-2019,Santa Fe,HCDN2788,exact,2019-2023,2019-12-10,2023-12-09,Frente de Todos,"Obeid, Alejandra del Huerto"
2019-santa-fe-frente-de-todos-03,2019-santa-fe-frente-de-todos,diputados-2019,Santa Fe,HCDN2789,exact,2019-2023,2019-12-10,2023-12-09,Frente de Todos,"Martinez, German Pedro"
2019-la-rioja-juntos-por-la-rioja-01,2019-la-rioja-juntos-por-la-rioja,diputados-2019,La Rioja,HCDN2790,exact,2019-2023,2019-12-10,2023-12-09,Ser - Somos Energia para Renovar,"Alvarez, Felipe"
2019-tucuman-frente-de-todos-01,2019-tucuman-frente-de-todos,diputados-2019,Tucumán,HCDN2792,exact,2019-2023,2019-12-10,2023-10-27,Frente de Todos,"Leito, Mario"
2019-santa-fe-juntos-por-el-cambio-01,2019-santa-fe-juntos-por-el-cambio,diputados-2019,Santa Fe,HCDN2793,exact,2019-2023,2019-12-10,2023-12-09,Pro,"Angelini, Federico"
2019-buenos-aires-juntos-por-el-cambio-02,2019-buenos-aires-juntos-por-el-cambio,diputados-2019,Buenos Aires,HCDN2795,exact,2019-2023,2019-12-10,2023-12-09,Pro,"Rey, Maria Lujan"
2019-rio-negro-frente-de-todos-02,2019-rio-negro-frente-de-todos,diputados-2019,Río Negro,HCDN2796,exact,2019-2023,2019-12-10,2023-12-09,Frente de Todos,"Landriscini, Susana Graciela"
2019-buenos-aires-juntos-por-el-cambio-14,2019-buenos-aires-juntos-por-el-cambio,diputados-2019,Buenos Aires,HCDN2797,exact,2019-2023,2019-12-10,2023-12-09,Pro,"Crescimbeni, Camila"
2019-buenos-aires-frente-de-todos-12,2019-buenos-aires-frente-de-todos,diputados-2019,Buenos Aires,HCDN2798,exact,2019-2023,2019-12-10,2021-12-16,Frente de Todos,"Vilar, Daniela Marina"
2019-chaco-frente-de-todos-02,2019-chaco-frente-de-todos,diputados-2019,Chaco,HCDN2799,exact,2019-2023,2019-12-10,2023-12-09,Frente de Todos,"Leiva, Aldo"
2019-salta-frente-de-todos-02,2019-salta-frente-de-todos,diputados-2019,Salta,HCDN2800,exact,2019-2023,2019-12-10,2023-12-09,Frente de Todos,"Caliva, Lia Veronica"
2019-san-juan-juntos-por-el-cambio-01,2019-san-juan-juntos-por-el-cambio,diputados-2019,San Juan,HCDN2801,exact,2019-2023,2019-12-10,2023-12-09,Produccion y Trabajo,"Orrego, Humberto Marcelo"
2019-mendoza-frente-de-todos-02,2019-mendoza-frente-de-todos,diputados-2019,Mendoza,HCDN2802,exact,2019-2023,2019-12-10,2021-03-27,Frente de Todos,"Bermejo, Alejandro Daniel"
2019-chaco-juntos-por-el-cambio-01,2019-chaco-juntos-por-el-cambio,diputados-2019,Chaco,HCDN2803,exact,2019-2023,2019-12-10,2023-12-09,Ucr,"Cipolini, Gerardo"
2019-caba-frente-de-todos-03,2019-caba-frente-de-todos,diputados-2019,CABA,HCDN2804,exact,2019-2023,2019-12-10,2023-12-09,Frente de Todos,"Hagman, Itai"
2019-tucuman-juntos-por-el-cambio-01,2019-tucuman-juntos-por-el-cambio,diputados-2019,Tucumán,HCDN2806,exact,2019-2023,2019-12-10,2023-12-09,Encuentro Federal,"Amaya, Domingo Luis"
2019-catamarca-juntos-por-el-cambio-01,2019-catamarca-juntos-por-el-cambio,diputados-2019,Catamarca,HCDN2807,exact,2019-2023,2019-12-10,2023-12-09,Coalicion Civica,"Manzi, Ruben"
2019-buenos-aires-juntos-por-el-cambio-08,2019-buenos-aires-juntos-por-el-cambio,diputados-2019,Buenos Aires,HCDN2809,exact,2019-2023,2019-12-10,2023-12-09,Pro,"Joury, Maria de las Mercedes"
2019-buenos-aires-juntos-por-el-cambio-12,2019-buenos-aires-juntos-por-el-cambio,diputados-2019,Buenos Aires,HCDN2810,exact,2019-2023,2019-12-10,2023-12-09,Coalicion Civica,"Frade, Monica"
2019-buenos-aires-juntos-por-el-cambio-07,2019-buenos-aires-juntos-por-el-cambio,diputados-2019,Buenos Aires,HCDN2811,exact,2019-2023,2019-12-10,2023-12-09,Ucr,"Salvador, Sebastian Nicolas"
2019-buenos-aires-juntos-por-el-cambio-09,2019-buenos-aires-juntos-por-el-cambio,diputados-2019,Buenos Aires,HCDN2812,exact,2019-2023,2019-12-10,2023-12-09,Encuentro Federal,"Garcia de Luca, Sebastian"
2019-rio-negro-juntos-somos-rio-negro-01,2019-rio-negro-juntos-somos-rio-negro,diputados-2019,Río Negro,HCDN2813,exact,2019-2023,2019-12-10,2023-12-09,Juntos Somos Rio Negro,"Di Giacomo, Luis"
2019-santa-fe-juntos-por-el-cambio-02,2019-santa-fe-juntos-por-el-cambio,diputados-2019,Santa Fe,HCDN2814,exact,2019-2023,2019-12-10,2023-12-09,Ucr,"Garcia, Ximena"
2019-cordoba-frente-de-todos-01,2019-cordoba-frente-de-todos,diputados-2019,Córdoba,HCDN2815,exact,2019-2023,2019-12-10,2023-12-09,Frente de Todos,"Fernandez, Eduardo"
2019-caba-juntos-por-el-cambio-06,2019-caba-juntos-por-el-cambio,diputados-2019,CABA,HCDN2816,exact,2019-2023,2019-12-10,2023-12-09,Evolucion Radical,"Martinez, Dolores"
2019-corrientes-frente-de-todos-02,2019-corrientes-frente-de-todos,diputados-2019,Corrientes,HCDN2817,exact,2019-2023,2019-12-10,2023-12-09,Frente de Todos,"Sand, Nancy"
2019-corrientes-encuentro-por-corrientes-eco-juntos-por-el-cambio-01,2019-corrientes-encuentro-por-corrientes-eco-juntos-por-el-cambio,diputados-2019,Corrientes,HCDN2818,exact,2019-2023,2019-12-10,2023-12-09,Ucr,"Vara, Jorge"
2019-jujuy-frente-de-todos-02,2019-jujuy-frente-de-todos,diputados-2019,Jujuy,HCDN2819,exact,2019-2023,2019-12-10,2023-08-05,Frente de Todos,"Ferreyra, Daniel Julio"
2019-caba-juntos-por-el-cambio-08,2019-caba-juntos-por-el-cambio,diputados-2019,CABA,HCDN2820,exact,2019-2023,2019-12-10,2023-12-09,Pro,"Rezinovsky, Dina"
2019-caba-frente-de-todos-02,2019-caba-frente-de-todos,diputados-2019,CABA,HCDN2821,exact,2019-2023,2019-12-10,2023-12-09,Frente de Todos,"Penacca, Paula Andrea"
2019-santiago-del-estero-frente-civico-por-santiago-03,2019-santiago-del-estero-frente-civico-por-santiago,diputados-2019,Santiago del Estero,HCDN2822,exact,2019-2023,2019-12-10,2023-12-09,Frente de Todos,"Daives, Ricardo"
2019-caba-juntos-por-el-cambio-04,2019-caba-juntos-por-el-cambio,diputados-2019,CABA,HCDN2823,exact,2019-2023,2019-12-10,2023-12-09,Coalicion Civica,"Zuvic, Mariana"
2019-corrientes-encuentro-por-corrientes-eco-juntos-por-el-cambio-02,2019-corrientes-encuentro-por-corrientes-eco-juntos-por-el-cambio,diputados-2019,Corrientes,HCDN2824,exact,2019-2023,2019-12-10,2023-12-09,Pro,"Jetter, Ingrid"
2019-caba-frente-de-todos-05,2019-caba-frente-de-todos,diputados-2019,CABA,HCDN2825,exact,2019-2023,2019-12-10,2023-12-09,Frente de Todos,"Valdes, Eduardo Felix"
2019-buenos-aires-frente-de-todos-10,2019-buenos-aires-frente-de-todos,diputados-2019,Buenos Aires,HCDN2826,fuzzy,2019-2023,2019-12-10,2023-12-09,Frente de Todos,"Yambrun, Liliana Patricia"
2019-santa-fe-juntos-por-el-cambio-04,2019-santa-fe-juntos-por-el-cambio,diputados-2019,Santa Fe,HCDN2827,exact,2019-2023,2019-12-10,2023-12-09,Valores Republicanos,"Castets, Laura Carolina"
2019-buenos-aires-juntos-por-el-cambio-06,2019-buenos-aires-juntos-por-el-cambio,diputados-2019,Buenos Aires,HCDN2828,exact,2019-2023,2019-12-10,2023-12-09,Coalicion Civica,"Stilman, Mariana"
2019-chubut-frente-de-todos-02,2019-chubut-frente-de-todos,diputados-2019,Chubut,HCDN2829,exact,2019-2023,2019-12-10,2023-12-09,Frente de Todos,"Hernandez, Estela"
2019-santa-cruz-frente-de-todos-02,2019-santa-cruz-frente-de-todos,diputados-2019,Santa Cruz,HCDN2830,exact,2019-2023,2019-12-10,2023-12-09,Frente de Todos,"Vessvessian, Paola"
2019-buenos-aires-frente-de-todos-21,2019-buenos-aires-frente-de-todos,diputados-2019,Buenos Aires,HCDN2844,exact,2019-2023,2019-12-10,2023-12-09,Frente de Todos,"Fagioli, Federico"
2019-buenos-aires-frente-de-todos-20,2019-buenos-aires-frente-de-todos,diputados-2019,Buenos Aires,HCDN2851,exact,2019-2023,2019-12-10,2022-12-01,Frente de Todos,"Lopez, Jimena"
2019-formosa-frente-de-todos-s-01,2019-formosa-frente-de-todos,diputados-2019,Formosa,HCDN2853,exact,2019-2023,2019-12-10,2023-12-09,Frente de Todos,"Daldovo, Nelly Ramona"
2019-buenos-aires-frente-de-todos-23,2019-buenos-aires-frente-de-todos,diputados-2019,Buenos Aires,HCDN2859,exact,2019-2023,2019-12-10,2023-12-09,Frente de Todos,"Alderete, Juan Carlos"
2019-buenos-aires-frente-de-todos-25,2019-buenos-aires-frente-de-todos,diputados-2019,Buenos Aires,HCDN2862,exact,2019-2023,2019-12-10,2023-12-09,Frente de Todos,"Bormioli, Lisandro"
2019-neuquen-frente-de-todos-s-01,2019-neuquen-frente-de-todos,diputados-2019,Neuquén,HCDN2863,exact,2019-2023,2019-12-10,2023-12-09,Frente de Todos,"Carnaghi, Guillermo Oscar"
2019-santa-cruz-frente-de-todos-s-01,2019-santa-cruz-frente-de-todos,diputados-2019,Santa Cruz,HCDN2866,exact,2019-2023,2019-12-10,2023-12-09,Frente de Todos,"Veron, Jorge Guillermo"
2019-rio-negro-frente-de-todos-03,2019-rio-negro-frente-de-todos,diputados-2019,Río Negro,HCDN2870,exact,2019-2023,2019-12-10,2023-12-09,Frente de Todos,"Dantas, Pedro Cristian"
2019-mendoza-frente-de-todos-04,2019-mendoza-frente-de-todos,diputados-2019,Mendoza,HCDN2871,fuzzy,2019-2023,2019-12-10,2023-12-09,Frente de Todos,"Perez Plaza, Eber Albano"
2019-buenos-aires-frente-de-todos-27,2019-buenos-aires-frente-de-todos,diputados-2019,Buenos Aires,HCDN2876,exact,2019-2023,2019-12-10,2023-12-09,Frente de Todos,"Yapor, Lucio"
2019-buenos-aires-frente-de-todos-22,2019-buenos-aires-frente-de-todos,diputados-2019,Buenos Aires,HCDN2878,exact,2019-2023,2019-12-10,2023-12-09,Frente de Todos,"Souto, Natalia Marcela"
2019-buenos-aires-frente-de-todos-26,2019-buenos-aires-frente-de-todos,diputados-2019,Buenos Aires,HCDN2976,exact,2019-2023,2019-12-10,2023-12-09,Frente de Todos,"Zaracho, Natalia"
2019-catamarca-frente-de-todos-s-01,2019-catamarca-frente-de-todos,diputados-2019,Catamarca,HCDN2977,exact,2019-2023,2019-12-10,2023-12-09,Frente de Todos,"Costa, Anahi"
2019-chubut-juntos-por-el-cambio-03,2019-chubut-juntos-por-el-cambio,diputados-2019,Chubut,HCDN2981,exact,2019-2023,2019-12-10,2023-12-08,Pro,"Taccetta, Matias"
2019-corrientes-frente-de-todos-03,2019-corrientes-frente-de-todos,diputados-2019,Corrientes,HCDN2982,exact,2019-2023,2019-12-10,2023-12-09,Frente de Todos,"Borda, Fabian Antonio"
2019-mendoza-cambia-mendoza-05,2019-mendoza-cambia-mendoza,diputados-2019,Mendoza,HCDN2983,exact,2019-2023,2019-12-10,2023-12-09,Ucr,"Nieri, Lisandro"
2019-cordoba-juntos-por-el-cambio-07,2019-cordoba-juntos-por-el-cambio,diputados-2019,Córdoba,HCDN2984,exact,2019-2023,2019-12-10,2023-12-09,Ucr,"Carasso, Marcos Gustavo"
2019-buenos-aires-frente-de-todos-29,2019-buenos-aires-frente-de-todos,diputados-2019,Buenos Aires,HCDN3007,exact,2019-2023,2019-12-10,2023-12-09,Frente de Todos,"Marino, Juan"
2019-buenos-aires-frente-de-todos-28,2019-buenos-aires-frente-de-todos,diputados-2019,Buenos Aires,HCDN3014,exact,2019-2023,2019-12-10,2023-12-09,Frente de Todos,"Arricau, Carolina Natalia"
2019-buenos-aires-juntos-por-el-cambio-15,2019-buenos-aires-juntos-por-el-cambio,diputados-2019,Buenos Aires,HCDN3015,exact,2019-2023,2019-12-10,2023-06-30,Pro,"Mraida, Gabriel Sebastian"
2019-buenos-aires-juntos-por-el-cambio-17,2019-buenos-aires-juntos-por-el-cambio,diputados-2019,Buenos Aires,HCDN3017,exact,2019-2023,2019-12-10,2023-12-09,Coalicion Civica,"Espil, Santiago Eugenio"
2019-jujuy-frente-de-todos-s-01,2019-jujuy-frente-de-todos,diputados-2019,Jujuy,HCDN3019,exact,2019-2023,2019-12-10,2023-12-09,Frente de Todos,"Cantero, Carlos"
2019-tucuman-frente-de-todos-s-01,2019-tucuman-frente-de-todos,diputados-2019,Tucumán,HCDN3021,exact,2019-2023,2019-12-10,2023-12-09,Frente de Todos,"Herrera, Marcela"
2021-santa-cruz-somos-energia-para-renovar-santa-cruz-ser-03,2021-santa-cruz-somos-energia-para-renovar-santa-cruz-ser,diputados-2021,Santa Cruz,HCDN0055,exact,2021-2025,2021-12-10,2025-09-15,Por Santa Cruz,"Acevedo, Sergio"
2021-buenos-aires-frente-de-todos-pba-06,2021-buenos-aires-frente-de-todos-pba,diputados-2021,Buenos Aires,HCDN0303,exact,2021-2025,2021-12-10,2025-12-09,Unión por la Patria,"Moreau, Leopoldo Raul Guido"
2021-buenos-aires-juntos-02,2021-buenos-aires-juntos,diputados-2021,Buenos Aires,HCDN0454,exact,2021-2025,2021-12-10,2023-12-09,Pro,"Ocaña, Graciela"
2021-buenos-aires-juntos-11,2021-buenos-aires-juntos,diputados-2021,Buenos Aires,HCDN0530,exact,2021-2025,2021-12-10,2025-03-10,Pro,"Lombardi, Hernan"
2021-san-luis-unidos-por-san-luis-01,2021-san-luis-unidos-por-san-luis,diputados-2021,San Luis,HCDN0818,exact,2021-2025,2021-12-10,2023-11-01,Avanzar San Luis,"Poggi, Claudio Javier"
2021-caba-juntos-por-el-cambio-06,2021-caba-juntos-por-el-cambio,diputados-2021,CABA,HCDN1031,exact,2021-2025,2021-12-10,2025-12-09,Pro,"Iglesias, Fernando Adolfo"
2021-buenos-aires-frente-vamos-con-vos-01,2021-buenos-aires-frente-vamos-con-vos,diputados-2021,Buenos Aires,HCDN1042,exact,2021-2025,2021-12-10,2025-12-09,Encuentro Federal,"Randazzo, Florencio"
2021-mendoza-cambia-mendoza-distrito-mendoza-01,2021-mendoza-cambia-mendoza-distrito-mendoza,diputados-2021,Mendoza,HCDN1066,exact,2021-2025,2021-12-10,2025-12-09,Ucr - Unión Cívica Radical,"Cobos, Julio"
2021-entre-rios-juntos-por-entre-rios-05,2021-entre-rios-juntos-por-entre-rios,diputados-2021,Entre Ríos,HCDN1148,exact,2021-2025,2021-12-10,2025-12-09,Ucr - Unión Cívica Radical,"Benedetti, Atilio"
2021-caba-frente-de-todos-03,2021-caba-frente-de-todos,diputados-2021,CABA,HCDN1180,exact,2021-2025,2021-12-10,2025-12-09,Unión por la Patria,"Heller, Carlos"
2021-buenos-aires-juntos-07,2021-buenos-aires-juntos,diputados-2021,Buenos Aires,HCDN1192,exact,2021-2025,2021-12-10,2025-12-09,Pro,"Milman, Gerardo"
2021-chaco-frente-de-todos-01,2021-chaco-frente-de-todos,diputados-2021,Chaco,HCDN1356,exact,2021-2025,2021-12-10,2025-12-09,Unión por la Patria,"Pedrini, Juan Manuel"
2021-caba-juntos-por-el-cambio-05,2021-caba-juntos-por-el-cambio,diputados-2021,CABA,HCDN1361,exact,2021-2025,2021-12-10,2025-12-09,Democracia para Siempre,"Carrizo, Ana Carla"
2021-cordoba-juntos-por-el-cambio-03,2021-cordoba-juntos-por-el-cambio,diputados-2021,Córdoba,HCDN1364,fuzzy,2021-2025,2021-12-10,2025-12-09,Pro,"Baldassi, Hector W."
2021-cordoba-juntos-por-el-cambio-02,2021-cordoba-juntos-por-el-cambio,diputados-2021,Córdoba,HCDN1365,exact,2021-2025,2021-12-10,2025-12-09,Ucr - Unión Cívica Radical,"Carrizo, Soledad"
2021-entre-rios-frente-de-todos-02,2021-entre-rios-frente-de-todos,diputados-2021,Entre Ríos,HCDN1375,exact,2021-2025,2021-12-10,2025-12-09,Unión por la Patria,"Gaillard, Ana Carolina"
2021-buenos-aires-frente-de-izquierda-y-de-trabajadores-01,2021-buenos-aires-frente-de-izquierda-y-de-trabajadores,diputados-2021,Buenos Aires,HCDN1383,exact,2021-2025,2021-12-10,2025-07-02,Pts-Frente de Izquierda Unidad,"Del Caño, Nicolas"
2021-santa-fe-juntos-por-el-cambio-03,2021-santa-fe-juntos-por-el-cambio,diputados-2021,Santa Fe,HCDN1433,exact,2021-2025,2021-12-10,2025-12-09,Pro,"Laspina, Luciano Andres"
2021-caba-frente-de-izquierda-y-de-trabajadores-unidad-01,2021-caba-frente-de-izquierda-y-de-trabajadores-unidad,diputados-2021,CABA,HCDN1435,exact,2021-2025,2021-12-10,2024-06-10,Pts-Frente de Izquierda Unidad,"Bregman, Myriam"
2021-buenos-aires-juntos-09,2021-buenos-aires-juntos,diputados-2021,Buenos Aires,HCDN1440,exact,2021-2025,2021-12-10,2025-12-09,Encuentro Federal,"Monzo, Emilio"
2021-buenos-aires-frente-de-todos-pba-03,2021-buenos-aires-frente-de-todos-pba,diputados-2021,Buenos Aires,HCDN1460,exact,2021-2025,2021-12-10,2025-12-09,Unión por la Patria,"Passo, Marcela Fabiana"
2021-entre-rios-juntos-por-entre-rios-01,2021-entre-rios-juntos-por-entre-rios,diputados-2021,Entre Ríos,HCDN1537,exact,2021-2025,2021-12-10,2023-07-05,Pro,"Frigerio, Rogelio"
2021-cordoba-juntos-por-el-cambio-04,2021-cordoba-juntos-por-el-cambio,diputados-2021,Córdoba,HCDN1548,exact,2021-2025,2021-12-10,2025-12-09,La Libertad Avanza,"Rodriguez Machado, Laura Elena"
2021-mendoza-cambia-mendoza-distrito-mendoza-02,2021-mendoza-cambia-mendoza-distrito-mendoza,diputados-2021,Mendoza,HCDN1555,exact,2021-2025,2021-12-10,2025-12-09,Ucr - Unión Cívica Radical,"Verasay, Pamela Fernanda"
2021-la-pampa-juntos-por-el-cambio-01,2021-la-pampa-juntos-por-el-cambio,diputados-2021,La Pampa,HCDN1565,exact,2021-2025,2021-12-10,2025-12-09,Pro,"Maquieyra, Martin"
2021-buenos-aires-frente-de-izquierda-y-de-trabajadores-05,2021-buenos-aires-frente-de-izquierda-y-de-trabajadores,diputados-2021,Buenos Aires,HCDN2278,exact,2021-2025,2021-12-10,2025-12-09,Izquierda Socialista Fit-Unidad,"Giordano, Juan Carlos"
2021-san-juan-frente-de-todos-san-juan-01,2021-san-juan-frente-de-todos-san-juan,diputados-2021,San Juan,HCDN2350,exact,2021-2025,2021-12-10,2025-12-09,Unión por la Patria,"Allende, Walberto"
2021-buenos-aires-frente-de-todos-pba-12,2021-buenos-aires-frente-de-todos-pba,diputados-2021,Buenos Aires,HCDN2356,exact,2021-2025,2021-12-10,2025-12-09,Unión por la Patria,"Arroyo, Daniel"
2021-corrientes-eco-vamos-corrientes-02,2021-corrientes-eco-vamos-corrientes,diputados-2021,Corrientes,HCDN2361,exact,2021-2025,2021-12-10,2025-12-09,Pro,"Brambilla, Sofia"
2021-buenos-aires-juntos-04,2021-buenos-aires-juntos,diputados-2021,Buenos Aires,HCDN2362,exact,2021-2025,2021-12-10,2025-12-09,Coalicion Civica,"Campagnoli, Marcela"
2021-cordoba-frente-de-todos-03,2021-cordoba-frente-de-todos,diputados-2021,Córdoba,HCDN2366,exact,2021-2025,2021-12-10,2025-12-09,Unión por la Patria,"Carro, Pablo"
2021-buenos-aires-frente-de-izquierda-y-de-trabajadores-02,2021-buenos-aires-frente-de-izquierda-y-de-trabajadores,diputados-2021,Buenos Aires,HCDN2373,exact,2021-2025,2021-12-10,2024-06-26,Partido Obrero-Frente de Izquierda y Trabajadores Unidad,"Del Pla, Romina"
2021-formosa-frente-de-todos-01,2021-formosa-frente-de-todos,diputados-2021,Formosa,HCDN2376,exact,2021-2025,2021-12-10,2025-12-09,Unión por la Patria,"Fernandez Patri, Ramiro"
2021-catamarca-frente-de-todos-01,2021-catamarca-frente-de-todos,diputados-2021,Catamarca,HCDN2382,exact,2021-2025,2021-12-10,2025-12-09,Unión por la Patria,"Ginocchio, Silvana Micaela"
2021-caba-juntos-por-el-cambio-03,2021-caba-juntos-por-el-cambio,diputados-2021,CABA,HCDN2400,exact,2021-2025,2021-12-10,2025-12-09,Coalicion Civica,"Oliveto Lago, Paula"
2021-buenos-aires-juntos-05,2021-buenos-aires-juntos,diputados-2021,Buenos Aires,HCDN2401,exact,2021-2025,2021-12-10,2025-12-09,Coalicion Civica,"Lopez, Juan Manuel"
2021-buenos-aires-frente-de-todos-pba-15,2021-buenos-aires-frente-de-todos-pba,diputados-2021,Buenos Aires,HCDN2402,exact,2021-2025,2021-12-10,2025-12-09,Unión por la Patria,"Macha, Monica"
2021-buenos-aires-juntos-15,2021-buenos-aires-juntos,diputados-2021,Buenos Aires,HCDN2406,exact,2021-2025,2021-12-10,2025-12-09,Ucr - Unión Cívica Radical,"Quetglas, Fabio Jose"
2021-santa-cruz-cambia-santa-cruz-01,2021-santa-cruz-cambia-santa-cruz,diputados-2021,Santa Cruz,HCDN2410,exact,2021-2025,2021-12-10,2025-12-09,Ucr - Unión Cívica Radical,"Reyes, Roxana Nahir"
2021-corrientes-frente-de-todos-01,2021-corrientes-frente-de-todos,diputados-2021,Corrientes,HCDN2412,exact,2021-2025,2021-12-10,2025-12-09,Unión por la Patria,"Romero, Jorge Antonio"
2021-buenos-aires-frente-de-todos-pba-07,2021-buenos-aires-frente-de-todos-pba,diputados-2021,Buenos Aires,HCDN2421,exact,2021-2025,2021-12-10,2025-12-09,Unión por la Patria,"Siley, Vanesa Raquel"
2021-tierra-del-fuego-juntos-por-el-cambio-tierra-del-fuego-01,2021-tierra-del-fuego-juntos-por-el-cambio-tierra-del-fuego,diputados-2021,Tierra del Fuego,HCDN2422,exact,2021-2025,2021-12-10,2024-10-12,Pro,"Stefani, Hector Antonio"
2021-buenos-aires-frente-de-todos-pba-08,2021-buenos-aires-frente-de-todos-pba,diputados-2021,Buenos Aires,HCDN2429,exact,2021-2025,2021-12-10,2025-12-09,Unión por la Patria,"Yasky, Hugo"
2021-buenos-aires-frente-de-izquierda-y-de-trabajadores-04,2021-buenos-aires-frente-de-izquierda-y-de-trabajadores,diputados-2021,Buenos Aires,HCDN2444,exact,2021-2025,2021-12-10,2025-04-10,Izquierda Socialista Fit-Unidad,"Schlotthauer, Monica Leticia"
2021-santiago-del-estero-frente-civico-por-santiago-02,2021-santiago-del-estero-frente-civico-por-santiago,diputados-2021,Santiago del Estero,HCDN2445,exact,2021-2025,2021-12-10,2025-12-09,Unión por la Patria,"Herrera, Bernardo Jose"
2021-santa-fe-frente-de-todos-01,2021-santa-fe-frente-de-todos,diputados-2021,Santa Fe,HCDN2738,exact,2021-2025,2021-12-10,2025-12-09,Defendamos Santa Fe,"Mirabella, Roberto"
2021-catamarca-frente-de-todos-02,2021-catamarca-frente-de-todos,diputados-2021,Catamarca,HCDN2791,exact,2021-2025,2021-12-10,2025-12-09,Unión por la Patria,"Lopez Rodriguez, Dante"
2021-santiago-del-estero-frente-civico-por-santiago-03,2021-santiago-del-estero-frente-civico-por-santiago,diputados-2021,Santiago del Estero,HCDN2808,exact,2021-2025,2021-12-10,2025-12-09,Unión por la Patria,"Montoto, Maria Luisa"
2021-tierra-del-fuego-frente-de-todos-01,2021-tierra-del-fuego-frente-de-todos,diputados-2021,Tierra del Fuego,HCDN2856,exact,2021-2025,2021-12-10,2025-12-09,Unión por la Patria,"Yutrovic, Carolina"
2021-caba-frente-de-todos-02,2021-caba-frente-de-todos,diputados-2021,CABA,HCDN2860,exact,2021-2025,2021-12-10,2025-12-09,Unión por la Patria,"Marziotta, Gisela"
2021-caba-avanza-la-libertad-01,2021-caba-avanza-la-libertad,diputados-2021,CABA,HCDN2880,exact,2021-2025,2021-12-10,2023-11-29,La Libertad Avanza,"Milei, Javier Gerardo"
2021-buenos-aires-juntos-10,2021-buenos-aires-juntos,diputados-2021,Buenos Aires,HCDN2881,exact,2021-2025,2021-12-10,2025-12-09,Pro,"Besana, Gabriela"
2021-neuquen-movimiento-popular-neuquino-01,2021-neuquen-movimiento-popular-neuquino,diputados-2021,Neuquén,HCDN2882,exact,2021-2025,2021-12-10,2023-12-05,Movimiento Popular Neuquino,"Figueroa, Rolando"
2021-santiago-del-estero-frente-civico-por-santiago-01,2021-santiago-del-estero-frente-civico-por-santiago,diputados-2021,Santiago del Estero,HCDN2883,exact,2021-2025,2021-12-10,2021-12-12,Frente de Todos,"Sayago, Silvia"
2021-salta-frente-de-todos-01,2021-salta-frente-de-todos,diputados-2021,Salta,HCDN2884,exact,2021-2025,2021-12-10,2025-12-09,Unión por la Patria,"Estrada, Emiliano"
2021-chaco-frente-de-todos-02,2021-chaco-frente-de-todos,diputados-2021,Chaco,HCDN2885,exact,2021-2025,2021-12-10,2025-12-09,Unión por la Patria,"Chomiak, Maria Luisa"
2021-entre-rios-frente-de-todos-03,2021-entre-rios-frente-de-todos,diputados-2021,Entre Ríos,HCDN2886,exact,2021-2025,2021-12-10,2025-12-09,Unión por la Patria,"Ledesma, Tomas"
2021-tucuman-juntos-por-el-cambio-tucuman-01,2021-tucuman-juntos-por-el-cambio-tucuman,diputados-2021,Tucumán,HCDN2887,exact,2021-2025,2021-12-10,2025-12-09,Ucr - Unión Cívica Radical,"Sanchez, Roberto Antonio"
2021-santa-fe-juntos-por-el-cambio-04,2021-santa-fe-juntos-por-el-cambio,diputados-2021,Santa Fe,HCDN2888,exact,2021-2025,2021-12-10,2025-12-09,Pro,"Figueroa Casas, Germana"
2021-santa-fe-frente-de-todos-03,2021-santa-fe-frente-de-todos,diputados-2021,Santa Fe,HCDN2889,exact,2021-2025,2021-12-10,2025-12-09,Unión por la Patria,"Toniolli, Eduardo"
2021-santa-fe-frente-amplio-progresista-01,2021-santa-fe-frente-amplio-progresista,diputados-2021,Santa Fe,HCDN2891,exact,2021-2025,2021-12-10,2025-12-09,Encuentro Federal,"Fein, Monica"
2021-caba-frente-de-todos-01,2021-caba-frente-de-todos,diputados-2021,CABA,HCDN2892,exact,2021-2025,2021-12-10,2025-12-09,Unión por la Patria,"Santoro, Leandro"
2021-entre-rios-juntos-por-entre-rios-02,2021-entre-rios-juntos-por-entre-rios,diputados-2021,Entre Ríos,HCDN2893,exact,2021-2025,2021-12-10,2025-12-09,Democracia para Siempre,"Antola, Marcela"
2021-la-pampa-juntos-por-el-cambio-02,2021-la-pampa-juntos-por-el-cambio,diputados-2021,La Pampa,HCDN2894,exact,2021-2025,2021-12-10,2025-12-09,Democracia para Siempre,"Coli, Marcela"
2021-buenos-aires-juntos-06,2021-buenos-aires-juntos,diputados-2021,Buenos Aires,HCDN2895,exact,2021-2025,2021-12-10,2025-12-09,Democracia para Siempre,"Tavela, Danya"
2021-buenos-aires-frente-de-todos-pba-01,2021-buenos-aires-frente-de-todos-pba,diputados-2021,Buenos Aires,HCDN2896,exact,2021-2025,2021-12-10,2022-10-12,Frente de Todos,"Tolosa Paz, Victoria"
2021-entre-rios-juntos-por-entre-rios-03,2021-entre-rios-juntos-por-entre-rios,diputados-2021,Entre Ríos,HCDN2897,exact,2021-2025,2021-12-10,2024-09-09,Ucr - Unión Cívica Radical,"Galimberti, Pedro Jorge"
2021-caba-juntos-por-el-cambio-04,2021-caba-juntos-por-el-cambio,diputados-2021,CABA,HCDN2898,exact,2021-2025,2021-12-10,2025-12-09,Republicanos Unidos,"Lopez Murphy, Ricardo Hipolito"
2021-buenos-aires-frente-de-todos-pba-13,2021-buenos-aires-frente-de-todos-pba,diputados-2021,Buenos Aires,HCDN2899,exact,2021-2025,2021-12-10,2025-12-09,Unión por la Patria,"Vargas Matyi, Brenda"
2021-salta-juntos-por-el-cambio-01,2021-salta-juntos-por-el-cambio,diputados-2021,Salta,HCDN2900,exact,2021-2025,2021-12-10,2025-12-09,La Libertad Avanza,"Zapata, Carlos Raul"
2021-buenos-aires-avanza-libertad-01,2021-buenos-aires-avanza-libertad,diputados-2021,Buenos Aires,HCDN2901,exact,2021-2025,2021-12-10,2025-12-09,La Libertad Avanza,"Espert, Jose Luis"
2021-la-rioja-frente-de-todos-01,2021-la-rioja-frente-de-todos,diputados-2021,La Rioja,HCDN2902,exact,2021-2025,2021-12-10,2025-12-09,Unión por la Patria,"Pedrali, Gabriela"
2021-tucuman-frente-de-todos-tuc-02,2021-tucuman-frente-de-todos-tuc,diputados-2021,Tucumán,HCDN2903,exact,2021-2025,2021-12-10,2025-12-09,Independencia,"Fernandez, Agustin"
2021-buenos-aires-frente-de-todos-pba-04,2021-buenos-aires-frente-de-todos-pba,diputados-2021,Buenos Aires,HCDN2904,exact,2021-2025,2021-12-10,2025-12-09,Unión por la Patria,"Palazzo, Sergio Omar"
2021-buenos-aires-frente-de-todos-pba-05,2021-buenos-aires-frente-de-todos-pba,diputados-2021,Buenos Aires,HCDN2905,exact,2021-2025,2021-12-10,2025-12-09,Unión por la Patria,"Propato, Agustina Lucrecia"
2021-santa-fe-juntos-por-el-cambio-01,2021-santa-fe-juntos-por-el-cambio,diputados-2021,Santa Fe,HCDN2906,exact,2021-2025,2021-12-10,2025-12-09,Unidos,"Barletta, Mario"
2021-neuquen-frente-de-todos-01,2021-neuquen-frente-de-todos,diputados-2021,Neuquén,HCDN2907,exact,2021-2025,2021-12-10,2025-12-03,Unión por la Patria,"Bertoldi, Tanya"
2021-buenos-aires-juntos-03,2021-buenos-aires-juntos,diputados-2021,Buenos Aires,HCDN2908,exact,2021-2025,2021-12-10,2025-12-09,Democracia para Siempre,"Manes, Facundo"
2021-tucuman-juntos-por-el-cambio-tucuman-02,2021-tucuman-juntos-por-el-cambio-tucuman,diputados-2021,Tucumán,HCDN2909,exact,2021-2025,2021-12-10,2025-12-09,Creo,"Omodeo, Paula"
2021-cordoba-hacemos-por-cordoba-02,2021-cordoba-hacemos-por-cordoba,diputados-2021,Córdoba,HCDN2910,exact,2021-2025,2021-12-10,2025-12-09,Provincias Unidas,"Garcia Aresca, Ignacio"
2021-jujuy-frente-de-todos-01,2021-jujuy-frente-de-todos,diputados-2021,Jujuy,HCDN2911,exact,2021-2025,2021-12-10,2025-12-09,Unión por la Patria,"Chaher, Leila"
2021-chubut-frente-de-todos-01,2021-chubut-frente-de-todos,diputados-2021,Chubut,HCDN2912,exact,2021-2025,2021-12-10,2025-12-09,Unión por la Patria,"Alianiello, Eugenia"
2021-buenos-aires-juntos-14,2021-buenos-aires-juntos,diputados-2021,Buenos Aires,HCDN2913,exact,2021-2025,2021-12-10,2025-12-09,Coalicion Civica,"Borrego, Victoria"
2021-buenos-aires-juntos-08,2021-buenos-aires-juntos,diputados-2021,Buenos Aires,HCDN2914,exact,2021-2025,2021-12-10,2025-12-09,Pro,"Sotolano, Maria"
2021-buenos-aires-frente-de-todos-pba-10,2021-buenos-aires-frente-de-todos-pba,diputados-2021,Buenos Aires,HCDN2915,exact,2021-2025,2021-12-10,2025-12-09,Unión por la Patria,"Pereyra, Julio"
2021-caba-juntos-por-el-cambio-07,2021-caba-juntos-por-el-cambio,diputados-2021,CABA,HCDN2916,exact,2021-2025,2021-12-10,2025-12-09,La Libertad Avanza,"Ajmechet, Sabrina"
2021-mendoza-frente-de-todos-distrito-mendoza-01,2021-mendoza-frente-de-todos-distrito-mendoza,diputados-2021,Mendoza,HCDN2917,exact,2021-2025,2021-12-10,2025-12-09,Unión por la Patria,"Bermejo, Adolfo"
2021-san-luis-fuerza-san-luis-01,2021-san-luis-fuerza-san-luis,diputados-2021,San Luis,HCDN2918,exact,2021-2025,2021-12-10,2021-12-20,Frente de Todos,"Zangla, Maria Jose"
2021-santa-fe-juntos-por-el-cambio-05,2021-santa-fe-juntos-por-el-cambio,diputados-2021,Santa Fe,HCDN2919,exact,2021-2025,2021-12-10,2025-12-09,Futuro y Libertad,"Chumpitaz, Gabriel Felipe"
2021-santa-fe-juntos-por-el-cambio-02,2021-santa-fe-juntos-por-el-cambio,diputados-2021,Santa Fe,HCDN2920,exact,2021-2025,2021-12-10,2023-11-28,Evolucion Radical,"Tejeda, Maria Victoria"
2021-san-juan-frente-de-todos-san-juan-02,2021-san-juan-frente-de-todos-san-juan,diputados-2021,San Juan,HCDN2921,exact,2021-2025,2021-12-10,2025-12-09,Unión por la Patria,"Aubone, Ana Fabiola"
2021-mendoza-frente-de-todos-distrito-mendoza-02,2021-mendoza-frente-de-todos-distrito-mendoza,diputados-2021,Mendoza,HCDN2922,exact,2021-2025,2021-12-10,2025-12-09,Unión por la Patria,"Paponet, Liliana"
2021-formosa-juntos-por-formosa-libre-01,2021-formosa-juntos-por-formosa-libre,diputados-2021,Formosa,HCDN2923,exact,2021-2025,2021-12-10,2025-12-09,Democracia para Siempre,"Carbajal, Fernando"
2021-rio-negro-juntos-por-el-cambio-01,2021-rio-negro-juntos-por-el-cambio,diputados-2021,Río Negro,HCDN2924,exact,2021-2025,2021-12-10,2025-12-09,La Libertad Avanza,"Tortoriello, Anibal"
2021-buenos-aires-juntos-12,2021-buenos-aires-juntos,diputados-2021,Buenos Aires,HCDN2925,exact,2021-2025,2021-12-10,2025-12-09,Encuentro Federal,"Stolbizer, Margarita"
2021-buenos-aires-frente-de-todos-pba-02,2021-buenos-aires-frente-de-todos-pba,diputados-2021,Buenos Aires,HCDN2926,exact,2021-2025,2021-12-10,2025-12-09,Unión por la Patria,"Gollan, Daniel"
2021-catamarca-juntos-por-el-cambio-01,2021-catamarca-juntos-por-el-cambio,diputados-2021,Catamarca,HCDN2927,exact,2021-2025,2021-12-10,2025-12-09,Liga del Interior Eli,"Monti, Francisco"
2021-cordoba-hacemos-por-cordoba-01,2021-cordoba-hacemos-por-cordoba,diputados-2021,Córdoba,HCDN2928,exact,2021-2025,2021-12-10,2025-12-09,Defendamos Córdoba,"De la Sota, Natalia"
2021-chaco-chaco-cambia-juntos-por-el-cambio-01,2021-chaco-chaco-cambia-juntos-por-el-cambio,diputados-2021,Chaco,HCDN2929,exact,2021-2025,2021-12-10,2025-12-09,Democracia para Siempre,"Polini, Juan Carlos"
2021-neuquen-cambia-neuquen-01,2021-neuquen-cambia-neuquen,diputados-2021,Neuquén,HCDN2930,exact,2021-2025,2021-12-10,2025-12-09,Liga del Interior Eli,"Cervi, Pablo"
2021-tucuman-frente-de-todos-tuc-01,2021-tucuman-frente-de-todos-tuc,diputados-2021,Tucumán,HCDN2931,exact,2021-2025,2021-12-10,2023-10-27,Frente de Todos,"Chahla, Rossana"
2021-jujuy-cambia-jujuy-01,2021-jujuy-cambia-jujuy,diputados-2021,Jujuy,HCDN2932,exact,2021-2025,2021-12-10,2023-06-02,Ucr,"Bouhid, Gustavo"
2021-caba-avanza-la-libertad-02,2021-caba-avanza-la-libertad,diputados-2021,CABA,HCDN2933,exact,2021-2025,2021-12-10,2023-12-04,La Libertad Avanza,"Villarruel, Victoria"
2021-misiones-frente-juntos-por-el-cambio-01,2021-misiones-frente-juntos-por-el-cambio,diputados-2021,Misiones,HCDN2934,exact,2021-2025,2021-12-10,2025-12-09,Liga del Interior Eli,"Arjol, Martin"
2021-jujuy-frente-de-izquierda-y-de-trabajadores-unidad-01,2021-jujuy-frente-de-izquierda-y-de-trabajadores-unidad,diputados-2021,Jujuy,HCDN2935,exact,2021-2025,2021-12-10,2025-12-09,Pts-Frente de Izquierda Unidad,"Vilca, Alejandro"
2021-buenos-aires-frente-de-todos-pba-11,2021-buenos-aires-frente-de-todos-pba,diputados-2021,Buenos Aires,HCDN2936,exact,2021-2025,2021-12-10,2025-12-09,Unión por la Patria,"Litza, Monica"
2021-buenos-aires-frente-de-todos-pba-09,2021-buenos-aires-frente-de-todos-pba,diputados-2021,Buenos Aires,HCDN2937,exact,2021-2025,2021-12-10,2025-12-09,Unión por la Patria,"Alonso, Constanza Maria"
2021-mendoza-cambia-mendoza-distrito-mendoza-03,2021-mendoza-cambia-mendoza-distrito-mendoza,diputados-2021,Mendoza,HCDN2938,exact,2021-2025,2021-12-10,2025-12-09,La Libertad Avanza,"Martinez, Alvaro"
2021-cordoba-juntos-por-el-cambio-05,2021-cordoba-juntos-por-el-cambio,diputados-2021,Córdoba,HCDN2939,exact,2021-2025,2021-12-10,2023-08-14,Pro,"Santos, Gustavo"
2021-buenos-aires-avanza-libertad-02,2021-buenos-aires-avanza-libertad,diputados-2021,Buenos Aires,HCDN2940,exact,2021-2025,2021-12-10,2025-12-01,La Libertad Avanza,"Piparo, Carolina"
2021-misiones-frente-juntos-por-el-cambio-02,2021-misiones-frente-juntos-por-el-cambio,diputados-2021,Misiones,HCDN2941,exact,2021-2025,2021-12-10,2025-12-09,La Libertad Avanza,"Klipauka Lewtak, Florencia"
2021-cordoba-juntos-por-el-cambio-01,2021-cordoba-juntos-por-el-cambio,diputados-2021,Córdoba,HCDN2942,exact,2021-2025,2021-12-10,2025-12-09,Ucr - Unión Cívica Radical,"De Loredo, Rodrigo"
2021-caba-juntos-por-el-cambio-02,2021-caba-juntos-por-el-cambio,diputados-2021,CABA,HCDN2943,exact,2021-2025,2021-12-10,2025-12-09,Ucr - Unión Cívica Radical,"Tetaz, Martin Alberto"
2021-la-pampa-frente-de-todos-01,2021-la-pampa-frente-de-todos,diputados-2021,La Pampa,HCDN2944,exact,2021-2025,2021-12-10,2025-12-09,Unión por la Patria,"Marin, Varinia Lis"
2021-chaco-chaco-cambia-juntos-por-el-cambio-02,2021-chaco-chaco-cambia-juntos-por-el-cambio,diputados-2021,Chaco,HCDN2945,exact,2021-2025,2021-12-10,2025-12-09,Pro,"Quiroz, Marilu"
2021-salta-frente-de-todos-02,2021-salta-frente-de-todos,diputados-2021,Salta,HCDN2946,exact,2021-2025,2021-12-10,2025-12-09,Innovación Federal,"Calletti, Pamela"
2021-san-luis-unidos-por-san-luis-02,2021-san-luis-unidos-por-san-luis,diputados-2021,San Luis,HCDN2947,exact,2021-2025,2021-12-10,2025-12-09,Pro,"Bachey, Karina Ethel"
2021-santa-fe-frente-de-todos-02,2021-santa-fe-frente-de-todos,diputados-2021,Santa Fe,HCDN2948,exact,2021-2025,2021-12-10,2025-12-09,Unión por la Patria,"Mastaler, Magali"
2021-la-rioja-frente-de-todos-02,2021-la-rioja-frente-de-todos,diputados-2021,La Rioja,HCDN2949,exact,2021-2025,2021-12-10,2025-12-09,Unión por la Patria,"Herrera, Ricardo"
2021-buenos-aires-frente-de-todos-pba-14,2021-buenos-aires-frente-de-todos-pba,diputados-2021,Buenos Aires,HCDN2950,exact,2021-2025,2021-12-10,2025-12-09,Unión por la Patria,"Iparraguirre, Rogelio"
2021-buenos-aires-juntos-01,2021-buenos-aires-juntos,diputados-2021,Buenos Aires,HCDN2951,exact,2021-2025,2021-12-10,2025-11-07,Pro,"Santilli, Diego"
2021-chubut-juntos-por-el-cambio-chubut-01,2021-chubut-juntos-por-el-cambio-chubut,diputados-2021,Chubut,HCDN2952,exact,2021-2025,2021-12-10,2025-12-09,Pro,"Romero, Ana Clara"
2021-caba-juntos-por-el-cambio-01,2021-caba-juntos-por-el-cambio,diputados-2021,CABA,HCDN2953,exact,2021-2025,2021-12-10,2025-12-09,Pro,"Vidal, Maria Eugenia"
2021-rio-negro-juntos-somos-rio-negro-01,2021-rio-negro-juntos-somos-rio-negro,diputados-2021,Río Negro,HCDN2954,exact,2021-2025,2021-12-10,2025-12-09,Innovación Federal,"Domingo, Agustin"
2021-buenos-aires-juntos-13,2021-buenos-aires-juntos,diputados-2021,Buenos Aires,HCDN2955,exact,2021-2025,2021-12-10,2025-12-09,Pro,"Finocchiaro, Alejandro"
2021-cordoba-juntos-por-el-cambio-06,2021-cordoba-juntos-por-el-cambio,diputados-2021,Córdoba,HCDN2956,exact,2021-2025,2021-12-10,2025-12-09,Ucr - Unión Cívica Radical,"Brouwer de Koning, Gabriela"
2021-santa-cruz-somos-energia-para-renovar-santa-cruz-ser-01,2021-santa-cruz-somos-energia-para-renovar-santa-cruz-ser,diputados-2021,Santa Cruz,HCDN2957,exact,2021-2025,2021-12-10,2023-12-07,Ser - Somos Energia para Renovar,"Vidal, Claudio Orlando"
2021-san-juan-juntos-por-el-cambio-san-juan-01,2021-san-juan-juntos-por-el-cambio-san-juan,diputados-2021,San Juan,HCDN2958,exact,2021-2025,2021-12-10,2023-12-09,Produccion y Trabajo,"Laciar, Susana Alicia"
2021-corrientes-eco-vamos-corrientes-01,2021-corrientes-eco-vamos-corrientes,diputados-2021,Corrientes,HCDN2959,exact,2021-2025,2021-12-10,2025-12-09,Democracia para Siempre,"Aguirre, Manuel Ignacio"
2021-santa-cruz-frente-de-todos-01,2021-santa-cruz-frente-de-todos,diputados-2021,Santa Cruz,HCDN2979,exact,2021-2025,2021-12-10,2025-12-09,Unión por la Patria,"Gonzalez, Gustavo Carlos Miguel"
2021-santiago-del-estero-frente-civico-por-santiago-s-02,2021-santiago-del-estero-frente-civico-por-santiago,diputados-2021,Santiago del Estero,HCDN2980,exact,2021-2025,2021-12-10,2025-12-09,Unión por la Patria,"Moyano, Nilda"
2021-misiones-frente-renovador-de-la-concordia-social-01,2021-misiones-frente-renovador-de-la-concordia-social,diputados-2021,Misiones,HCDN2985,exact,2021-2025,2021-12-10,2025-12-09,Innovación Federal,"Fernandez, Carlos Alberto"
2021-san-luis-fuerza-san-luis-03,2021-san-luis-fuerza-san-luis,diputados-2021,San Luis,HCDN2986,exact,2021-2025,2021-12-10,2025-12-09,Unión por la Patria,"Zabala Chacur, Natalia"
2021-buenos-aires-frente-de-todos-pba-17,2021-buenos-aires-frente-de-todos-pba,diputados-2021,Buenos Aires,HCDN3008,exact,2021-2025,2021-12-10,2025-12-09,Unión por la Patria,"Moran, Micaela"
2021-jujuy-cambia-jujuy-02,2021-jujuy-cambia-jujuy,diputados-2021,Jujuy,HCDN3016,exact,2021-2025,2021-12-10,2025-12-09,Ucr - Unión Cívica Radical,"Sarapura, Natalia Silvina"
2021-cordoba-juntos-por-el-cambio-07,2021-cordoba-juntos-por-el-cambio,diputados-2021,Córdoba,HCDN3018,exact,2021-2025,2021-12-10,2025-12-09,Encuentro Federal,"Agost Carreño, Oscar"
2021-tucuman-frente-de-todos-tuc-03,2021-tucuman-frente-de-todos-tuc,diputados-2021,Tucumán,HCDN3020,exact,2021-2025,2021-12-10,2025-12-09,Independencia,"Fernandez, Elia Marina"
2021-san-luis-unidos-por-san-luis-s-02,2021-san-luis-unidos-por-san-luis,diputados-2021,San Luis,HCDN3022,exact,2021-2025,2021-12-10,2025-12-09,La Libertad Avanza,"Arancibia Rodriguez, Alberto Gustavo"
2021-caba-avanza-la-libertad-04,2021-caba-avanza-la-libertad,diputados-2021,CABA,HCDN3023,exact,2021-2025,2021-12-10,2025-12-09,La Libertad Avanza,"Araujo, Maria Fernanda"
2021-caba-avanza-la-libertad-03,2021-caba-avanza-la-libertad,diputados-2021,CABA,HCDN3024,exact,2021-2025,2021-12-10,2025-12-09,La Libertad Avanza,"Emma, Nicolas"
2021-neuquen-movimiento-popular-neuquino-03,2021-neuquen-movimiento-popular-neuquino,diputados-2021,Neuquén,HCDN3025,exact,2021-2025,2021-12-10,2025-12-09,Movimiento Popular Neuquino,"Llancafilo, Osvaldo"
2021-santa-fe-juntos-por-el-cambio-08,2021-santa-fe-juntos-por-el-cambio,diputados-2021,Santa Fe,HCDN3026,exact,2021-2025,2021-12-10,2025-12-09,Democracia para Siempre,"Giorgi, Melina"
2021-buenos-aires-juntos-16,2021-buenos-aires-juntos,diputados-2021,Buenos Aires,HCDN3101,exact,2021-2025,2021-12-10,2025-12-09,Pro,"De Sensi, Maria Florencia"
2021-san-juan-juntos-por-el-cambio-san-juan-s-02,2021-san-juan-juntos-por-el-cambio-san-juan,diputados-2021,San Juan,HCDN3104,exact,2021-2025,2021-12-10,2025-12-09,Produccion y Trabajo,"Moreno, Maria de los Angeles"
2021-caba-frente-de-izquierda-y-de-trabajadores-unidad-03,2021-caba-frente-de-izquierda-y-de-trabajadores-unidad,diputados-2021,CABA,HCDN3141,exact,2021-2025,2021-12-10,2025-07-02,Partido Obrero -Frente de Izquierda y de Trabajadores -Unida,"Biasi, Vanina"
2021-entre-rios-juntos-por-entre-rios-04,2021-entre-rios-juntos-por-entre-rios,diputados-2021,Entre Ríos,HCDN3143,exact,2021-2025,2021-12-10,2025-12-09,Pro,"Ballejos, Nancy"
2021-tierra-del-fuego-juntos-por-el-cambio-tierra-del-fuego-s-01,2021-tierra-del-fuego-juntos-por-el-cambio-tierra-del-fuego,diputados-2021,Tierra del Fuego,HCDN3146,exact,2021-2025,2021-12-10,2025-12-09,Somos Fueguinos,"Garramuño, Ricardo"
2021-buenos-aires-juntos-17,2021-buenos-aires-juntos,diputados-2021,Buenos Aires,HCDN3148,exact,2021-2025,2021-12-10,2025-12-09,Pro,"Sanchez Wrba, Javier"
2021-buenos-aires-frente-de-izquierda-y-de-trabajadores-06,2021-buenos-aires-frente-de-izquierda-y-de-trabajadores,diputados-2021,Buenos Aires,HCDN3149,exact,2021-2025,2021-12-10,2025-12-09,Mst - Frente de Izquierda y Trabajadores Unidad,"Ripoll, Vilma"
2021-caba-frente-de-izquierda-y-de-trabajadores-unidad-05,2021-caba-frente-de-izquierda-y-de-trabajadores-unidad,diputados-2021,CABA,HCDN3150,exact,2021-2025,2021-12-10,2025-12-09,Izquierda Socialista Fit-Unidad,"De Mendieta, Mercedes"
2021-santa-cruz-somos-energia-para-renovar-santa-cruz-ser-s-02,2021-santa-cruz-somos-energia-para-renovar-santa-cruz-ser,diputados-2021,Santa Cruz,HCDN3151,fuzzy,2021-2025,2021-12-10,2025-12-09,Por Santa Cruz,"Prades, C. Facundo"
2023-la-rioja-union-por-la-patria-02,2023-la-rioja-union-por-la-patria,diputados-2023,La Rioja,HCDN0972,exact,2023-2027,2023-12-10,2027-12-09,UNIÓN POR LA PATRIA,"Aguirre, Hilda"
2023-san-luis-union-por-san-luis-01,2023-san-luis-union-por-san-luis,diputados-2023,San Luis,HCDN3140,fuzzy,2023-2027,2024-01-31,2027-12-09,UNIÓN POR LA PATRIA,"Alí, Ernesto Pipi"
2023-corrientes-la-libertad-avanza-01,2023-corrientes-la-libertad-avanza,diputados-2023,Corrientes,HCDN3029,exact,2023-2027,2023-12-10,2027-12-09,LA LIBERTAD AVANZA,"Almirón, Lisandro"
2023-san-luis-la-libertad-avanza-san-luis-s-01,2023-san-luis-la-libertad-avanza-san-luis,diputados-2023,San Luis,HCDN3178,exact,2023-2027,2025-12-10,2027-12-09,INNOVACIÓN FEDERAL,"Álvarez, Claudio"
2023-caba-union-por-la-patria-06,2023-caba-union-por-la-patria,diputados-2023,CABA,HCDN3226,exact,2023-2027,2025-12-10,2027-12-09,UNIÓN POR LA PATRIA,"Andrade, Javier"
2023-buenos-aires-la-libertad-avanza-05,2023-buenos-aires-la-libertad-avanza,diputados-2023,Buenos Aires,HCDN2354,exact,2023-2027,2023-12-10,2027-12-09,LA LIBERTAD AVANZA,"Ansaloni, Pablo"
2023-caba-juntos-por-el-cambio-05,2023-caba-juntos-por-el-cambio,diputados-2023,CABA,HCDN3032,exact,2023-2027,2023-12-10,2027-12-09,LA LIBERTAD AVANZA,"Arabia, Damián"
2023-tierra-del-fuego-union-por-la-patria-02,2023-tierra-del-fuego-union-por-la-patria,diputados-2023,Tierra del Fuego,HCDN3047,exact,2023-2027,2023-12-10,2027-12-09,UNIÓN POR LA PATRIA,"Araujo Hernández, Jorge Neri"
2023-la-pampa-juntos-por-el-cambio-01,2023-la-pampa-juntos-por-el-cambio,diputados-2023,La Pampa,HCDN3049,exact,2023-2027,2023-12-10,2027-12-09,PRO,"Ardohain, Martín"
2023-mendoza-la-libertad-avanza-03,2023-mendoza-la-libertad-avanza,diputados-2023,Mendoza,HCDN3059,exact,2023-2027,2023-12-10,2027-12-09,PROVINCIAS UNIDAS,"Arrieta, Lourdes Micaela"
2023-misiones-frente-renovador-de-la-concordia-innovacion-federal-mnes-03,2023-misiones-frente-renovador-de-la-concordia-innovacion-federal-mnes,diputados-2023,Misiones,HCDN3030,exact,2023-2027,2023-12-10,2027-12-09,INNOVACIÓN FEDERAL,"Arrúa, Alberto"
2023-mendoza-union-por-la-patria-01,2023-mendoza-union-por-la-patria,diputados-2023,Mendoza,HCDN3028,exact,2023-2027,2023-12-10,2027-12-09,UNIÓN POR LA PATRIA,"Aveiro, Martín"
2023-cordoba-juntos-por-el-cambio-02,2023-cordoba-juntos-por-el-cambio,diputados-2023,Córdoba,HCDN3058,exact,2023-2027,2023-12-10,2027-12-09,LA LIBERTAD AVANZA,"Avico, Belén"
2023-catamarca-union-por-la-patria-02,2023-catamarca-union-por-la-patria,diputados-2023,Catamarca,HCDN3052,exact,2023-2027,2023-12-10,2027-12-09,ELIJO CATAMARCA,"Avila, Fernanda"
2023-chubut-juntos-por-el-cambio-chubut-01,2023-chubut-juntos-por-el-cambio-chubut,diputados-2023,Chubut,HCDN3094,exact,2023-2027,2023-12-10,2027-12-09,PROVINCIAS UNIDAS,"Avila, Jorge Antonio"
2023-buenos-aires-juntos-por-el-cambio-02,2023-buenos-aires-juntos-por-el-cambio,diputados-2023,Buenos Aires,HCDN1447,exact,2023-2027,2023-12-10,2027-12-09,ADELANTE BUENOS AIRES,"Banfi, Karina"
2023-formosa-union-por-la-patria-02,2023-formosa-union-por-la-patria,diputados-2023,Formosa,HCDN1240,exact,2023-2027,2023-12-10,2027-12-09,UNIÓN POR LA PATRIA,"Basterra, Luis Eugenio"
2023-entre-rios-la-libertad-avanza-01,2023-entre-rios-la-libertad-avanza,diputados-2023,Entre Ríos,HCDN3111,exact,2023-2027,2023-12-10,2027-12-09,LA LIBERTAD AVANZA,"Benedit, Beltrán"
2023-buenos-aires-la-libertad-avanza-01,2023-buenos-aires-la-libertad-avanza,diputados-2023,Buenos Aires,HCDN3064,fuzzy,2023-2027,2023-12-10,2027-12-09,LA LIBERTAD AVANZA,"Benegas Lynch, Bertie"
2023-misiones-juntos-por-el-cambio-mnes-01,2023-misiones-juntos-por-el-cambio-mnes,diputados-2023,Misiones,HCDN3079,exact,2023-2027,2023-12-10,2027-12-09,PRO,"Bianchetti, Emmanuel"
2023-santa-fe-la-libertad-avanza-03,2023-santa-fe-la-libertad-avanza,diputados-2023,Santa Fe,HCDN3088,exact,2023-2027,2023-12-10,2027-12-09,LA LIBERTAD AVANZA,"Bonacci, Rocío"
2023-santa-fe-juntos-por-el-cambio-03,2023-santa-fe-juntos-por-el-cambio,diputados-2023,Santa Fe,HCDN3048,exact,2023-2027,2023-12-10,2027-12-09,LA LIBERTAD AVANZA,"Bongiovanni, Alejandro"
2023-entre-rios-mas-para-entre-rios-01,2023-entre-rios-mas-para-entre-rios,diputados-2023,Entre Ríos,HCDN3035,exact,2023-2027,2023-12-10,2027-12-09,UNIÓN POR LA PATRIA,"Bordet, Gustavo"
2023-cordoba-la-libertad-avanza-02,2023-cordoba-la-libertad-avanza,diputados-2023,Córdoba,HCDN3042,exact,2023-2027,2023-12-10,2027-12-09,LA LIBERTAD AVANZA,"Bornoroni, Gabriel"
2023-cordoba-hacemos-por-nuestro-pais-03,2023-cordoba-hacemos-por-nuestro-pais,diputados-2023,Córdoba,HCDN1577,exact,2023-2027,2023-12-10,2027-12-09,PROVINCIAS UNIDAS,"Brügge, Juan Fernando"
2023-salta-ahora-patria-03,2023-salta-ahora-patria,diputados-2023,Salta,HCDN3190,exact,2023-2027,2025-12-10,2027-12-09,LA LIBERTAD AVANZA,"Bruno, Eliana"
2023-buenos-aires-union-por-la-patria-05,2023-buenos-aires-union-por-la-patria,diputados-2023,Buenos Aires,HCDN2831,exact,2023-2027,2023-12-10,2027-12-09,UNIÓN POR LA PATRIA,"Cafiero, Santiago"
2023-tucuman-juntos-por-el-cambio-01,2023-tucuman-juntos-por-el-cambio,diputados-2023,Tucumán,HCDN3044,exact,2023-2027,2023-12-10,2027-12-09,LA LIBERTAD AVANZA,"Campero, Mariano"
2023-santiago-del-estero-frente-civico-por-santiago-04,2023-santiago-del-estero-frente-civico-por-santiago,diputados-2023,Santiago del Estero,HCDN3093,exact,2023-2027,2023-12-10,2027-12-09,UNIÓN POR LA PATRIA,"Campitelli, Celia"
2023-rio-negro-juntos-por-el-cambio-01,2023-rio-negro-juntos-por-el-cambio,diputados-2023,Río Negro,HCDN3080,exact,2023-2027,2023-12-10,2027-12-09,PROVINCIAS UNIDAS,"Capozzi, Sergio Eduardo"
2023-santa-fe-union-por-la-patria-02,2023-santa-fe-union-por-la-patria,diputados-2023,Santa Fe,HCDN3090,exact,2023-2027,2023-12-10,2027-12-09,UNIÓN POR LA PATRIA,"Carignano, Florencia"
2023-la-rioja-union-por-la-patria-01,2023-la-rioja-union-por-la-patria,diputados-2023,La Rioja,HCDN2780,exact,2023-2027,2023-12-10,2027-12-09,UNIÓN POR LA PATRIA,"Casas, Sergio Guillermo"
2023-buenos-aires-union-por-la-patria-09,2023-buenos-aires-union-por-la-patria,diputados-2023,Buenos Aires,HCDN1454,exact,2023-2027,2023-12-10,2027-12-09,UNIÓN POR LA PATRIA,"Castagneto, Carlos Daniel"
2023-san-juan-frente-union-por-la-patria-san-juan-01,2023-san-juan-frente-union-por-la-patria-san-juan,diputados-2023,San Juan,HCDN3085,exact,2023-2027,2023-12-10,2027-12-09,UNIÓN POR LA PATRIA,"Chica, Jorge"
2023-chaco-juntos-por-el-cambio-01,2023-chaco-juntos-por-el-cambio,diputados-2023,Chaco,HCDN2803,exact,2023-2027,2023-12-10,2027-12-09,UCR - UNIÓN CÍVICA RADICAL,"Cipolini, Gerardo"
2023-tucuman-frente-union-por-la-patria-03,2023-tucuman-frente-union-por-la-patria,diputados-2023,Tucumán,HCDN2765,exact,2023-2027,2023-12-10,2027-12-09,UNIÓN POR LA PATRIA,"Cisneros, Carlos"
2023-caba-juntos-por-el-cambio-06,2023-caba-juntos-por-el-cambio,diputados-2023,CABA,HCDN3034,exact,2023-2027,2023-12-10,2027-12-09,PROVINCIAS UNIDAS,"Coletta, Mariela"
2023-mendoza-la-libertad-avanza-02,2023-mendoza-la-libertad-avanza,diputados-2023,Mendoza,HCDN3072,exact,2023-2027,2023-12-10,2027-12-09,LA LIBERTAD AVANZA,"Correa Llano, Facundo"
2023-santiago-del-estero-frente-civico-por-santiago-01,2023-santiago-del-estero-frente-civico-por-santiago,diputados-2023,Santiago del Estero,HCDN2822,exact,2023-2027,2023-12-10,2027-12-09,UNIÓN POR LA PATRIA,"Daives, Ricardo"
2023-santa-fe-la-libertad-avanza-01,2023-santa-fe-la-libertad-avanza,diputados-2023,Santa Fe,HCDN3041,exact,2023-2027,2023-12-10,2027-12-09,LA LIBERTAD AVANZA,"Diez, Romina"
2023-cordoba-union-por-la-patria-01,2023-cordoba-union-por-la-patria,diputados-2023,Córdoba,HCDN1514,exact,2023-2027,2023-12-10,2027-12-09,UNIÓN POR LA PATRIA,"Estévez, Gabriela Beatriz"
2023-buenos-aires-la-libertad-avanza-07,2023-buenos-aires-la-libertad-avanza,diputados-2023,Buenos Aires,HCDN3089,exact,2023-2027,2023-12-10,2027-12-09,MID - MOVIMIENTO DE INTEGRACIÓN Y DESARROLLO,"Falcone, Eduardo"
2023-tucuman-frente-union-por-la-patria-04,2023-tucuman-frente-union-por-la-patria,diputados-2023,Tucumán,HCDN3020,exact,2023-2027,2025-12-10,2027-12-09,INDEPENDENCIA,"Fernández, Elia Marina"
2023-caba-juntos-por-el-cambio-02,2023-caba-juntos-por-el-cambio,diputados-2023,CABA,HCDN3057,exact,2023-2027,2023-12-10,2027-12-09,PRO,"Fernández Molero, Daiana"
2023-caba-juntos-por-el-cambio-03,2023-caba-juntos-por-el-cambio,diputados-2023,CABA,HCDN2787,exact,2023-2027,2023-12-10,2027-12-09,COALICION CIVICA,"Ferraro, Maximiliano"
2023-caba-la-libertad-avanza-05,2023-caba-la-libertad-avanza,diputados-2023,CABA,HCDN3139,exact,2023-2027,2024-01-31,2027-12-09,LA LIBERTAD AVANZA,"Ferreyra, Alida"
2023-buenos-aires-juntos-por-el-cambio-08,2023-buenos-aires-juntos-por-el-cambio,diputados-2023,Buenos Aires,HCDN2810,exact,2023-2027,2023-12-10,2027-12-09,COALICION CIVICA,"Frade, Mónica"
2023-tierra-del-fuego-union-por-la-patria-01,2023-tierra-del-fuego-union-por-la-patria,diputados-2023,Tierra del Fuego,HCDN3087,exact,2023-2027,2023-12-10,2027-12-09,UNIÓN POR LA PATRIA,"Freites, Andrea"
2023-chaco-la-libertad-avanza-01,2023-chaco-la-libertad-avanza,diputados-2023,Chaco,HCDN3106,exact,2023-2027,2023-12-10,2027-12-09,LA LIBERTAD AVANZA,"García, Carlos"
2023-santa-cruz-por-santa-cruz-01,2023-santa-cruz-por-santa-cruz,diputados-2023,Santa Cruz,HCDN3099,exact,2023-2027,2023-12-10,2027-12-09,POR SANTA CRUZ,"Garrido, José Luis"
2023-caba-juntos-por-el-cambio-04,2023-caba-juntos-por-el-cambio,diputados-2023,CABA,HCDN3043,exact,2023-2027,2023-12-10,2027-12-09,LA LIBERTAD AVANZA,"Giudici, Silvana"
2023-santa-fe-union-por-la-patria-03,2023-santa-fe-union-por-la-patria,diputados-2023,Santa Fe,HCDN3074,fuzzy,2023-2027,2023-12-10,2027-12-09,UNIÓN POR LA PATRIA,"Giuliano, Diego A."
2023-chubut-union-por-la-patria-01,2023-chubut-union-por-la-patria,diputados-2023,Chubut,HCDN3053,exact,2023-2027,2023-12-10,2027-12-09,UNIÓN POR LA PATRIA,"Glinski, José"
2023-santiago-del-estero-frente-civico-por-santiago-03,2023-santiago-del-estero-frente-civico-por-santiago,diputados-2023,Santiago del Estero,HCDN3062,exact,2023-2027,2023-12-10,2027-12-09,UNIÓN POR LA PATRIA,"Gomez, José"
2023-caba-juntos-por-el-cambio-07,2023-caba-juntos-por-el-cambio,diputados-2023,CABA,HCDN1466,exact,2023-2027,2023-12-10,2027-12-09,PRO,"González, Álvaro"
2023-formosa-la-libertad-avanza-01,2023-formosa-la-libertad-avanza,diputados-2023,Formosa,HCDN3055,exact,2023-2027,2023-12-10,2027-12-09,INNOVACIÓN FEDERAL,"González, Gerardo Gustavo"
2023-cordoba-hacemos-por-nuestro-pais-01,2023-cordoba-hacemos-por-nuestro-pais,diputados-2023,Córdoba,HCDN2768,exact,2023-2027,2023-12-10,2027-12-09,PROVINCIAS UNIDAS,"Gutiérrez, Carlos"
2023-buenos-aires-union-por-la-patria-13,2023-buenos-aires-union-por-la-patria,diputados-2023,Buenos Aires,HCDN2775,exact,2023-2027,2023-12-10,2027-12-09,UNIÓN POR LA PATRIA,"Gutiérrez, Ramiro"
2023-tucuman-fuerza-republicana-03,2023-tucuman-fuerza-republicana,diputados-2023,Tucumán,HCDN3098,exact,2023-2027,2023-12-10,2027-12-09,LA LIBERTAD AVANZA,"Huesen, Gerardo"
2023-santa-cruz-union-por-la-patria-01,2023-santa-cruz-union-por-la-patria,diputados-2023,Santa Cruz,HCDN1272,exact,2023-2027,2023-12-10,2027-12-09,UNIÓN POR LA PATRIA,"Ianni, Ana María"
2023-cordoba-la-libertad-avanza-03,2023-cordoba-la-libertad-avanza,diputados-2023,Córdoba,HCDN3092,exact,2023-2027,2023-12-10,2027-12-09,LA LIBERTAD AVANZA,"Ibañez, María Cecilia"
2023-buenos-aires-juntos-por-el-cambio-07,2023-buenos-aires-juntos-por-el-cambio,diputados-2023,Buenos Aires,HCDN3068,exact,2023-2027,2023-12-10,2027-12-09,PROVINCIAS UNIDAS,"Juliano, Pablo"
2023-buenos-aires-union-por-la-patria-01,2023-buenos-aires-union-por-la-patria,diputados-2023,Buenos Aires,HCDN1489,exact,2023-2027,2023-12-10,2027-12-09,UNIÓN POR LA PATRIA,"Kirchner, Máximo Carlos"
2023-chaco-union-por-la-patria-01,2023-chaco-union-por-la-patria,diputados-2023,Chaco,HCDN2799,exact,2023-2027,2023-12-10,2027-12-09,UNIÓN POR LA PATRIA,"Leiva, Aldo"
2023-buenos-aires-la-libertad-avanza-08,2023-buenos-aires-la-libertad-avanza,diputados-2023,Buenos Aires,HCDN3084,exact,2023-2027,2023-12-10,2027-12-09,LA LIBERTAD AVANZA,"Lemoine, Lilia"
2023-mendoza-la-libertad-avanza-01,2023-mendoza-la-libertad-avanza,diputados-2023,Mendoza,HCDN3070,exact,2023-2027,2023-12-10,2027-12-09,LA LIBERTAD AVANZA,"Llano, Mercedes"
2023-buenos-aires-la-libertad-avanza-04,2023-buenos-aires-la-libertad-avanza,diputados-2023,Buenos Aires,HCDN3075,exact,2023-2027,2023-12-10,2027-12-09,LA LIBERTAD AVANZA,"Macyszyn, Lorena"
2023-rio-negro-union-por-la-patria-03,2023-rio-negro-union-por-la-patria,diputados-2023,Río Negro,HCDN3206,exact,2023-2027,2025-12-10,2027-12-09,UNIÓN POR LA PATRIA,"Mango, Marcelo"
2023-buenos-aires-union-por-la-patria-03,2023-buenos-aires-union-por-la-patria,diputados-2023,Buenos Aires,HCDN3081,exact,2023-2027,2023-12-10,2027-12-09,UNIÓN POR LA PATRIA,"Manrique, Mario"
2023-buenos-aires-union-por-la-patria-15,2023-buenos-aires-union-por-la-patria,diputados-2023,Buenos Aires,HCDN3007,exact,2023-2027,2023-12-10,2027-12-09,UNIÓN POR LA PATRIA,"Marino, Juan"
2023-santa-fe-union-por-la-patria-01,2023-santa-fe-union-por-la-patria,diputados-2023,Santa Fe,HCDN2789,exact,2023-2027,2023-12-10,2027-12-09,UNIÓN POR LA PATRIA,"Martínez, Germán Pedro"
2023-buenos-aires-juntos-por-el-cambio-05,2023-buenos-aires-juntos-por-el-cambio,diputados-2023,Buenos Aires,HCDN1512,exact,2023-2027,2023-12-10,2027-12-09,ENCUENTRO FEDERAL,"Massot, Nicolás"
2023-santa-fe-la-libertad-avanza-02,2023-santa-fe-la-libertad-avanza,diputados-2023,Santa Fe,HCDN3071,exact,2023-2027,2023-12-10,2027-12-09,LA LIBERTAD AVANZA,"Mayoraz, Nicolás"
2023-la-rioja-la-libertad-avanza-01,2023-la-rioja-la-libertad-avanza,diputados-2023,La Rioja,HCDN3107,exact,2023-2027,2023-12-10,2027-12-09,LA LIBERTAD AVANZA,"Menem, Martín"
2023-buenos-aires-union-por-la-patria-11,2023-buenos-aires-union-por-la-patria,diputados-2023,Buenos Aires,HCDN3056,exact,2023-2027,2023-12-10,2027-12-09,UNIÓN POR LA PATRIA,"Molle, Matías"
2023-buenos-aires-la-libertad-avanza-03,2023-buenos-aires-la-libertad-avanza,diputados-2023,Buenos Aires,HCDN3095,exact,2023-2027,2023-12-10,2027-12-09,LA LIBERTAD AVANZA,"Montenegro, Guillermo"
2023-buenos-aires-union-por-la-patria-10,2023-buenos-aires-union-por-la-patria,diputados-2023,Buenos Aires,HCDN3045,exact,2023-2027,2023-12-10,2027-12-09,UNIÓN POR LA PATRIA,"Monzón, Roxana"
2023-entre-rios-juntos-por-entre-rios-01,2023-entre-rios-juntos-por-entre-rios,diputados-2023,Entre Ríos,HCDN3046,exact,2023-2027,2023-12-10,2027-12-09,LA LIBERTAD AVANZA,"Morchio, Francisco"
2023-buenos-aires-union-por-la-patria-04,2023-buenos-aires-union-por-la-patria,diputados-2023,Buenos Aires,HCDN1463,exact,2023-2027,2023-12-10,2027-12-09,UNIÓN POR LA PATRIA,"Moreau, Cecilia"
2023-salta-ahora-patria-02,2023-salta-ahora-patria,diputados-2023,Salta,HCDN3103,fuzzy,2023-2027,2023-12-10,2027-12-09,LA LIBERTAD AVANZA,"Moreno Ovalle, Julio"
2023-neuquen-arriba-neuquen-s-01,2023-neuquen-arriba-neuquen,diputados-2023,Neuquén,HCDN3251,exact,2023-2027,2025-12-10,2027-12-09,LA LIBERTAD AVANZA,"Muñoz, Gabriela Luciana"
2023-santiago-del-estero-frente-civico-por-santiago-02,2023-santiago-del-estero-frente-civico-por-santiago,diputados-2023,Santiago del Estero,HCDN2340,exact,2023-2027,2023-12-10,2027-12-09,UNIÓN POR LA PATRIA,"Neder, Estela Mary"
2023-mendoza-cambia-mendoza-01,2023-mendoza-cambia-mendoza,diputados-2023,Mendoza,HCDN2983,exact,2023-2027,2023-12-10,2027-12-09,UCR - UNIÓN CÍVICA RADICAL,"Nieri, Lisandro"
2023-catamarca-union-por-la-patria-01,2023-catamarca-union-por-la-patria,diputados-2023,Catamarca,HCDN3076,exact,2023-2027,2023-12-10,2027-12-09,ELIJO CATAMARCA,"Nóblega, Sebastián"
2023-santa-fe-juntos-por-el-cambio-01,2023-santa-fe-juntos-por-el-cambio,diputados-2023,Santa Fe,HCDN1500,exact,2023-2027,2023-12-10,2027-12-09,PROVINCIAS UNIDAS,"Nuñez, José"
2023-entre-rios-mas-para-entre-rios-02,2023-entre-rios-mas-para-entre-rios,diputados-2023,Entre Ríos,HCDN0633,exact,2023-2027,2023-12-10,2027-12-09,UNIÓN POR LA PATRIA,"Osuna, Blanca Inés"
2023-salta-union-por-la-patria-01,2023-salta-union-por-la-patria,diputados-2023,Salta,HCDN3100,exact,2023-2027,2023-12-10,2027-12-09,INNOVACIÓN FEDERAL,"Outes, Pablo"
2023-buenos-aires-la-libertad-avanza-02,2023-buenos-aires-la-libertad-avanza,diputados-2023,Buenos Aires,HCDN3061,exact,2023-2027,2023-12-10,2027-12-09,COHERENCIA,"Pagano, Marcela Marina"
2023-formosa-union-por-la-patria-01,2023-formosa-union-por-la-patria,diputados-2023,Formosa,HCDN2784,exact,2023-2027,2023-12-10,2027-12-09,UNIÓN POR LA PATRIA,"Parola, María Graciela"
2023-tierra-del-fuego-republicanos-unidos-01,2023-tierra-del-fuego-republicanos-unidos,diputados-2023,Tierra del Fuego,HCDN3105,exact,2023-2027,2023-12-10,2027-12-09,LA LIBERTAD AVANZA,"Pauli, Santiago"
2023-santa-fe-la-fuerza-de-santa-fe-01,2023-santa-fe-la-fuerza-de-santa-fe,diputados-2023,Santa Fe,HCDN3108,exact,2023-2027,2023-12-10,2027-12-09,PROVINCIAS UNIDAS,"Paulón, Esteban"
2023-san-juan-la-libertad-avanza-01,2023-san-juan-la-libertad-avanza,diputados-2023,San Juan,HCDN3040,exact,2023-2027,2023-12-10,2027-12-09,LA LIBERTAD AVANZA,"Peluc, José"
2023-caba-union-por-la-patria-01,2023-caba-union-por-la-patria,diputados-2023,CABA,HCDN2821,exact,2023-2027,2023-12-10,2027-12-09,UNIÓN POR LA PATRIA,"Penacca, Paula Andrea"
2023-buenos-aires-juntos-por-el-cambio-10,2023-buenos-aires-juntos-por-el-cambio,diputados-2023,Buenos Aires,HCDN3228,exact,2023-2027,2025-12-10,2027-12-09,LA LIBERTAD AVANZA,"Petrovich, María Lorena"
2023-cordoba-juntos-por-el-cambio-01,2023-cordoba-juntos-por-el-cambio,diputados-2023,Córdoba,HCDN3051,exact,2023-2027,2023-12-10,2027-12-09,LA LIBERTAD AVANZA,"Picat, Luis Albino"
2023-buenos-aires-juntos-por-el-cambio-03,2023-buenos-aires-juntos-por-el-cambio,diputados-2023,Buenos Aires,HCDN0022,exact,2023-2027,2023-12-10,2027-12-09,ENCUENTRO FEDERAL,"Pichetto, Miguel Ángel"
2023-san-juan-juntos-por-el-cambio-01,2023-san-juan-juntos-por-el-cambio,diputados-2023,San Juan,HCDN3050,exact,2023-2027,2023-12-10,2027-12-09,PRODUCCION Y TRABAJO,"Picón Martínez, Nancy Viviana"
2023-buenos-aires-frente-de-izquierda-y-de-trabajadores-03,2023-buenos-aires-frente-de-izquierda-y-de-trabajadores,diputados-2023,Buenos Aires,HCDN3242,exact,2023-2027,2025-12-10,2027-12-09,PARTIDO OBRERO EN EL FRENTE DE IZQUIERDA Y DE TRABAJADORES-UNIDAD,"Pitrola, Nestor"
2023-caba-union-por-la-patria-03,2023-caba-union-por-la-patria,diputados-2023,CABA,HCDN3082,exact,2023-2027,2023-12-10,2027-12-09,UNIÓN POR LA PATRIA,"Pokoik, Lorena"
2023-cordoba-la-libertad-avanza-01,2023-cordoba-la-libertad-avanza,diputados-2023,Córdoba,HCDN3069,exact,2023-2027,2023-12-10,2027-12-09,LA LIBERTAD AVANZA,"Ponce, María Celeste"
2023-buenos-aires-union-por-la-patria-12,2023-buenos-aires-union-por-la-patria,diputados-2023,Buenos Aires,HCDN3078,exact,2023-2027,2023-12-10,2027-12-09,UNIÓN POR LA PATRIA,"Potenza, Luciana"
2023-jujuy-partido-renovador-federal-01,2023-jujuy-partido-renovador-federal,diputados-2023,Jujuy,HCDN3097,exact,2023-2027,2023-12-10,2027-12-09,LA LIBERTAD AVANZA,"Quintar, Manuel"
2023-la-pampa-union-por-la-patria-01,2023-la-pampa-union-por-la-patria,diputados-2023,La Pampa,HCDN2408,exact,2023-2027,2023-12-10,2027-12-09,UNIÓN POR LA PATRIA,"Rauschenberger, Ariel"
2023-santa-fe-juntos-por-el-cambio-02,2023-santa-fe-juntos-por-el-cambio,diputados-2023,Santa Fe,HCDN3110,exact,2023-2027,2023-12-10,2027-12-09,LA LIBERTAD AVANZA,"Razzini, Verónica"
2023-buenos-aires-juntos-por-el-cambio-01,2023-buenos-aires-juntos-por-el-cambio,diputados-2023,Buenos Aires,HCDN0788,fuzzy,2023-2027,2023-12-10,2027-12-09,PRO,"Ritondo, Cristian A."
2023-jujuy-cambia-jujuy-01,2023-jujuy-cambia-jujuy,diputados-2023,Jujuy,HCDN2754,exact,2023-2027,2023-12-10,2027-12-09,PROVINCIAS UNIDAS,"Rizzotti, Jorge"
2023-misiones-frente-renovador-de-la-concordia-innovacion-federal-mnes-02,2023-misiones-frente-renovador-de-la-concordia-innovacion-federal-mnes,diputados-2023,Misiones,HCDN3036,exact,2023-2027,2023-12-10,2027-12-09,INNOVACIÓN FEDERAL,"Ruíz, Yamila"
2023-corrientes-union-por-la-patria-01,2023-corrientes-union-por-la-patria,diputados-2023,Corrientes,HCDN2817,exact,2023-2027,2023-12-10,2027-12-09,UNIÓN POR LA PATRIA,"Sand, Nancy"
2023-buenos-aires-la-libertad-avanza-06,2023-buenos-aires-la-libertad-avanza,diputados-2023,Buenos Aires,HCDN3039,exact,2023-2027,2023-12-10,2027-12-09,LA LIBERTAD AVANZA,"Santillán Juárez Brahim, Juliana"
2023-buenos-aires-la-libertad-avanza-09,2023-buenos-aires-la-libertad-avanza,diputados-2023,Buenos Aires,HCDN3065,exact,2023-2027,2023-12-10,2027-12-09,LA LIBERTAD AVANZA,"Santurio, Santiago"
2023-buenos-aires-union-por-la-patria-16,2023-buenos-aires-union-por-la-patria,diputados-2023,Buenos Aires,HCDN3054,exact,2023-2027,2023-12-10,2027-12-09,UNIÓN POR LA PATRIA,"Selva, Sabrina"
2023-jujuy-union-por-la-patria-01,2023-jujuy-union-por-la-patria,diputados-2023,Jujuy,HCDN1524,exact,2023-2027,2023-12-10,2027-12-09,UNIÓN POR LA PATRIA,"Snopek, Guillermo"
2023-buenos-aires-union-por-la-patria-14,2023-buenos-aires-union-por-la-patria,diputados-2023,Buenos Aires,HCDN3033,exact,2023-2027,2023-12-10,2027-12-09,UNIÓN POR LA PATRIA,"Strada, Julia"
2023-buenos-aires-union-por-la-patria-07,2023-buenos-aires-union-por-la-patria,diputados-2023,Buenos Aires,HCDN1455,exact,2023-2027,2023-12-10,2027-12-09,UNIÓN POR LA PATRIA,"Tailhade, Rodolfo"
2023-neuquen-union-por-la-patria-01,2023-neuquen-union-por-la-patria,diputados-2023,Neuquén,HCDN3083,exact,2023-2027,2023-12-10,2027-12-09,UNIÓN POR LA PATRIA,"Todero, Pablo"
2023-buenos-aires-union-por-la-patria-02,2023-buenos-aires-union-por-la-patria,diputados-2023,Buenos Aires,HCDN2896,exact,2023-2027,2023-12-10,2027-12-09,UNIÓN POR LA PATRIA,"Tolosa Paz, Victoria"
2023-cordoba-hacemos-por-nuestro-pais-02,2023-cordoba-hacemos-por-nuestro-pais,diputados-2023,Córdoba,HCDN3109,exact,2023-2027,2023-12-10,2027-12-09,PROVINCIAS UNIDAS,"Torres, Alejandra"
2023-corrientes-encuentro-por-corrientes-eco-vamos-corrientes-03,2023-corrientes-encuentro-por-corrientes-eco-vamos-corrientes,diputados-2023,Corrientes,HCDN3142,exact,2023-2027,2024-08-14,2027-12-09,LA LIBERTAD AVANZA,"Tournier, José Federico"
2023-chubut-la-libertad-avanza-chubut-01,2023-chubut-la-libertad-avanza-chubut,diputados-2023,Chubut,HCDN3102,exact,2023-2027,2023-12-10,2027-12-09,LA LIBERTAD AVANZA,"Treffinger, César"
2023-caba-union-por-la-patria-02,2023-caba-union-por-la-patria,diputados-2023,CABA,HCDN2825,exact,2023-2027,2023-12-10,2027-12-09,UNIÓN POR LA PATRIA,"Valdés, Eduardo Félix"
2023-misiones-frente-renovador-de-la-concordia-innovacion-federal-mnes-01,2023-misiones-frente-renovador-de-la-concordia-innovacion-federal-mnes,diputados-2023,Misiones,HCDN3031,exact,2023-2027,2023-12-10,2027-12-09,INNOVACIÓN FEDERAL,"Vancsik, Daniel"
2023-buenos-aires-juntos-por-el-cambio-06,2023-buenos-aires-juntos-por-el-cambio,diputados-2023,Buenos Aires,HCDN3037,exact,2023-2027,2023-12-10,2027-12-09,LA LIBERTAD AVANZA,"Vásquez, Patricia"
2023-salta-union-por-la-patria-02,2023-salta-union-por-la-patria,diputados-2023,Salta,HCDN3038,exact,2023-2027,2023-12-10,2027-12-09,INNOVACIÓN FEDERAL,"Vega, Yolanda"
2023-rio-negro-partido-fe-01,2023-rio-negro-partido-fe,diputados-2023,Río Negro,HCDN3091,exact,2023-2027,2023-12-10,2027-12-09,LA LIBERTAD AVANZA,"Villaverde, Lorena"
2023-buenos-aires-union-por-la-patria-06,2023-buenos-aires-union-por-la-patria,diputados-2023,Buenos Aires,HCDN1456,exact,2023-2027,2023-12-10,2027-12-09,UNIÓN POR LA PATRIA,"Volnovich, Luana"
2023-tucuman-frente-union-por-la-patria-01,2023-tucuman-frente-union-por-la-patria,diputados-2023,Tucumán,HCDN2431,exact,2023-2027,2023-12-10,2027-12-09,UNIÓN POR LA PATRIA,"Yedlin, Pablo Raúl"
2023-buenos-aires-juntos-por-el-cambio-09,2023-buenos-aires-juntos-por-el-cambio,diputados-2023,Buenos Aires,HCDN3086,exact,2023-2027,2023-12-10,2027-12-09,PRO,"Yeza, Martín"
2023-caba-la-libertad-avanza-02,2023-caba-la-libertad-avanza,diputados-2023,CABA,HCDN3073,exact,2023-2027,2023-12-10,2027-12-09,MID - MOVIMIENTO DE INTEGRACIÓN Y DESARROLLO,"Zago, Oscar"
2023-buenos-aires-union-por-la-patria-08,2023-buenos-aires-union-por-la-patria,diputados-2023,Buenos Aires,HCDN2976,exact,2023-2027,2023-12-10,2027-12-09,UNIÓN POR LA PATRIA,"Zaracho, Natalia"
2023-corrientes-union-por-la-patria-02,2023-corrientes-union-por-la-patria,diputados-2023,Corrientes,HCDN3077,exact,2023-2027,2023-12-10,2027-12-09,UNIÓN POR LA PATRIA,"Zulli, Christian Alejandro"
2025-chaco-la-libertad-avanza-02,2025-chaco-la-libertad-avanza,diputados-2025,Chaco,HCDN3166,exact,2025-2029,2025-12-10,2029-12-09,UCR - UNIÓN CÍVICA RADICAL,"Agüero, Guillermo César"
2025-caba-la-libertad-avanza-04,2025-caba-la-libertad-avanza,diputados-2025,CABA,HCDN2916,exact,2025-2029,2025-12-10,2029-12-09,LA LIBERTAD AVANZA,"Ajmechet, Sabrina"
2025-san-luis-la-libertad-avanza-02,2025-san-luis-la-libertad-avanza,diputados-2025,San Luis,HCDN3171,exact,2025-2029,2025-12-10,2029-12-09,LA LIBERTAD AVANZA,"Almena, Carlos Alberto"
2025-san-juan-fuerza-san-juan-01,2025-san-juan-fuerza-san-juan,diputados-2025,San Juan,HCDN3185,exact,2025-2029,2025-12-10,2029-12-09,UNIÓN POR LA PATRIA,"Andino, Cristian"
2025-jujuy-la-libertad-avanza-02,2025-jujuy-la-libertad-avanza,diputados-2025,Jujuy,HCDN3157,exact,2025-2029,2025-12-10,2029-12-09,LA LIBERTAD AVANZA,"Andreussi, Barbara"
2025-santiago-del-estero-frente-fuerza-patria-peronista-01,2025-santiago-del-estero-frente-fuerza-patria-peronista,diputados-2025,Santiago del Estero,HCDN3223,exact,2025-2029,2025-12-10,2029-12-09,UNIÓN POR LA PATRIA,"Barbur, Marcelo"
2025-formosa-la-libertad-avanza-01,2025-formosa-la-libertad-avanza,diputados-2025,Formosa,HCDN3268,exact,2025-2029,2025-12-17,2029-12-09,LA LIBERTAD AVANZA,"Basualdo, Atilio"
2025-cordoba-provincias-unidas-02,2025-cordoba-provincias-unidas,diputados-2025,Córdoba,HCDN3209,exact,2025-2029,2025-12-10,2029-12-09,PROVINCIAS UNIDAS,"Basualdo, Carolina"
2025-san-luis-la-libertad-avanza-01,2025-san-luis-la-libertad-avanza,diputados-2025,San Luis,HCDN3201,exact,2025-2029,2025-12-10,2029-12-09,LA LIBERTAD AVANZA,"Becerra, Mónica"
2025-salta-primero-los-saltenos-01,2025-salta-primero-los-saltenos,diputados-2025,Salta,HCDN3240,exact,2025-2029,2025-12-10,2029-12-09,INNOVACIÓN FEDERAL,"Biella, Bernardo"
2025-santa-fe-fuerza-patria-03,2025-santa-fe-fuerza-patria,diputados-2025,Santa Fe,HCDN3183,exact,2025-2029,2025-12-10,2029-12-09,UNIÓN POR LA PATRIA,"Borgatta, Alejandrina"
2025-caba-frente-de-izquierda-y-de-trabajadores-unidad-01,2025-caba-frente-de-izquierda-y-de-trabajadores-unidad,diputados-2025,CABA,HCDN1435,exact,2025-2029,2025-12-10,2029-12-09,PTS-FRENTE DE IZQUIERDA Y DE TRABAJADORES UNIDAD,"Bregman, Myriam"
2025-catamarca-la-libertad-avanza-01,2025-catamarca-la-libertad-avanza,diputados-2025,Catamarca,HCDN3202,exact,2025-2029,2025-12-10,2029-12-09,LA LIBERTAD AVANZA,"Brizuela, Adrián"
2025-chaco-frente-fuerza-patria-02,2025-chaco-frente-fuerza-patria,diputados-2025,Chaco,HCDN3198,exact,2025-2029,2025-12-10,2029-12-09,UNIÓN POR LA PATRIA,"Campo, Julieta Marisol"
2025-caba-fuerza-patria-04,2025-caba-fuerza-patria,diputados-2025,CABA,HCDN3174,exact,2025-2029,2025-12-10,2029-12-09,UNIÓN POR LA PATRIA,"Cámpora, Lucía"
2025-buenos-aires-la-libertad-avanza-05,2025-buenos-aires-la-libertad-avanza,diputados-2025,Buenos Aires,HCDN3164,exact,2025-2029,2025-12-10,2029-12-09,LA LIBERTAD AVANZA,"Carrancio, Alejandro"
2025-buenos-aires-la-libertad-avanza-10,2025-buenos-aires-la-libertad-avanza,diputados-2025,Buenos Aires,HCDN3225,exact,2025-2029,2025-12-10,2029-12-09,LA LIBERTAD AVANZA,"Castelnuovo, Giselle"
2025-san-juan-partido-la-libertad-avanza-01,2025-san-juan-partido-la-libertad-avanza,diputados-2025,San Juan,HCDN3254,exact,2025-2029,2025-12-10,2029-12-09,LA LIBERTAD AVANZA,"Chiconi, Abel"
2025-caba-la-libertad-avanza-05,2025-caba-la-libertad-avanza,diputados-2025,CABA,HCDN3253,exact,2025-2029,2025-12-10,2029-12-09,PRO,"de Andreis, Fernando"
2025-formosa-frente-de-la-victoria-01,2025-formosa-frente-de-la-victoria,diputados-2025,Formosa,HCDN0732,exact,2025-2029,2025-12-10,2029-12-09,UNIÓN POR LA PATRIA,"de la Rosa, María Graciela"
2025-cordoba-defendamos-cordoba-01,2025-cordoba-defendamos-cordoba,diputados-2025,Córdoba,HCDN2928,exact,2025-2029,2025-12-10,2029-12-09,DEFENDAMOS CÓRDOBA,"de la Sota, Natalia"
2025-buenos-aires-la-libertad-avanza-12,2025-buenos-aires-la-libertad-avanza,diputados-2025,Buenos Aires,HCDN3101,exact,2025-2029,2025-12-10,2029-12-09,PRO,"De Sensi, María Florencia"
2025-buenos-aires-frente-de-izquierda-y-de-trabajadores-unidad-01,2025-buenos-aires-frente-de-izquierda-y-de-trabajadores-unidad,diputados-2025,Buenos Aires,HCDN1383,exact,2025-2029,2025-12-10,2029-12-09,PTS-FRENTE DE IZQUIERDA Y DE TRABAJADORES UNIDAD,"del Caño, Nicolás"
2025-buenos-aires-frente-de-izquierda-y-de-trabajadores-unidad-02,2025-buenos-aires-frente-de-izquierda-y-de-trabajadores-unidad,diputados-2025,Buenos Aires,HCDN2373,exact,2025-2029,2025-12-10,2029-12-09,PARTIDO OBRERO EN EL FRENTE DE IZQUIERDA Y DE TRABAJADORES-UNIDAD,"Del Plá, Romina"
2025-buenos-aires-fuerza-patria-10,2025-buenos-aires-fuerza-patria,diputados-2025,Buenos Aires,HCDN3194,exact,2025-2029,2025-12-10,2029-12-09,UNIÓN POR LA PATRIA,"Díaz, Fernanda"
2025-chaco-frente-fuerza-patria-01,2025-chaco-frente-fuerza-patria,diputados-2025,Chaco,HCDN3193,exact,2025-2029,2025-12-10,2029-12-09,UNIÓN POR LA PATRIA,"Dolce, Sergio"
2025-caba-la-libertad-avanza-03,2025-caba-la-libertad-avanza,diputados-2025,CABA,HCDN3024,exact,2025-2029,2025-12-10,2029-12-09,LA LIBERTAD AVANZA,"Emma, Nicolás"
2025-caba-la-libertad-avanza-01,2025-caba-la-libertad-avanza,diputados-2025,CABA,HCDN3252,exact,2025-2029,2025-12-10,2029-12-09,LA LIBERTAD AVANZA,"Fargosi, Alejandro"
2025-santa-fe-provincias-unidas-02,2025-santa-fe-provincias-unidas,diputados-2025,Santa Fe,HCDN3219,exact,2025-2029,2025-12-10,2029-12-09,PROVINCIAS UNIDAS,"Farías, Pablo"
2025-mendoza-fuerza-justicialista-mendoza-01,2025-mendoza-fuerza-justicialista-mendoza,diputados-2025,Mendoza,HCDN3212,exact,2025-2029,2025-12-10,2029-12-09,UNIÓN POR LA PATRIA,"Félix, Emir"
2025-san-luis-frente-justicialista-01,2025-san-luis-frente-justicialista,diputados-2025,San Luis,HCDN3208,exact,2025-2029,2025-12-10,2029-12-09,PRIMERO SAN LUIS,"Fernández, Jorge"
2025-la-pampa-frente-defendemos-la-pampa-01,2025-la-pampa-frente-defendemos-la-pampa,diputados-2025,La Pampa,HCDN3176,exact,2025-2029,2025-12-10,2029-12-09,UNIÓN POR LA PATRIA,"Ferrán, Abelardo"
2025-buenos-aires-la-libertad-avanza-09,2025-buenos-aires-la-libertad-avanza,diputados-2025,Buenos Aires,HCDN3230,exact,2025-2029,2025-12-10,2029-12-09,LA LIBERTAD AVANZA,"Figliuolo, Sergio"
2025-buenos-aires-la-libertad-avanza-07,2025-buenos-aires-la-libertad-avanza,diputados-2025,Buenos Aires,HCDN2955,exact,2025-2029,2025-12-10,2029-12-09,PRO,"Finocchiaro, Alejandro"
2025-salta-la-libertad-avanza-01,2025-salta-la-libertad-avanza,diputados-2025,Salta,HCDN3188,exact,2025-2029,2025-12-10,2029-12-09,LA LIBERTAD AVANZA,"Flores, Maria Gabriela"
2025-entre-rios-la-libertad-avanza-02,2025-entre-rios-la-libertad-avanza,diputados-2025,Entre Ríos,HCDN2379,exact,2025-2029,2025-12-10,2029-12-09,PRO,"Fregonese, Alicia"
2025-chubut-la-libertad-avanza-01,2025-chubut-la-libertad-avanza,diputados-2025,Chubut,HCDN3215,exact,2025-2029,2025-12-10,2029-12-09,LA LIBERTAD AVANZA,"Frias, Maira"
2025-corrientes-la-libertad-avanza-01,2025-corrientes-la-libertad-avanza,diputados-2025,Corrientes,HCDN3217,exact,2025-2029,2025-12-10,2029-12-09,LA LIBERTAD AVANZA,"Gallardo, María Virginia"
2025-buenos-aires-fuerza-patria-11,2025-buenos-aires-fuerza-patria,diputados-2025,Buenos Aires,HCDN3199,exact,2025-2029,2025-12-10,2029-12-09,UNIÓN POR LA PATRIA,"Galmarini, Sebastián"
2025-buenos-aires-la-libertad-avanza-11,2025-buenos-aires-la-libertad-avanza,diputados-2025,Buenos Aires,HCDN3248,exact,2025-2029,2025-12-10,2029-12-09,LA LIBERTAD AVANZA,"García, Álvaro"
2025-buenos-aires-fuerza-patria-06,2025-buenos-aires-fuerza-patria,diputados-2025,Buenos Aires,HCDN0885,exact,2025-2029,2025-12-10,2029-12-09,UNIÓN POR LA PATRIA,"García, María Teresa"
2025-cordoba-provincias-unidas-05,2025-cordoba-provincias-unidas,diputados-2025,Córdoba,HCDN2910,exact,2025-2029,2025-12-10,2029-12-09,PROVINCIAS UNIDAS,"García Aresca, Ignacio"
2025-caba-la-libertad-avanza-06,2025-caba-la-libertad-avanza,diputados-2025,CABA,HCDN3169,exact,2025-2029,2025-12-10,2029-12-09,PRO,"Giampieri, Antonela"
2025-chaco-la-libertad-avanza-01,2025-chaco-la-libertad-avanza,diputados-2025,Chaco,HCDN3211,exact,2025-2029,2025-12-10,2029-12-09,LA LIBERTAD AVANZA,"Goitia, Rosario"
2025-jujuy-la-libertad-avanza-01,2025-jujuy-la-libertad-avanza,diputados-2025,Jujuy,HCDN3200,exact,2025-2029,2025-12-10,2029-12-09,LA LIBERTAD AVANZA,"Gonzales, Alfredo"
2025-corrientes-vamos-corrientes-01,2025-corrientes-vamos-corrientes,diputados-2025,Corrientes,HCDN3186,exact,2025-2029,2025-12-10,2029-12-09,UCR - UNIÓN CÍVICA RADICAL,"González, Diógenes Ignacio"
2025-buenos-aires-la-libertad-avanza-14,2025-buenos-aires-la-libertad-avanza,diputados-2025,Buenos Aires,HCDN3170,exact,2025-2029,2025-12-10,2029-12-09,LA LIBERTAD AVANZA,"González Estevarena, María Luisa"
2025-buenos-aires-fuerza-patria-03,2025-buenos-aires-fuerza-patria,diputados-2025,Buenos Aires,HCDN3192,exact,2025-2029,2025-12-10,2029-12-09,UNIÓN POR LA PATRIA,"Grabois, Juan"
2025-misiones-la-libertad-avanza-02,2025-misiones-la-libertad-avanza,diputados-2025,Misiones,HCDN3207,exact,2025-2029,2025-12-10,2029-12-09,LA LIBERTAD AVANZA,"Gruber, Maura"
2025-santa-cruz-la-libertad-avanza-01,2025-santa-cruz-la-libertad-avanza,diputados-2025,Santa Cruz,HCDN3247,exact,2025-2029,2025-12-10,2029-12-09,LA LIBERTAD AVANZA,"Guzmán, Jairo"
2025-corrientes-fuerza-patria-01,2025-corrientes-fuerza-patria,diputados-2025,Corrientes,HCDN3237,exact,2025-2029,2025-12-10,2029-12-09,UNIÓN POR LA PATRIA,"Hadad, Raúl"
2025-caba-fuerza-patria-01,2025-caba-fuerza-patria,diputados-2025,CABA,HCDN2804,exact,2025-2029,2025-12-10,2029-12-09,UNIÓN POR LA PATRIA,"Hagman, Itai"
2025-misiones-la-libertad-avanza-01,2025-misiones-la-libertad-avanza,diputados-2025,Misiones,HCDN3210,exact,2025-2029,2025-12-10,2029-12-09,LA LIBERTAD AVANZA,"Hartfield, Diego"
2025-misiones-renovador-de-la-concordia-neo-01,2025-misiones-renovador-de-la-concordia-neo,diputados-2025,Misiones,HCDN3204,fuzzy,2025-2029,2025-12-10,2029-12-09,INNOVACIÓN FEDERAL,"Herrera Ahuad, Oscar A."
2025-caba-la-libertad-avanza-02,2025-caba-la-libertad-avanza,diputados-2025,CABA,HCDN3232,exact,2025-2029,2025-12-10,2029-12-09,LA LIBERTAD AVANZA,"Holzman, Patricia"
2025-buenos-aires-la-libertad-avanza-04,2025-buenos-aires-la-libertad-avanza,diputados-2025,Buenos Aires,HCDN3165,exact,2025-2029,2025-12-10,2029-12-09,LA LIBERTAD AVANZA,"Humenuk, Gladys"
2025-san-juan-por-san-juan-s-02,2025-san-juan-por-san-juan,diputados-2025,San Juan,HCDN3243,exact,2025-2029,2025-12-10,2029-12-09,PRODUCCION Y TRABAJO,"Jaime Quiroga, Carlos Gustavo"
2025-santa-cruz-fuerza-santacrucena-02,2025-santa-cruz-fuerza-santacrucena,diputados-2025,Santa Cruz,HCDN3205,exact,2025-2029,2025-12-10,2029-12-09,UNIÓN POR LA PATRIA,"Lanesan Sancho, Moira"
2025-entre-rios-la-libertad-avanza-01,2025-entre-rios-la-libertad-avanza,diputados-2025,Entre Ríos,HCDN3231,exact,2025-2029,2025-12-10,2029-12-09,LA LIBERTAD AVANZA,"Laumann, Andrés Ariel"
2025-caba-la-libertad-avanza-07,2025-caba-la-libertad-avanza,diputados-2025,CABA,HCDN3189,exact,2025-2029,2025-12-10,2029-12-09,LA LIBERTAD AVANZA,"Leone, Andrés"
2025-cordoba-la-libertad-avanza-05,2025-cordoba-la-libertad-avanza,diputados-2025,Córdoba,HCDN3172,exact,2025-2029,2025-12-10,2029-12-09,LA LIBERTAD AVANZA,"Lluch, Enrique"
2025-buenos-aires-la-libertad-avanza-06,2025-buenos-aires-la-libertad-avanza,diputados-2025,Buenos Aires,HCDN3161,exact,2025-2029,2025-12-10,2029-12-09,LA LIBERTAD AVANZA,"Longo, Johanna Sabrina"
2025-buenos-aires-nuevos-aires-28,2025-buenos-aires-nuevos-aires,diputados-2025,Buenos Aires,HCDN2851,exact,2025-2029,2025-12-10,2029-12-09,UNIÓN POR LA PATRIA,"López, Jimena"
2025-santiago-del-estero-frente-civico-por-santiago-02,2025-santiago-del-estero-frente-civico-por-santiago,diputados-2025,Santiago del Estero,HCDN3168,exact,2025-2029,2025-12-10,2029-12-09,UNIÓN POR LA PATRIA,"López Pasquali, Cecilia"
2025-caba-ciudadanos-unidos-01,2025-caba-ciudadanos-unidos,diputados-2025,CABA,HCDN1043,exact,2025-2029,2025-12-10,2029-12-09,PROVINCIAS UNIDAS,"Lousteau, Martín"
2025-chubut-frente-unidos-podemos-01,2025-chubut-frente-unidos-podemos,diputados-2025,Chubut,HCDN3221,exact,2025-2029,2025-12-10,2029-12-09,UNIÓN POR LA PATRIA,"Luque, Juan Pablo"
2025-entre-rios-fuerza-entre-rios-02,2025-entre-rios-fuerza-entre-rios,diputados-2025,Entre Ríos,HCDN3224,exact,2025-2029,2025-12-10,2029-12-09,UNIÓN POR LA PATRIA,"Marclay, Marianela"
2025-la-pampa-frente-defendemos-la-pampa-02,2025-la-pampa-frente-defendemos-la-pampa,diputados-2025,La Pampa,HCDN2944,exact,2025-2029,2025-12-10,2029-12-09,UNIÓN POR LA PATRIA,"Marín, Varinia Lis"
2025-mendoza-la-libertad-avanza-03,2025-mendoza-la-libertad-avanza,diputados-2025,Mendoza,HCDN2938,exact,2025-2029,2025-12-10,2029-12-09,LA LIBERTAD AVANZA,"Martínez, Álvaro"
2025-la-pampa-la-libertad-avanza-03,2025-la-pampa-la-libertad-avanza,diputados-2025,La Pampa,hcdn-matzkin-martin,exact,2025-2029,2026-06-24,2029-12-09,LA LIBERTAD AVANZA,"Matzkin, Martín"
2025-neuquen-la-neuquinidad-01,2025-neuquen-la-neuquinidad,diputados-2025,Neuquén,HCDN3196,exact,2025-2029,2025-12-10,2029-12-09,LA NEUQUINIDAD,"Maureira, Karina"
2025-tucuman-frente-tucuman-primero-02,2025-tucuman-frente-tucuman-primero,diputados-2025,Tucumán,HCDN2392,exact,2025-2029,2025-12-10,2029-12-09,INDEPENDENCIA,"Medina, Gladys"
2025-mendoza-la-libertad-avanza-04,2025-mendoza-la-libertad-avanza,diputados-2025,Mendoza,HCDN3246,exact,2025-2029,2025-12-10,2029-12-09,LA LIBERTAD AVANZA,"Metral Asensio, Julieta"
2025-entre-rios-fuerza-entre-rios-01,2025-entre-rios-fuerza-entre-rios,diputados-2025,Entre Ríos,HCDN3218,exact,2025-2029,2025-12-10,2029-12-09,UNIÓN POR LA PATRIA,"Michel, Guillermo"
2025-buenos-aires-fuerza-patria-12,2025-buenos-aires-fuerza-patria,diputados-2025,Buenos Aires,HCDN3220,exact,2025-2029,2025-12-10,2029-12-09,UNIÓN POR LA PATRIA,"Miño, Fernanda"
2025-santa-cruz-fuerza-santacrucena-01,2025-santa-cruz-fuerza-santacrucena,diputados-2025,Santa Cruz,HCDN3244,exact,2025-2029,2025-12-10,2029-12-09,UNIÓN POR LA PATRIA,"Molina, Juan Carlos"
2025-tucuman-la-libertad-avanza-02,2025-tucuman-la-libertad-avanza,diputados-2025,Tucumán,HCDN3162,exact,2025-2029,2025-12-10,2029-12-09,LA LIBERTAD AVANZA,"Molinuevo, Soledad"
2025-neuquen-la-libertad-avanza-02,2025-neuquen-la-libertad-avanza,diputados-2025,Neuquén,HCDN3245,exact,2025-2029,2025-12-10,2029-12-09,LA LIBERTAD AVANZA,"Mondaca, Soledad"
2025-catamarca-fuerza-patria-01,2025-catamarca-fuerza-patria,diputados-2025,Catamarca,HCDN3236,exact,2025-2029,2025-12-10,2029-12-09,ELIJO CATAMARCA,"Monguillot, Fernando"
2025-santa-fe-la-libertad-avanza-03,2025-santa-fe-la-libertad-avanza,diputados-2025,Santa Fe,HCDN3187,exact,2025-2029,2025-12-10,2029-12-09,LA LIBERTAD AVANZA,"Montenegro, Juan Pablo"
2025-buenos-aires-fuerza-patria-09,2025-buenos-aires-fuerza-patria,diputados-2025,Buenos Aires,HCDN3241,exact,2025-2029,2025-12-10,2029-12-09,UNIÓN POR LA PATRIA,"Moyano, Hugo Antonio"
2025-santiago-del-estero-frente-civico-por-santiago-01,2025-santiago-del-estero-frente-civico-por-santiago,diputados-2025,Santiago del Estero,HCDN3191,exact,2025-2029,2025-12-10,2029-12-09,UNIÓN POR LA PATRIA,"Mukdise, Jorge"
2025-buenos-aires-la-libertad-avanza-08,2025-buenos-aires-la-libertad-avanza,diputados-2025,Buenos Aires,HCDN3177,exact,2025-2029,2025-12-10,2029-12-09,LA LIBERTAD AVANZA,"Niveyro, Miriam"
2025-tucuman-frente-tucuman-primero-03,2025-tucuman-frente-tucuman-primero,diputados-2025,Tucumán,HCDN3197,exact,2025-2029,2025-12-10,2029-12-09,INDEPENDENCIA,"Noguera, Javier"
2025-buenos-aires-la-libertad-avanza-13,2025-buenos-aires-la-libertad-avanza,diputados-2025,Buenos Aires,HCDN3203,exact,2025-2029,2025-12-10,2029-12-09,LA LIBERTAD AVANZA,"Ojeda, Joaquín"
2025-caba-fuerza-patria-02,2025-caba-fuerza-patria,diputados-2025,CABA,HCDN3012,alias,2025-2029,2025-12-10,2029-12-09,UNIÓN POR LA PATRIA,"Olmos, Kelly"
2025-buenos-aires-fuerza-patria-05,2025-buenos-aires-fuerza-patria,diputados-2025,Buenos Aires,HCDN2904,exact,2025-2029,2025-12-10,2029-12-09,UNIÓN POR LA PATRIA,"Palazzo, Sergio Omar"
2025-catamarca-fuerza-patria-02,2025-catamarca-fuerza-patria,diputados-2025,Catamarca,HCDN3158,exact,2025-2029,2025-12-10,2029-12-09,UNIÓN POR LA PATRIA,"Palladino, Claudia María"
2025-buenos-aires-la-libertad-avanza-03,2025-buenos-aires-la-libertad-avanza,diputados-2025,Buenos Aires,HCDN3181,exact,2025-2029,2025-12-10,2029-12-09,LA LIBERTAD AVANZA,"Pareja, Sebastián"
2025-cordoba-la-libertad-avanza-03,2025-cordoba-la-libertad-avanza,diputados-2025,Córdoba,HCDN3250,exact,2025-2029,2025-12-10,2029-12-09,LA LIBERTAD AVANZA,"Patiño Brizuela, Marcos"
2025-la-rioja-federales-defendamos-la-rioja-01,2025-la-rioja-federales-defendamos-la-rioja,diputados-2025,La Rioja,HCDN2902,exact,2025-2029,2025-12-10,2029-12-09,UNIÓN POR LA PATRIA,"Pedrali, Gabriela"
2025-santa-fe-la-libertad-avanza-01,2025-santa-fe-la-libertad-avanza,diputados-2025,Santa Fe,HCDN3160,exact,2025-2029,2025-12-10,2029-12-09,LA LIBERTAD AVANZA,"Pellegrini, Agustín"
2025-tucuman-la-libertad-avanza-01,2025-tucuman-la-libertad-avanza,diputados-2025,Tucumán,HCDN3249,exact,2025-2029,2025-12-10,2029-12-09,LA LIBERTAD AVANZA,"Pelli, Federico Agustín"
2025-mendoza-la-libertad-avanza-01,2025-mendoza-la-libertad-avanza,diputados-2025,Mendoza,HCDN1385,exact,2025-2029,2025-12-10,2029-12-09,LA LIBERTAD AVANZA,"Petri, Luis"
2025-buenos-aires-fuerza-patria-07,2025-buenos-aires-fuerza-patria,diputados-2025,Buenos Aires,HCDN1290,exact,2025-2029,2025-12-10,2029-12-09,UNIÓN POR LA PATRIA,"Pietragalla Corti, Horacio"
2025-buenos-aires-fuerza-patria-08,2025-buenos-aires-fuerza-patria,diputados-2025,Buenos Aires,HCDN2905,exact,2025-2029,2025-12-10,2029-12-09,UNIÓN POR LA PATRIA,"Propato, Agustina Lucrecia"
2025-santa-fe-la-libertad-avanza-04,2025-santa-fe-la-libertad-avanza,diputados-2025,Santa Fe,HCDN3159,exact,2025-2029,2025-12-10,2029-12-09,LA LIBERTAD AVANZA,"Ravera, Valentina"
2025-buenos-aires-la-libertad-avanza-02,2025-buenos-aires-la-libertad-avanza,diputados-2025,Buenos Aires,HCDN3175,exact,2025-2029,2025-12-10,2029-12-09,LA LIBERTAD AVANZA,"Reichardt, Karen"
2025-neuquen-la-libertad-avanza-01,2025-neuquen-la-libertad-avanza,diputados-2025,Neuquén,HCDN3229,exact,2025-2029,2025-12-10,2029-12-09,LA LIBERTAD AVANZA,"Riesco, Gastón"
2025-caba-fuerza-patria-03,2025-caba-fuerza-patria,diputados-2025,CABA,HCDN3167,exact,2025-2029,2025-12-10,2029-12-09,UNIÓN POR LA PATRIA,"Roberto, Santiago Luis"
2025-cordoba-la-libertad-avanza-01,2025-cordoba-la-libertad-avanza,diputados-2025,Córdoba,HCDN3235,exact,2025-2029,2025-12-10,2029-12-09,LA LIBERTAD AVANZA,"Roca, Gonzalo"
2025-tierra-del-fuego-la-libertad-avanza-01,2025-tierra-del-fuego-la-libertad-avanza,diputados-2025,Tierra del Fuego,HCDN3233,exact,2025-2029,2025-12-10,2029-12-09,LA LIBERTAD AVANZA,"Rodríguez, Miguel"
2025-cordoba-la-libertad-avanza-04,2025-cordoba-la-libertad-avanza,diputados-2025,Córdoba,HCDN1548,exact,2025-2029,2025-12-10,2029-12-09,LA LIBERTAD AVANZA,"Rodríguez Machado, Laura Elena"
2025-santa-fe-fuerza-patria-02,2025-santa-fe-fuerza-patria,diputados-2025,Santa Fe,HCDN0912,exact,2025-2029,2025-12-10,2029-12-09,UNIÓN POR LA PATRIA,"Rossi, Agustín Oscar"
2025-buenos-aires-fuerza-patria-14,2025-buenos-aires-fuerza-patria,diputados-2025,Buenos Aires,HCDN3238,exact,2025-2029,2025-12-10,2029-12-09,UNIÓN POR LA PATRIA,"Salzmann, Marina Dorotea"
2025-buenos-aires-la-libertad-avanza-17,2025-buenos-aires-la-libertad-avanza,diputados-2025,Buenos Aires,HCDN3148,exact,2025-2029,2025-12-10,2029-12-09,PRO,"Sánchez Wrba, Javier"
2025-santa-fe-provincias-unidas-01,2025-santa-fe-provincias-unidas,diputados-2025,Santa Fe,HCDN1404,exact,2025-2029,2025-12-10,2029-12-09,PROVINCIAS UNIDAS,"Scaglia, Gisela"
2025-cordoba-provincias-unidas-01,2025-cordoba-provincias-unidas,diputados-2025,Córdoba,HCDN0646,exact,2025-2029,2026-02-12,2029-12-09,PROVINCIAS UNIDAS,"Schiaretti, Juan"
2025-entre-rios-la-libertad-avanza-03,2025-entre-rios-la-libertad-avanza,diputados-2025,Entre Ríos,HCDN3195,exact,2025-2029,2025-12-10,2029-12-09,UCR - UNIÓN CÍVICA RADICAL,"Schneider, Darío"
2025-rio-negro-fuerza-patria-01,2025-rio-negro-fuerza-patria,diputados-2025,Río Negro,HCDN3216,exact,2025-2029,2025-12-10,2029-12-09,UNIÓN POR LA PATRIA,"Serquis, Adriana Cristina"
2025-buenos-aires-fuerza-patria-04,2025-buenos-aires-fuerza-patria,diputados-2025,Buenos Aires,HCDN2421,exact,2025-2029,2025-12-10,2029-12-09,UNIÓN POR LA PATRIA,"Siley, Vanesa Raquel"
2025-cordoba-la-libertad-avanza-02,2025-cordoba-la-libertad-avanza,diputados-2025,Córdoba,HCDN3163,exact,2025-2029,2025-12-10,2029-12-09,LA LIBERTAD AVANZA,"Soldano, Laura"
2025-buenos-aires-fuerza-patria-01,2025-buenos-aires-fuerza-patria,diputados-2025,Buenos Aires,HCDN0841,exact,2025-2029,2025-12-10,2029-12-09,UNIÓN POR LA PATRIA,"Taiana, Jorge"
2025-santa-fe-fuerza-patria-01,2025-santa-fe-fuerza-patria,diputados-2025,Santa Fe,HCDN3222,exact,2025-2029,2025-12-10,2029-12-09,UNIÓN POR LA PATRIA,"Tepp, Caren"
2025-tierra-del-fuego-fuerza-patria-01,2025-tierra-del-fuego-fuerza-patria,diputados-2025,Tierra del Fuego,HCDN3227,exact,2025-2029,2025-12-10,2029-12-09,UNIÓN POR LA PATRIA,"Tita, Paulo Agustín"
2025-santa-fe-la-libertad-avanza-02,2025-santa-fe-la-libertad-avanza,diputados-2025,Santa Fe,HCDN3213,exact,2025-2029,2025-12-10,2029-12-09,LA LIBERTAD AVANZA,"Tomassoni, Yamile"
2025-buenos-aires-la-libertad-avanza-19,2025-buenos-aires-la-libertad-avanza,diputados-2025,Buenos Aires,HCDN3184,exact,2025-2029,2025-12-10,2029-12-09,LA LIBERTAD AVANZA,"Torres, Rubén Darío"
2025-rio-negro-la-libertad-avanza-01,2025-rio-negro-la-libertad-avanza,diputados-2025,Río Negro,HCDN2924,exact,2025-2029,2025-12-10,2029-12-09,LA LIBERTAD AVANZA,"Tortoriello, Aníbal"
2025-buenos-aires-fuerza-patria-15,2025-buenos-aires-fuerza-patria,diputados-2025,Buenos Aires,HCDN3180,exact,2025-2029,2025-12-10,2029-12-09,UNIÓN POR LA PATRIA,"Trotta, Nicolás Alfredo"
2025-buenos-aires-la-libertad-avanza-15,2025-buenos-aires-la-libertad-avanza,diputados-2025,Buenos Aires,HCDN3239,exact,2025-2029,2025-12-10,2029-12-09,LA LIBERTAD AVANZA,"Urien, Hernán"
2025-buenos-aires-fuerza-patria-16,2025-buenos-aires-fuerza-patria,diputados-2025,Buenos Aires,HCDN3173,fuzzy,2025-2029,2025-12-10,2029-12-09,UNIÓN POR LA PATRIA,"Velázquez, M. Elena"
2025-buenos-aires-la-libertad-avanza-16,2025-buenos-aires-la-libertad-avanza,diputados-2025,Buenos Aires,HCDN3179,exact,2025-2029,2025-12-10,2029-12-09,LA LIBERTAD AVANZA,"Vera, Andrea Fernanda"
2025-mendoza-la-libertad-avanza-02,2025-mendoza-la-libertad-avanza,diputados-2025,Mendoza,HCDN1555,exact,2025-2029,2025-12-10,2029-12-09,UCR - UNIÓN CÍVICA RADICAL,"Verasay, Pamela Fernanda"
2025-la-rioja-la-libertad-avanza-01,2025-la-rioja-la-libertad-avanza,diputados-2025,La Rioja,HCDN3214,exact,2025-2029,2025-12-10,2029-12-09,LA LIBERTAD AVANZA,"Visconti, Gino"
2025-buenos-aires-fuerza-patria-13,2025-buenos-aires-fuerza-patria,diputados-2025,Buenos Aires,HCDN2429,exact,2025-2029,2025-12-10,2029-12-09,UNIÓN POR LA PATRIA,"Yasky, Hugo"
2025-salta-la-libertad-avanza-02,2025-salta-la-libertad-avanza,diputados-2025,Salta,HCDN2900,exact,2025-2029,2025-12-10,2029-12-09,LA LIBERTAD AVANZA,"Zapata, Carlos Raúl"
2025-jujuy-frente-jujuy-crece-01,2025-jujuy-frente-jujuy-crece,diputados-2025,Jujuy,HCDN3182,exact,2025-2029,2025-12-10,2029-12-09,PROVINCIAS UNIDAS,"Zigarán, María Inés"
