legislator_id,law_id,acta_id,legislador,distrito,voto,voto_raw,hcdn_asset_id
HCDN1148,ley-bases-sancion-2024,5272,"Benedetti, Atilio",Entre Rios,AFIRMATIVO,afirmativo,A4774
HCDN2431,ley-bases-sancion-2024,5272,"Yedlin, Pablo Raul",Tucuman,NEGATIVO,negativo,A51126
HCDN2429,ley-bases-sancion-2024,5272,"Yasky, Hugo",Buenos Aires,NEGATIVO,negativo,A51095
HCDN2422,ley-bases-sancion-2024,5272,"Stefani, Hector Antonio",Tierra Del Fuego,AFIRMATIVO,afirmativo,A51130
HCDN2445,ley-bases-sancion-2024,5272,"Herrera, Bernardo Jose",Santiago Del Estero,NEGATIVO,negativo,A51138
HCDN2340,ley-bases-sancion-2024,5272,"Neder, Estela Mary",Santiago Del Estero,NEGATIVO,negativo,A51059
HCDN2754,ley-bases-sancion-2024,5272,"Rizzotti, Jorge",Jujuy,AFIRMATIVO,afirmativo,A51183
HCDN0972,ley-bases-sancion-2024,5272,"Aguirre, Hilda",La Rioja,NEGATIVO,negativo,A4608
HCDN1463,ley-bases-sancion-2024,5272,"Moreau, Cecilia",Buenos Aires,NEGATIVO,negativo,A50898
vote-estevez-gabriela,ley-bases-sancion-2024,5272,"Estevez, Gabriela",,NEGATIVO,negativo,A50936
HCDN2765,ley-bases-sancion-2024,5272,"Cisneros, Carlos",Tucuman,NEGATIVO,negativo,A51152
HCDN2768,ley-bases-sancion-2024,5272,"Gutierrez, Carlos",Cordoba,AFIRMATIVO,afirmativo,A51185
HCDN2773,ley-bases-sancion-2024,5272,"Soria, Martin",Rio Negro,NEGATIVO,negativo,A51225
HCDN2775,ley-bases-sancion-2024,5272,"Gutierrez, Ramiro",Buenos Aires,NEGATIVO,negativo,A51201
HCDN1447,ley-bases-sancion-2024,5272,"Banfi, Karina",Buenos Aires,AFIRMATIVO,afirmativo,A50906
HCDN1466,ley-bases-sancion-2024,5272,"Gonzalez, Alvaro",CABA,AFIRMATIVO,afirmativo,A50919
HCDN2780,ley-bases-sancion-2024,5272,"Casas, Sergio Guillermo",La Rioja,NEGATIVO,negativo,A51161
HCDN2980,ley-bases-sancion-2024,5272,"Moyano, Nilda",Santiago Del Estero,NEGATIVO,negativo,REC85
HCDN3007,ley-bases-sancion-2024,5272,"Marino, Juan",Buenos Aires,NEGATIVO,negativo,REC1936
HCDN2444,ley-bases-sancion-2024,5272,"Schlotthauer, Monica Leticia",Buenos Aires,NEGATIVO,negativo,A51139
HCDN2784,ley-bases-sancion-2024,5272,"Parola, Maria Graciela",Formosa,NEGATIVO,negativo,A51173
HCDN2787,ley-bases-sancion-2024,5272,"Ferraro, Maximiliano",CABA,AFIRMATIVO,afirmativo,A51181
HCDN2789,ley-bases-sancion-2024,5272,"Martinez, German Pedro",Santa Fe,NEGATIVO,negativo,A51215
HCDN2791,ley-bases-sancion-2024,5272,"Lopez Rodriguez, Dante",Catamarca,NEGATIVO,negativo,A51235
HCDN1439,ley-bases-sancion-2024,5272,"Lospennato, Silvia",Buenos Aires,AFIRMATIVO,afirmativo,A50900
HCDN0633,ley-bases-sancion-2024,5272,"Osuna, Blanca Ines",Entre Rios,NEGATIVO,negativo,A51218
HCDN2799,ley-bases-sancion-2024,5272,"Leiva, Aldo",Chaco,NEGATIVO,negativo,A51210
HCDN1489,ley-bases-sancion-2024,5272,"Kirchner, Maximo Carlos",Buenos Aires,NEGATIVO,negativo,A50966
HCDN2803,ley-bases-sancion-2024,5272,"Cipolini, Gerardo",Chaco,AFIRMATIVO,afirmativo,A51196
HCDN2804,ley-bases-sancion-2024,5272,"Hagman, Itai",CABA,NEGATIVO,negativo,A51202
HCDN2808,ley-bases-sancion-2024,5272,"Montoto, Maria Luisa",Santiago Del Estero,NEGATIVO,negativo,A51238
HCDN2810,ley-bases-sancion-2024,5272,"Frade, Monica",Buenos Aires,AUSENTE,ausente,A51199
HCDN1455,ley-bases-sancion-2024,5272,"Tailhade, Rodolfo",Buenos Aires,NEGATIVO,negativo,A50897
HCDN1500,ley-bases-sancion-2024,5272,"Nuñez, Jose",Santa Fe,AFIRMATIVO,afirmativo,A50973
HCDN2817,ley-bases-sancion-2024,5272,"Sand, Nancy",Corrientes,NEGATIVO,negativo,A51162
HCDN2821,ley-bases-sancion-2024,5272,"Penacca, Paula Andrea",CABA,NEGATIVO,negativo,A51180
HCDN2822,ley-bases-sancion-2024,5272,"Daives, Ricardo",Santiago Del Estero,NEGATIVO,negativo,A51182
HCDN2825,ley-bases-sancion-2024,5272,"Valdes, Eduardo Felix",CABA,NEGATIVO,negativo,A51237
HCDN0788,ley-bases-sancion-2024,5272,"Ritondo, Cristian A.",Buenos Aires,AFIRMATIVO,afirmativo,A51221
HCDN1180,ley-bases-sancion-2024,5272,"Heller, Carlos",CABA,NEGATIVO,negativo,A4763
HCDN2856,ley-bases-sancion-2024,5272,"Yutrovic, Carolina",Tierra Del Fuego,NEGATIVO,negativo,A51244
HCDN1375,ley-bases-sancion-2024,5272,"Gaillard, Ana Carolina",Entre Rios,NEGATIVO,negativo,A50833
HCDN2860,ley-bases-sancion-2024,5272,"Marziotta, Gisela",CABA,NEGATIVO,negativo,A51262
HCDN1524,ley-bases-sancion-2024,5272,"Snopek, Guillermo",Jujuy,NEGATIVO,negativo,A50947
HCDN2831,ley-bases-sancion-2024,5272,"Cafiero, Santiago",Buenos Aires,NEGATIVO,negativo,REC1953
HCDN2983,ley-bases-sancion-2024,5272,"Nieri, Lisandro",Mendoza,AFIRMATIVO,afirmativo,REC86
HCDN1361,ley-bases-sancion-2024,5272,"Carrizo, Ana Carla",CABA,AFIRMATIVO,afirmativo,A50810
HCDN1365,ley-bases-sancion-2024,5272,"Carrizo, Soledad",Cordoba,AFIRMATIVO,afirmativo,A50821
HCDN2362,ley-bases-sancion-2024,5272,"Campagnoli, Marcela",Buenos Aires,AFIRMATIVO,afirmativo,A51061
HCDN1364,ley-bases-sancion-2024,5272,"Baldassi, Hector W.",Cordoba,AFIRMATIVO,afirmativo,A50820
HCDN2361,ley-bases-sancion-2024,5272,"Brambilla, Sofia",Corrientes,AFIRMATIVO,afirmativo,A51039
HCDN2354,ley-bases-sancion-2024,5272,"Ansaloni, Pablo",Buenos Aires,AFIRMATIVO,afirmativo,A51049
HCDN2366,ley-bases-sancion-2024,5272,"Carro, Pablo",Cordoba,NEGATIVO,negativo,A51112
HCDN2350,ley-bases-sancion-2024,5272,"Allende, Walberto",San Juan,NEGATIVO,negativo,A51078
HCDN2376,ley-bases-sancion-2024,5272,"Fernandez Patri, Ramiro",Formosa,NEGATIVO,negativo,A51050
HCDN2401,ley-bases-sancion-2024,5272,"Lopez, Juan Manuel",Buenos Aires,AFIRMATIVO,afirmativo,A51044
HCDN2402,ley-bases-sancion-2024,5272,"Macha, Monica",Buenos Aires,NEGATIVO,negativo,A51094
vote-moreau-leopoldo,ley-bases-sancion-2024,5272,"Moreau, Leopoldo",,NEGATIVO,negativo,A51098
HCDN2400,ley-bases-sancion-2024,5272,"Oliveto Lago, Paula",CABA,AFIRMATIVO,afirmativo,A51115
HCDN1031,ley-bases-sancion-2024,5272,"Iglesias, Fernando Adolfo",CABA,AFIRMATIVO,afirmativo,A4666
HCDN2382,ley-bases-sancion-2024,5272,"Ginocchio, Silvana Micaela",Catamarca,NEGATIVO,negativo,A51051
HCDN1433,ley-bases-sancion-2024,5272,"Laspina, Luciano Andres",Santa Fe,AFIRMATIVO,afirmativo,A50884
HCDN1565,ley-bases-sancion-2024,5272,"Maquieyra, Martin",La Pampa,AFIRMATIVO,afirmativo,A51017
vote-reyes-roxana,ley-bases-sancion-2024,5272,"Reyes, Roxana",,AFIRMATIVO,afirmativo,A51077
HCDN2406,ley-bases-sancion-2024,5272,"Quetglas, Fabio Jose",Buenos Aires,AFIRMATIVO,afirmativo,A51096
HCDN2408,ley-bases-sancion-2024,5272,"Rauschenberger, Ariel",La Pampa,NEGATIVO,negativo,A51103
HCDN2421,ley-bases-sancion-2024,5272,"Siley, Vanesa Raquel",Buenos Aires,NEGATIVO,negativo,A51120
HCDN2392,ley-bases-sancion-2024,5272,"Medina, Gladys",Tucuman,AFIRMATIVO,afirmativo,A51113
HCDN2412,ley-bases-sancion-2024,5272,"Romero, Jorge Antonio",Corrientes,NEGATIVO,negativo,A51084
HCDN1383,ley-bases-sancion-2024,5272,"Del Caño, Nicolas",Buenos Aires,NEGATIVO,negativo,A50844
HCDN2986,ley-bases-sancion-2024,5272,"Zabala Chacur, Natalia",San Luis,NEGATIVO,negativo,REC102
HCDN0530,ley-bases-sancion-2024,5272,"Lombardi, Hernan",Buenos Aires,AFIRMATIVO,afirmativo,REC1
HCDN2925,ley-bases-sancion-2024,5272,"Stolbizer, Margarita",Buenos Aires,AFIRMATIVO,afirmativo,A1460
HCDN2955,ley-bases-sancion-2024,5272,"Finocchiaro, Alejandro",Buenos Aires,AFIRMATIVO,afirmativo,REC2
HCDN2913,ley-bases-sancion-2024,5272,"Borrego, Victoria",Buenos Aires,AFIRMATIVO,afirmativo,REC3
HCDN2901,ley-bases-sancion-2024,5272,"Espert, Jose Luis",Buenos Aires,AFIRMATIVO,afirmativo,REC4
HCDN2940,ley-bases-sancion-2024,5272,"Piparo, Carolina",Buenos Aires,AFIRMATIVO,afirmativo,REC5
HCDN2892,ley-bases-sancion-2024,5272,"Santoro, Leandro",CABA,NEGATIVO,negativo,REC8
HCDN2953,ley-bases-sancion-2024,5272,"Vidal, Maria Eugenia",CABA,AFIRMATIVO,afirmativo,REC9
HCDN2943,ley-bases-sancion-2024,5272,"Tetaz, Martin Alberto",CABA,AFIRMATIVO,afirmativo,REC10
HCDN2898,ley-bases-sancion-2024,5272,"Lopez Murphy, Ricardo Hipolito",CABA,AFIRMATIVO,afirmativo,REC11
HCDN2937,ley-bases-sancion-2024,5272,"Alonso, Constanza Maria",Buenos Aires,NEGATIVO,negativo,REC12
HCDN2915,ley-bases-sancion-2024,5272,"Pereyra, Julio",Buenos Aires,NEGATIVO,negativo,REC13
HCDN2936,ley-bases-sancion-2024,5272,"Litza, Monica",Buenos Aires,NEGATIVO,negativo,A51022
HCDN2356,ley-bases-sancion-2024,5272,"Arroyo, Daniel",Buenos Aires,NEGATIVO,negativo,A51073
HCDN2899,ley-bases-sancion-2024,5272,"Vargas Matyi, Brenda",Buenos Aires,NEGATIVO,negativo,REC14
HCDN2950,ley-bases-sancion-2024,5272,"Iparraguirre, Rogelio",Buenos Aires,NEGATIVO,negativo,REC15
HCDN2951,ley-bases-sancion-2024,5272,"Santilli, Diego",Buenos Aires,AFIRMATIVO,afirmativo,REC16
HCDN2896,ley-bases-sancion-2024,5272,"Tolosa Paz, Victoria",Buenos Aires,NEGATIVO,negativo,REC17
HCDN2926,ley-bases-sancion-2024,5272,"Gollan, Daniel",Buenos Aires,NEGATIVO,negativo,REC18
HCDN1460,ley-bases-sancion-2024,5272,"Passo, Marcela Fabiana",Buenos Aires,NEGATIVO,negativo,A50912
HCDN2904,ley-bases-sancion-2024,5272,"Palazzo, Sergio Omar",Buenos Aires,NEGATIVO,negativo,REC19
HCDN2905,ley-bases-sancion-2024,5272,"Propato, Agustina Lucrecia",Buenos Aires,NEGATIVO,negativo,REC20
HCDN2908,ley-bases-sancion-2024,5272,"Manes, Facundo",Buenos Aires,AFIRMATIVO,afirmativo,REC22
HCDN2895,ley-bases-sancion-2024,5272,"Tavela, Danya",Buenos Aires,AFIRMATIVO,afirmativo,REC23
HCDN1192,ley-bases-sancion-2024,5272,"Milman, Gerardo",Buenos Aires,AFIRMATIVO,afirmativo,A4769
HCDN2914,ley-bases-sancion-2024,5272,"Sotolano, Maria",Buenos Aires,AFIRMATIVO,afirmativo,REC24
HCDN1440,ley-bases-sancion-2024,5272,"Monzo, Emilio",Buenos Aires,AFIRMATIVO,afirmativo,A50901
HCDN2881,ley-bases-sancion-2024,5272,"Besana, Gabriela",Buenos Aires,AFIRMATIVO,afirmativo,REC25
HCDN2942,ley-bases-sancion-2024,5272,"De Loredo, Rodrigo",Cordoba,AFIRMATIVO,afirmativo,REC26
vote-rodriguez-machado-laura,ley-bases-sancion-2024,5272,"Rodriguez Machado, Laura",,AFIRMATIVO,afirmativo,REC27
HCDN2956,ley-bases-sancion-2024,5272,"Brouwer de Koning, Gabriela",Cordoba,AFIRMATIVO,afirmativo,REC29
HCDN2928,ley-bases-sancion-2024,5272,"De la Sota, Natalia",Cordoba,NEGATIVO,negativo,REC30
HCDN2910,ley-bases-sancion-2024,5272,"Garcia Aresca, Ignacio",Cordoba,AFIRMATIVO,afirmativo,REC31
HCDN2919,ley-bases-sancion-2024,5272,"Chumpitaz, Gabriel Felipe",Santa Fe,AFIRMATIVO,afirmativo,REC32
HCDN2738,ley-bases-sancion-2024,5272,"Mirabella, Roberto",Santa Fe,NEGATIVO,negativo,REC33
HCDN2948,ley-bases-sancion-2024,5272,"Mastaler, Magali",Santa Fe,NEGATIVO,negativo,REC34
HCDN2889,ley-bases-sancion-2024,5272,"Toniolli, Eduardo",Santa Fe,NEGATIVO,negativo,REC35
HCDN2891,ley-bases-sancion-2024,5272,"Fein, Monica",Santa Fe,NEGATIVO,negativo,A4629
HCDN2959,ley-bases-sancion-2024,5272,"Aguirre, Manuel Ignacio",Corrientes,AFIRMATIVO,afirmativo,REC37
HCDN2893,ley-bases-sancion-2024,5272,"Antola, Marcela",Entre Rios,AFIRMATIVO,afirmativo,REC38
HCDN2897,ley-bases-sancion-2024,5272,"Galimberti, Pedro Jorge",Entre Rios,AFIRMATIVO,afirmativo,REC39
HCDN2923,ley-bases-sancion-2024,5272,"Carbajal, Fernando",Formosa,AFIRMATIVO,afirmativo,REC41
HCDN2911,ley-bases-sancion-2024,5272,"Chaher, Leila",Jujuy,NEGATIVO,negativo,REC42
HCDN2935,ley-bases-sancion-2024,5272,"Vilca, Alejandro",Jujuy,NEGATIVO,negativo,REC43
HCDN2894,ley-bases-sancion-2024,5272,"Coli, Marcela",La Pampa,AFIRMATIVO,afirmativo,REC45
HCDN2944,ley-bases-sancion-2024,5272,"Marin, Varinia Lis",La Pampa,NEGATIVO,negativo,REC46
HCDN2902,ley-bases-sancion-2024,5272,"Pedrali, Gabriela",La Rioja,NEGATIVO,negativo,REC47
HCDN2949,ley-bases-sancion-2024,5272,"Herrera, Ricardo",La Rioja,NEGATIVO,negativo,REC48
HCDN2922,ley-bases-sancion-2024,5272,"Paponet, Liliana",Mendoza,NEGATIVO,negativo,REC49
HCDN1066,ley-bases-sancion-2024,5272,"Cobos, Julio",Mendoza,AFIRMATIVO,afirmativo,A50843
HCDN1555,ley-bases-sancion-2024,5272,"Verasay, Pamela Fernanda",Mendoza,AFIRMATIVO,afirmativo,REC50
HCDN2938,ley-bases-sancion-2024,5272,"Martinez, Alvaro",Mendoza,AFIRMATIVO,afirmativo,REC51
HCDN2985,ley-bases-sancion-2024,5272,"Fernandez, Carlos Alberto",Misiones,AFIRMATIVO,afirmativo,REC52
HCDN2934,ley-bases-sancion-2024,5272,"Arjol, Martin",Misiones,AFIRMATIVO,afirmativo,REC53
HCDN2941,ley-bases-sancion-2024,5272,"Klipauka Lewtak, Florencia",Misiones,AFIRMATIVO,afirmativo,REC54
HCDN2907,ley-bases-sancion-2024,5272,"Bertoldi, Tanya",Neuquen,NEGATIVO,negativo,REC56
HCDN2930,ley-bases-sancion-2024,5272,"Cervi, Pablo",Neuquen,AFIRMATIVO,afirmativo,REC57
HCDN2954,ley-bases-sancion-2024,5272,"Domingo, Agustin",Rio Negro,AFIRMATIVO,afirmativo,REC58
HCDN2924,ley-bases-sancion-2024,5272,"Tortoriello, Anibal",Rio Negro,AFIRMATIVO,afirmativo,REC59
HCDN2900,ley-bases-sancion-2024,5272,"Zapata, Carlos Raul",Salta,AFIRMATIVO,afirmativo,REC60
HCDN2884,ley-bases-sancion-2024,5272,"Estrada, Emiliano",Salta,NEGATIVO,negativo,REC61
HCDN2946,ley-bases-sancion-2024,5272,"Calletti, Pamela",Salta,AFIRMATIVO,afirmativo,REC62
HCDN2921,ley-bases-sancion-2024,5272,"Aubone, Ana Fabiola",San Juan,NEGATIVO,negativo,REC64
HCDN2917,ley-bases-sancion-2024,5272,"Bermejo, Adolfo",Mendoza,NEGATIVO,negativo,REC65
HCDN2979,ley-bases-sancion-2024,5272,"Gonzalez, Gustavo Carlos Miguel",Santa Cruz,NEGATIVO,negativo,REC68
HCDN2906,ley-bases-sancion-2024,5272,"Barletta, Mario",Santa Fe,AFIRMATIVO,afirmativo,A50864
HCDN2888,ley-bases-sancion-2024,5272,"Figueroa Casas, Germana",Santa Fe,AFIRMATIVO,afirmativo,REC70
HCDN2916,ley-bases-sancion-2024,5272,"Ajmechet, Sabrina",CABA,AFIRMATIVO,afirmativo,REC71
HCDN1356,ley-bases-sancion-2024,5272,"Pedrini, Juan Manuel",Chaco,NEGATIVO,negativo,A50816
HCDN2885,ley-bases-sancion-2024,5272,"Chomiak, Maria Luisa",Chaco,NEGATIVO,negativo,REC72
HCDN2929,ley-bases-sancion-2024,5272,"Polini, Juan Carlos",Chaco,AFIRMATIVO,afirmativo,REC73
HCDN2945,ley-bases-sancion-2024,5272,"Quiroz, Marilu",Chaco,AFIRMATIVO,afirmativo,REC74
HCDN2952,ley-bases-sancion-2024,5272,"Romero, Ana Clara",Chubut,AFIRMATIVO,afirmativo,REC75
HCDN2912,ley-bases-sancion-2024,5272,"Alianiello, Eugenia",Chubut,NEGATIVO,negativo,REC76
HCDN2927,ley-bases-sancion-2024,5272,"Monti, Francisco",Catamarca,AFIRMATIVO,afirmativo,REC77
HCDN2887,ley-bases-sancion-2024,5272,"Sanchez, Roberto Antonio",Tucuman,AFIRMATIVO,afirmativo,REC78
HCDN2909,ley-bases-sancion-2024,5272,"Omodeo, Paula",Tucuman,AFIRMATIVO,afirmativo,REC79
HCDN2903,ley-bases-sancion-2024,5272,"Fernandez, Agustin",Tucuman,AFIRMATIVO,afirmativo,REC81
HCDN1042,ley-bases-sancion-2024,5272,"Randazzo, Florencio",Buenos Aires,AFIRMATIVO,afirmativo,REC82
HCDN2947,ley-bases-sancion-2024,5272,"Bachey, Karina Ethel",San Luis,AFIRMATIVO,afirmativo,REC83
HCDN2886,ley-bases-sancion-2024,5272,"Ledesma, Tomas",Entre Rios,NEGATIVO,negativo,REC84
HCDN2976,ley-bases-sancion-2024,5272,"Zaracho, Natalia",Buenos Aires,NEGATIVO,negativo,REC101
HCDN3008,ley-bases-sancion-2024,5272,"Moran, Micaela",Buenos Aires,NEGATIVO,negativo,REC1937
HCDN3039,ley-bases-sancion-2024,5272,"Santillan Juarez Brahim, Juliana",Buenos Aires,AFIRMATIVO,afirmativo,REC1954
HCDN3102,ley-bases-sancion-2024,5272,"Treffinger, Cesar",Chubut,AFIRMATIVO,afirmativo,REC1955
HCDN3063,ley-bases-sancion-2024,5272,"Marquez, Nadia",Neuquen,AFIRMATIVO,afirmativo,REC1956
HCDN3032,ley-bases-sancion-2024,5272,"Arabia, Damian",CABA,AFIRMATIVO,afirmativo,REC1957
HCDN3060,ley-bases-sancion-2024,5272,"D'alessandro, Carlos",San Luis,AFIRMATIVO,afirmativo,REC1958
HCDN3083,ley-bases-sancion-2024,5272,"Todero, Pablo",Neuquen,NEGATIVO,negativo,REC1959
HCDN3078,ley-bases-sancion-2024,5272,"Potenza, Luciana",Buenos Aires,NEGATIVO,negativo,REC1960
HCDN3034,ley-bases-sancion-2024,5272,"Coletta, Mariela",CABA,AFIRMATIVO,afirmativo,REC1961
HCDN3099,ley-bases-sancion-2024,5272,"Garrido, Jose Luis",Santa Cruz,AFIRMATIVO,afirmativo,REC1962
HCDN3080,ley-bases-sancion-2024,5272,"Capozzi, Sergio Eduardo",Rio Negro,AFIRMATIVO,afirmativo,REC1963
HCDN3057,ley-bases-sancion-2024,5272,"Fernandez Molero, Daiana",CABA,AFIRMATIVO,afirmativo,REC1964
HCDN1272,ley-bases-sancion-2024,5272,"Ianni, Ana Maria",Santa Cruz,NEGATIVO,negativo,A50751
HCDN0022,ley-bases-sancion-2024,5272,"Pichetto, Miguel Angel",Buenos Aires,AFIRMATIVO,afirmativo,REC1965
HCDN3043,ley-bases-sancion-2024,5272,"Giudici, Silvana",CABA,AFIRMATIVO,afirmativo,A4356
HCDN3088,ley-bases-sancion-2024,5272,"Bonacci, Rocio",Santa Fe,AFIRMATIVO,afirmativo,REC1966
HCDN3091,ley-bases-sancion-2024,5272,"Villaverde, Lorena",Rio Negro,AFIRMATIVO,afirmativo,REC1967
HCDN3061,ley-bases-sancion-2024,5272,"Pagano, Marcela Marina",Buenos Aires,AFIRMATIVO,afirmativo,REC1968
HCDN3089,ley-bases-sancion-2024,5272,"Falcone, Eduardo",Buenos Aires,AFIRMATIVO,afirmativo,REC1969
HCDN3047,ley-bases-sancion-2024,5272,"Araujo Hernandez, Jorge Neri",Tierra Del Fuego,NEGATIVO,negativo,REC1970
HCDN3068,ley-bases-sancion-2024,5272,"Juliano, Pablo",Buenos Aires,AFIRMATIVO,afirmativo,REC1972
HCDN3087,ley-bases-sancion-2024,5272,"Freites, Andrea",Tierra Del Fuego,NEGATIVO,negativo,REC1973
HCDN3048,ley-bases-sancion-2024,5272,"Bongiovanni, Alejandro",Santa Fe,AFIRMATIVO,afirmativo,REC1974
HCDN3075,ley-bases-sancion-2024,5272,"Macyszyn, Lorena",Buenos Aires,AFIRMATIVO,afirmativo,REC1975
HCDN3045,ley-bases-sancion-2024,5272,"Monzon, Roxana",Buenos Aires,NEGATIVO,negativo,REC1976
HCDN3105,ley-bases-sancion-2024,5272,"Pauli, Santiago",Tierra Del Fuego,AFIRMATIVO,afirmativo,REC1978
HCDN3090,ley-bases-sancion-2024,5272,"Carignano, Florencia",Santa Fe,NEGATIVO,negativo,REC1979
HCDN3095,ley-bases-sancion-2024,5272,"Montenegro, Guillermo",Buenos Aires,AFIRMATIVO,afirmativo,REC1980
HCDN3101,ley-bases-sancion-2024,5272,"De Sensi, Maria Florencia",Buenos Aires,AFIRMATIVO,afirmativo,REC2039
HCDN3139,ley-bases-sancion-2024,5272,"Ferreyra, Alida",CABA,AFIRMATIVO,afirmativo,REC2046
HCDN3141,ley-bases-sancion-2024,5272,"Biasi, Vanina",CABA,NEGATIVO,negativo,REC2047
HCDN3026,ley-bases-sancion-2024,5272,"Giorgi, Melina",Santa Fe,AFIRMATIVO,afirmativo,REC2040
HCDN3024,ley-bases-sancion-2024,5272,"Emma, Nicolas",CABA,AFIRMATIVO,afirmativo,REC2042
vote-acevedo-sergio-edgardo,ley-bases-sancion-2024,5272,"Acevedo, Sergio Edgardo",,AUSENTE,ausente,REC2043
HCDN3025,ley-bases-sancion-2024,5272,"Llancafilo, Osvaldo",Neuquen,AFIRMATIVO,afirmativo,REC2044
HCDN3016,ley-bases-sancion-2024,5272,"Sarapura, Natalia Silvina",Jujuy,AFIRMATIVO,afirmativo,REC1944
HCDN3052,ley-bases-sancion-2024,5272,"Avila, Fernanda",Catamarca,NEGATIVO,negativo,REC1981
HCDN3086,ley-bases-sancion-2024,5272,"Yeza, Martin",Buenos Aires,AFIRMATIVO,afirmativo,REC1982
HCDN3059,ley-bases-sancion-2024,5272,"Arrieta, Lourdes Micaela",Mendoza,AFIRMATIVO,afirmativo,REC1983
HCDN1456,ley-bases-sancion-2024,5272,"Volnovich, Luana",Buenos Aires,NEGATIVO,negativo,A50899
HCDN3103,ley-bases-sancion-2024,5272,"Moreno Ovalle, Julio",Salta,AFIRMATIVO,afirmativo,REC1984
HCDN3028,ley-bases-sancion-2024,5272,"Aveiro, Martin",Mendoza,NEGATIVO,negativo,REC1985
HCDN3037,ley-bases-sancion-2024,5272,"Vasquez, Patricia",Buenos Aires,AFIRMATIVO,afirmativo,REC1986
HCDN3096,ley-bases-sancion-2024,5272,"Orozco, Emilia",Salta,AFIRMATIVO,afirmativo,REC1987
HCDN3064,ley-bases-sancion-2024,5272,"Benegas Lynch, Bertie",Buenos Aires,AFIRMATIVO,afirmativo,REC1988
HCDN3076,ley-bases-sancion-2024,5272,"Noblega, Sebastian",Catamarca,NEGATIVO,negativo,REC1989
HCDN3072,ley-bases-sancion-2024,5272,"Correa Llano, Facundo",Mendoza,AFIRMATIVO,afirmativo,REC1990
HCDN3100,ley-bases-sancion-2024,5272,"Outes, Pablo",Salta,AFIRMATIVO,afirmativo,REC1991
HCDN3070,ley-bases-sancion-2024,5272,"Llano, Mercedes",Mendoza,AFIRMATIVO,afirmativo,REC1992
HCDN3106,ley-bases-sancion-2024,5272,"Garcia, Carlos",Chaco,AFIRMATIVO,afirmativo,REC1993
HCDN3084,ley-bases-sancion-2024,5272,"Lemoine, Lilia",Buenos Aires,AFIRMATIVO,afirmativo,REC1994
HCDN3033,ley-bases-sancion-2024,5272,"Strada, Julia",Buenos Aires,NEGATIVO,negativo,REC1995
HCDN3030,ley-bases-sancion-2024,5272,"Arrua, Alberto",Misiones,AFIRMATIVO,afirmativo,REC1996
HCDN3038,ley-bases-sancion-2024,5272,"Vega, Yolanda",Salta,AFIRMATIVO,afirmativo,REC1997
HCDN3054,ley-bases-sancion-2024,5272,"Selva, Sabrina",Buenos Aires,NEGATIVO,negativo,REC1998
HCDN3079,ley-bases-sancion-2024,5272,"Bianchetti, Emmanuel",Misiones,AFIRMATIVO,afirmativo,REC1999
HCDN3094,ley-bases-sancion-2024,5272,"Avila, Jorge Antonio",Chubut,AFIRMATIVO,afirmativo,REC2000
HCDN3085,ley-bases-sancion-2024,5272,"Chica, Jorge",San Juan,NEGATIVO,negativo,REC2001
HCDN1454,ley-bases-sancion-2024,5272,"Castagneto, Carlos Daniel",Buenos Aires,NEGATIVO,negativo,A50896
HCDN3040,ley-bases-sancion-2024,5272,"Peluc, Jose",San Juan,AFIRMATIVO,afirmativo,REC2002
HCDN3065,ley-bases-sancion-2024,5272,"Santurio, Santiago",Buenos Aires,AFIRMATIVO,afirmativo,REC2003
HCDN3053,ley-bases-sancion-2024,5272,"Glinski, Jose",Chubut,NEGATIVO,negativo,REC2004
HCDN3036,ley-bases-sancion-2024,5272,"Ruiz, Yamila",Misiones,AFIRMATIVO,afirmativo,REC2005
HCDN3050,ley-bases-sancion-2024,5272,"Picon Martinez, Nancy Viviana",San Juan,AFIRMATIVO,afirmativo,REC2006
HCDN3066,ley-bases-sancion-2024,5272,"Castillo, Christian",Buenos Aires,NEGATIVO,negativo,REC2007
HCDN3031,ley-bases-sancion-2024,5272,"Vancsik, Daniel",Misiones,AFIRMATIVO,afirmativo,REC2008
HCDN3140,ley-bases-sancion-2024,5272,"Ali, Ernesto Pipi",San Luis,NEGATIVO,negativo,REC2009
HCDN3081,ley-bases-sancion-2024,5272,"Manrique, Mario",Buenos Aires,NEGATIVO,negativo,REC2010
HCDN3082,ley-bases-sancion-2024,5272,"Pokoik, Lorena",CABA,NEGATIVO,negativo,REC2011
HCDN3041,ley-bases-sancion-2024,5272,"Diez, Romina",Santa Fe,AFIRMATIVO,afirmativo,REC2012
HCDN3044,ley-bases-sancion-2024,5272,"Campero, Mariano",Tucuman,AFIRMATIVO,afirmativo,REC2013
HCDN1512,ley-bases-sancion-2024,5272,"Massot, Nicolas",Buenos Aires,AFIRMATIVO,afirmativo,A50934
HCDN3074,ley-bases-sancion-2024,5272,"Giuliano, Diego A.",Santa Fe,NEGATIVO,negativo,REC2014
HCDN3111,ley-bases-sancion-2024,5272,"Benedit, Beltran",Entre Rios,AFIRMATIVO,afirmativo,REC2015
HCDN3073,ley-bases-sancion-2024,5272,"Zago, Oscar",CABA,AFIRMATIVO,afirmativo,REC2016
HCDN3071,ley-bases-sancion-2024,5272,"Mayoraz, Nicolas",Santa Fe,AFIRMATIVO,afirmativo,REC2017
HCDN3056,ley-bases-sancion-2024,5272,"Molle, Matias",Buenos Aires,NEGATIVO,negativo,REC2018
HCDN3108,ley-bases-sancion-2024,5272,"Paulon, Esteban",Santa Fe,NEGATIVO,negativo,REC2019
HCDN3035,ley-bases-sancion-2024,5272,"Bordet, Gustavo",Entre Rios,NEGATIVO,negativo,REC2020
HCDN3058,ley-bases-sancion-2024,5272,"Avico, Belen",Cordoba,AFIRMATIVO,afirmativo,REC2021
HCDN3110,ley-bases-sancion-2024,5272,"Razzini, Veronica",Santa Fe,AFIRMATIVO,afirmativo,REC2022
HCDN3107,ley-bases-sancion-2024,5272,"Menem, Martin",La Rioja,PRESIDENTE,presidente,REC2023
HCDN3042,ley-bases-sancion-2024,5272,"Bornoroni, Gabriel",Cordoba,AFIRMATIVO,afirmativo,REC2024
HCDN3093,ley-bases-sancion-2024,5272,"Campitelli, Celia",Santiago Del Estero,NEGATIVO,negativo,REC2025
HCDN3046,ley-bases-sancion-2024,5272,"Morchio, Francisco",Entre Rios,AFIRMATIVO,afirmativo,REC2026
HCDN3062,ley-bases-sancion-2024,5272,"Gomez, Jose",Santiago Del Estero,NEGATIVO,negativo,REC2027
HCDN1240,ley-bases-sancion-2024,5272,"Basterra, Luis Eugenio",Formosa,NEGATIVO,negativo,A50726
HCDN1577,ley-bases-sancion-2024,5272,"Brügge, Juan Fernando",Cordoba,AFIRMATIVO,afirmativo,A51013
HCDN3098,ley-bases-sancion-2024,5272,"Huesen, Gerardo",Tucuman,AFIRMATIVO,afirmativo,REC2028
HCDN3049,ley-bases-sancion-2024,5272,"Ardohain, Martin",La Pampa,AFIRMATIVO,afirmativo,REC2029
HCDN3055,ley-bases-sancion-2024,5272,"Gonzalez, Gerardo Gustavo",Formosa,AFIRMATIVO,afirmativo,REC2030
HCDN3092,ley-bases-sancion-2024,5272,"Ibañez, Maria Cecilia",Cordoba,AFIRMATIVO,afirmativo,REC2031
HCDN3051,ley-bases-sancion-2024,5272,"Picat, Luis Albino",Cordoba,AFIRMATIVO,afirmativo,REC2032
HCDN3097,ley-bases-sancion-2024,5272,"Quintar, Manuel",Jujuy,AFIRMATIVO,afirmativo,REC2033
HCDN3069,ley-bases-sancion-2024,5272,"Ponce, Maria Celeste",Cordoba,AFIRMATIVO,afirmativo,REC2034
HCDN3029,ley-bases-sancion-2024,5272,"Almiron, Lisandro",Corrientes,AFIRMATIVO,afirmativo,REC2035
HCDN3109,ley-bases-sancion-2024,5272,"Torres, Alejandra",Cordoba,AFIRMATIVO,afirmativo,REC2036
HCDN3067,ley-bases-sancion-2024,5272,"Vallejos, Alfredo",Corrientes,AFIRMATIVO,afirmativo,REC2037
HCDN3077,ley-bases-sancion-2024,5272,"Zulli, Christian Alejandro",Corrientes,NEGATIVO,negativo,REC2038
HCDN3018,ley-bases-sancion-2024,5272,"Agost Carreño, Oscar",Cordoba,AFIRMATIVO,afirmativo,REC1948
HCDN3020,ley-bases-sancion-2024,5272,"Fernandez, Elia Marina",Tucuman,AFIRMATIVO,afirmativo,REC1951
HCDN3022,ley-bases-sancion-2024,5272,"Arancibia Rodriguez, Alberto Gustavo",San Luis,AFIRMATIVO,afirmativo,REC1952
HCDN3104,ley-bases-sancion-2024,5272,"Moreno, Maria de los Angeles",San Juan,AFIRMATIVO,afirmativo,REC2041
HCDN3023,ley-bases-sancion-2024,5272,"Araujo, Maria Fernanda",CABA,AFIRMATIVO,afirmativo,REC2045
HCDN1148,paquete-fiscal-sancion-2024,5276,"Benedetti, Atilio",Entre Rios,AFIRMATIVO,afirmativo,A4774
HCDN2431,paquete-fiscal-sancion-2024,5276,"Yedlin, Pablo Raul",Tucuman,NEGATIVO,negativo,A51126
HCDN2429,paquete-fiscal-sancion-2024,5276,"Yasky, Hugo",Buenos Aires,NEGATIVO,negativo,A51095
HCDN2422,paquete-fiscal-sancion-2024,5276,"Stefani, Hector Antonio",Tierra Del Fuego,AFIRMATIVO,afirmativo,A51130
HCDN2445,paquete-fiscal-sancion-2024,5276,"Herrera, Bernardo Jose",Santiago Del Estero,NEGATIVO,negativo,A51138
HCDN2340,paquete-fiscal-sancion-2024,5276,"Neder, Estela Mary",Santiago Del Estero,NEGATIVO,negativo,A51059
HCDN2754,paquete-fiscal-sancion-2024,5276,"Rizzotti, Jorge",Jujuy,AFIRMATIVO,afirmativo,A51183
HCDN0972,paquete-fiscal-sancion-2024,5276,"Aguirre, Hilda",La Rioja,NEGATIVO,negativo,A4608
HCDN1463,paquete-fiscal-sancion-2024,5276,"Moreau, Cecilia",Buenos Aires,NEGATIVO,negativo,A50898
vote-estevez-gabriela,paquete-fiscal-sancion-2024,5276,"Estevez, Gabriela",,NEGATIVO,negativo,A50936
HCDN2765,paquete-fiscal-sancion-2024,5276,"Cisneros, Carlos",Tucuman,NEGATIVO,negativo,A51152
HCDN2768,paquete-fiscal-sancion-2024,5276,"Gutierrez, Carlos",Cordoba,AFIRMATIVO,afirmativo,A51185
HCDN2773,paquete-fiscal-sancion-2024,5276,"Soria, Martin",Rio Negro,NEGATIVO,negativo,A51225
HCDN2775,paquete-fiscal-sancion-2024,5276,"Gutierrez, Ramiro",Buenos Aires,NEGATIVO,negativo,A51201
HCDN1447,paquete-fiscal-sancion-2024,5276,"Banfi, Karina",Buenos Aires,AFIRMATIVO,afirmativo,A50906
HCDN1466,paquete-fiscal-sancion-2024,5276,"Gonzalez, Alvaro",CABA,AFIRMATIVO,afirmativo,A50919
HCDN2780,paquete-fiscal-sancion-2024,5276,"Casas, Sergio Guillermo",La Rioja,NEGATIVO,negativo,A51161
HCDN2980,paquete-fiscal-sancion-2024,5276,"Moyano, Nilda",Santiago Del Estero,NEGATIVO,negativo,REC85
HCDN3007,paquete-fiscal-sancion-2024,5276,"Marino, Juan",Buenos Aires,NEGATIVO,negativo,REC1936
HCDN2444,paquete-fiscal-sancion-2024,5276,"Schlotthauer, Monica Leticia",Buenos Aires,NEGATIVO,negativo,A51139
HCDN2784,paquete-fiscal-sancion-2024,5276,"Parola, Maria Graciela",Formosa,NEGATIVO,negativo,A51173
HCDN2787,paquete-fiscal-sancion-2024,5276,"Ferraro, Maximiliano",CABA,AUSENTE,ausente,A51181
HCDN2789,paquete-fiscal-sancion-2024,5276,"Martinez, German Pedro",Santa Fe,NEGATIVO,negativo,A51215
HCDN2791,paquete-fiscal-sancion-2024,5276,"Lopez Rodriguez, Dante",Catamarca,NEGATIVO,negativo,A51235
HCDN1439,paquete-fiscal-sancion-2024,5276,"Lospennato, Silvia",Buenos Aires,AFIRMATIVO,afirmativo,A50900
HCDN0633,paquete-fiscal-sancion-2024,5276,"Osuna, Blanca Ines",Entre Rios,NEGATIVO,negativo,A51218
HCDN2799,paquete-fiscal-sancion-2024,5276,"Leiva, Aldo",Chaco,NEGATIVO,negativo,A51210
HCDN1489,paquete-fiscal-sancion-2024,5276,"Kirchner, Maximo Carlos",Buenos Aires,NEGATIVO,negativo,A50966
HCDN2803,paquete-fiscal-sancion-2024,5276,"Cipolini, Gerardo",Chaco,AFIRMATIVO,afirmativo,A51196
HCDN2804,paquete-fiscal-sancion-2024,5276,"Hagman, Itai",CABA,NEGATIVO,negativo,A51202
HCDN2808,paquete-fiscal-sancion-2024,5276,"Montoto, Maria Luisa",Santiago Del Estero,NEGATIVO,negativo,A51238
HCDN2810,paquete-fiscal-sancion-2024,5276,"Frade, Monica",Buenos Aires,AUSENTE,ausente,A51199
HCDN1455,paquete-fiscal-sancion-2024,5276,"Tailhade, Rodolfo",Buenos Aires,NEGATIVO,negativo,A50897
HCDN1500,paquete-fiscal-sancion-2024,5276,"Nuñez, Jose",Santa Fe,AFIRMATIVO,afirmativo,A50973
HCDN2817,paquete-fiscal-sancion-2024,5276,"Sand, Nancy",Corrientes,NEGATIVO,negativo,A51162
HCDN2821,paquete-fiscal-sancion-2024,5276,"Penacca, Paula Andrea",CABA,NEGATIVO,negativo,A51180
HCDN2822,paquete-fiscal-sancion-2024,5276,"Daives, Ricardo",Santiago Del Estero,NEGATIVO,negativo,A51182
HCDN2825,paquete-fiscal-sancion-2024,5276,"Valdes, Eduardo Felix",CABA,NEGATIVO,negativo,A51237
HCDN0788,paquete-fiscal-sancion-2024,5276,"Ritondo, Cristian A.",Buenos Aires,AFIRMATIVO,afirmativo,A51221
HCDN1180,paquete-fiscal-sancion-2024,5276,"Heller, Carlos",CABA,NEGATIVO,negativo,A4763
HCDN2856,paquete-fiscal-sancion-2024,5276,"Yutrovic, Carolina",Tierra Del Fuego,NEGATIVO,negativo,A51244
HCDN1375,paquete-fiscal-sancion-2024,5276,"Gaillard, Ana Carolina",Entre Rios,NEGATIVO,negativo,A50833
HCDN2860,paquete-fiscal-sancion-2024,5276,"Marziotta, Gisela",CABA,NEGATIVO,negativo,A51262
HCDN1524,paquete-fiscal-sancion-2024,5276,"Snopek, Guillermo",Jujuy,NEGATIVO,negativo,A50947
HCDN2831,paquete-fiscal-sancion-2024,5276,"Cafiero, Santiago",Buenos Aires,NEGATIVO,negativo,REC1953
HCDN2983,paquete-fiscal-sancion-2024,5276,"Nieri, Lisandro",Mendoza,AFIRMATIVO,afirmativo,REC86
HCDN1361,paquete-fiscal-sancion-2024,5276,"Carrizo, Ana Carla",CABA,AFIRMATIVO,afirmativo,A50810
HCDN1365,paquete-fiscal-sancion-2024,5276,"Carrizo, Soledad",Cordoba,AFIRMATIVO,afirmativo,A50821
HCDN2362,paquete-fiscal-sancion-2024,5276,"Campagnoli, Marcela",Buenos Aires,AFIRMATIVO,afirmativo,A51061
HCDN1364,paquete-fiscal-sancion-2024,5276,"Baldassi, Hector W.",Cordoba,AFIRMATIVO,afirmativo,A50820
HCDN2361,paquete-fiscal-sancion-2024,5276,"Brambilla, Sofia",Corrientes,AFIRMATIVO,afirmativo,A51039
HCDN2354,paquete-fiscal-sancion-2024,5276,"Ansaloni, Pablo",Buenos Aires,AFIRMATIVO,afirmativo,A51049
HCDN2366,paquete-fiscal-sancion-2024,5276,"Carro, Pablo",Cordoba,NEGATIVO,negativo,A51112
HCDN2350,paquete-fiscal-sancion-2024,5276,"Allende, Walberto",San Juan,NEGATIVO,negativo,A51078
HCDN2376,paquete-fiscal-sancion-2024,5276,"Fernandez Patri, Ramiro",Formosa,NEGATIVO,negativo,A51050
HCDN2401,paquete-fiscal-sancion-2024,5276,"Lopez, Juan Manuel",Buenos Aires,AFIRMATIVO,afirmativo,A51044
HCDN2402,paquete-fiscal-sancion-2024,5276,"Macha, Monica",Buenos Aires,NEGATIVO,negativo,A51094
vote-moreau-leopoldo,paquete-fiscal-sancion-2024,5276,"Moreau, Leopoldo",,NEGATIVO,negativo,A51098
HCDN2400,paquete-fiscal-sancion-2024,5276,"Oliveto Lago, Paula",CABA,AFIRMATIVO,afirmativo,A51115
HCDN1031,paquete-fiscal-sancion-2024,5276,"Iglesias, Fernando Adolfo",CABA,AFIRMATIVO,afirmativo,A4666
HCDN2382,paquete-fiscal-sancion-2024,5276,"Ginocchio, Silvana Micaela",Catamarca,NEGATIVO,negativo,A51051
HCDN1433,paquete-fiscal-sancion-2024,5276,"Laspina, Luciano Andres",Santa Fe,AFIRMATIVO,afirmativo,A50884
HCDN1565,paquete-fiscal-sancion-2024,5276,"Maquieyra, Martin",La Pampa,AFIRMATIVO,afirmativo,A51017
vote-reyes-roxana,paquete-fiscal-sancion-2024,5276,"Reyes, Roxana",,AFIRMATIVO,afirmativo,A51077
HCDN2406,paquete-fiscal-sancion-2024,5276,"Quetglas, Fabio Jose",Buenos Aires,AFIRMATIVO,afirmativo,A51096
HCDN2408,paquete-fiscal-sancion-2024,5276,"Rauschenberger, Ariel",La Pampa,NEGATIVO,negativo,A51103
HCDN2421,paquete-fiscal-sancion-2024,5276,"Siley, Vanesa Raquel",Buenos Aires,NEGATIVO,negativo,A51120
HCDN2392,paquete-fiscal-sancion-2024,5276,"Medina, Gladys",Tucuman,AFIRMATIVO,afirmativo,A51113
HCDN2412,paquete-fiscal-sancion-2024,5276,"Romero, Jorge Antonio",Corrientes,NEGATIVO,negativo,A51084
HCDN1383,paquete-fiscal-sancion-2024,5276,"Del Caño, Nicolas",Buenos Aires,NEGATIVO,negativo,A50844
HCDN2986,paquete-fiscal-sancion-2024,5276,"Zabala Chacur, Natalia",San Luis,NEGATIVO,negativo,REC102
HCDN0530,paquete-fiscal-sancion-2024,5276,"Lombardi, Hernan",Buenos Aires,AFIRMATIVO,afirmativo,REC1
HCDN2925,paquete-fiscal-sancion-2024,5276,"Stolbizer, Margarita",Buenos Aires,AFIRMATIVO,afirmativo,A1460
HCDN2955,paquete-fiscal-sancion-2024,5276,"Finocchiaro, Alejandro",Buenos Aires,AFIRMATIVO,afirmativo,REC2
HCDN2913,paquete-fiscal-sancion-2024,5276,"Borrego, Victoria",Buenos Aires,AFIRMATIVO,afirmativo,REC3
HCDN2901,paquete-fiscal-sancion-2024,5276,"Espert, Jose Luis",Buenos Aires,AFIRMATIVO,afirmativo,REC4
HCDN2940,paquete-fiscal-sancion-2024,5276,"Piparo, Carolina",Buenos Aires,AFIRMATIVO,afirmativo,REC5
HCDN2892,paquete-fiscal-sancion-2024,5276,"Santoro, Leandro",CABA,NEGATIVO,negativo,REC8
HCDN2953,paquete-fiscal-sancion-2024,5276,"Vidal, Maria Eugenia",CABA,AFIRMATIVO,afirmativo,REC9
HCDN2943,paquete-fiscal-sancion-2024,5276,"Tetaz, Martin Alberto",CABA,AFIRMATIVO,afirmativo,REC10
HCDN2898,paquete-fiscal-sancion-2024,5276,"Lopez Murphy, Ricardo Hipolito",CABA,AFIRMATIVO,afirmativo,REC11
HCDN2937,paquete-fiscal-sancion-2024,5276,"Alonso, Constanza Maria",Buenos Aires,NEGATIVO,negativo,REC12
HCDN2915,paquete-fiscal-sancion-2024,5276,"Pereyra, Julio",Buenos Aires,NEGATIVO,negativo,REC13
HCDN2936,paquete-fiscal-sancion-2024,5276,"Litza, Monica",Buenos Aires,NEGATIVO,negativo,A51022
HCDN2356,paquete-fiscal-sancion-2024,5276,"Arroyo, Daniel",Buenos Aires,NEGATIVO,negativo,A51073
HCDN2899,paquete-fiscal-sancion-2024,5276,"Vargas Matyi, Brenda",Buenos Aires,NEGATIVO,negativo,REC14
HCDN2950,paquete-fiscal-sancion-2024,5276,"Iparraguirre, Rogelio",Buenos Aires,NEGATIVO,negativo,REC15
HCDN2951,paquete-fiscal-sancion-2024,5276,"Santilli, Diego",Buenos Aires,AFIRMATIVO,afirmativo,REC16
HCDN2896,paquete-fiscal-sancion-2024,5276,"Tolosa Paz, Victoria",Buenos Aires,NEGATIVO,negativo,REC17
HCDN2926,paquete-fiscal-sancion-2024,5276,"Gollan, Daniel",Buenos Aires,NEGATIVO,negativo,REC18
HCDN1460,paquete-fiscal-sancion-2024,5276,"Passo, Marcela Fabiana",Buenos Aires,NEGATIVO,negativo,A50912
HCDN2904,paquete-fiscal-sancion-2024,5276,"Palazzo, Sergio Omar",Buenos Aires,NEGATIVO,negativo,REC19
HCDN2905,paquete-fiscal-sancion-2024,5276,"Propato, Agustina Lucrecia",Buenos Aires,NEGATIVO,negativo,REC20
HCDN2908,paquete-fiscal-sancion-2024,5276,"Manes, Facundo",Buenos Aires,AFIRMATIVO,afirmativo,REC22
HCDN2895,paquete-fiscal-sancion-2024,5276,"Tavela, Danya",Buenos Aires,AFIRMATIVO,afirmativo,REC23
HCDN1192,paquete-fiscal-sancion-2024,5276,"Milman, Gerardo",Buenos Aires,AFIRMATIVO,afirmativo,A4769
HCDN2914,paquete-fiscal-sancion-2024,5276,"Sotolano, Maria",Buenos Aires,AFIRMATIVO,afirmativo,REC24
HCDN1440,paquete-fiscal-sancion-2024,5276,"Monzo, Emilio",Buenos Aires,AFIRMATIVO,afirmativo,A50901
HCDN2881,paquete-fiscal-sancion-2024,5276,"Besana, Gabriela",Buenos Aires,AFIRMATIVO,afirmativo,REC25
HCDN2942,paquete-fiscal-sancion-2024,5276,"De Loredo, Rodrigo",Cordoba,AFIRMATIVO,afirmativo,REC26
vote-rodriguez-machado-laura,paquete-fiscal-sancion-2024,5276,"Rodriguez Machado, Laura",,AFIRMATIVO,afirmativo,REC27
HCDN2956,paquete-fiscal-sancion-2024,5276,"Brouwer de Koning, Gabriela",Cordoba,AFIRMATIVO,afirmativo,REC29
HCDN2928,paquete-fiscal-sancion-2024,5276,"De la Sota, Natalia",Cordoba,NEGATIVO,negativo,REC30
HCDN2910,paquete-fiscal-sancion-2024,5276,"Garcia Aresca, Ignacio",Cordoba,AFIRMATIVO,afirmativo,REC31
HCDN2919,paquete-fiscal-sancion-2024,5276,"Chumpitaz, Gabriel Felipe",Santa Fe,AFIRMATIVO,afirmativo,REC32
HCDN2738,paquete-fiscal-sancion-2024,5276,"Mirabella, Roberto",Santa Fe,NEGATIVO,negativo,REC33
HCDN2948,paquete-fiscal-sancion-2024,5276,"Mastaler, Magali",Santa Fe,NEGATIVO,negativo,REC34
HCDN2889,paquete-fiscal-sancion-2024,5276,"Toniolli, Eduardo",Santa Fe,NEGATIVO,negativo,REC35
HCDN2891,paquete-fiscal-sancion-2024,5276,"Fein, Monica",Santa Fe,NEGATIVO,negativo,A4629
HCDN2959,paquete-fiscal-sancion-2024,5276,"Aguirre, Manuel Ignacio",Corrientes,AUSENTE,ausente,REC37
HCDN2893,paquete-fiscal-sancion-2024,5276,"Antola, Marcela",Entre Rios,AFIRMATIVO,afirmativo,REC38
HCDN2897,paquete-fiscal-sancion-2024,5276,"Galimberti, Pedro Jorge",Entre Rios,AFIRMATIVO,afirmativo,REC39
HCDN2923,paquete-fiscal-sancion-2024,5276,"Carbajal, Fernando",Formosa,AFIRMATIVO,afirmativo,REC41
HCDN2911,paquete-fiscal-sancion-2024,5276,"Chaher, Leila",Jujuy,NEGATIVO,negativo,REC42
HCDN2935,paquete-fiscal-sancion-2024,5276,"Vilca, Alejandro",Jujuy,NEGATIVO,negativo,REC43
HCDN2894,paquete-fiscal-sancion-2024,5276,"Coli, Marcela",La Pampa,AFIRMATIVO,afirmativo,REC45
HCDN2944,paquete-fiscal-sancion-2024,5276,"Marin, Varinia Lis",La Pampa,NEGATIVO,negativo,REC46
HCDN2902,paquete-fiscal-sancion-2024,5276,"Pedrali, Gabriela",La Rioja,NEGATIVO,negativo,REC47
HCDN2949,paquete-fiscal-sancion-2024,5276,"Herrera, Ricardo",La Rioja,NEGATIVO,negativo,REC48
HCDN2922,paquete-fiscal-sancion-2024,5276,"Paponet, Liliana",Mendoza,NEGATIVO,negativo,REC49
HCDN1066,paquete-fiscal-sancion-2024,5276,"Cobos, Julio",Mendoza,AFIRMATIVO,afirmativo,A50843
HCDN1555,paquete-fiscal-sancion-2024,5276,"Verasay, Pamela Fernanda",Mendoza,AFIRMATIVO,afirmativo,REC50
HCDN2938,paquete-fiscal-sancion-2024,5276,"Martinez, Alvaro",Mendoza,AFIRMATIVO,afirmativo,REC51
HCDN2985,paquete-fiscal-sancion-2024,5276,"Fernandez, Carlos Alberto",Misiones,AFIRMATIVO,afirmativo,REC52
HCDN2934,paquete-fiscal-sancion-2024,5276,"Arjol, Martin",Misiones,AFIRMATIVO,afirmativo,REC53
HCDN2941,paquete-fiscal-sancion-2024,5276,"Klipauka Lewtak, Florencia",Misiones,AFIRMATIVO,afirmativo,REC54
HCDN2907,paquete-fiscal-sancion-2024,5276,"Bertoldi, Tanya",Neuquen,NEGATIVO,negativo,REC56
HCDN2930,paquete-fiscal-sancion-2024,5276,"Cervi, Pablo",Neuquen,AFIRMATIVO,afirmativo,REC57
HCDN2954,paquete-fiscal-sancion-2024,5276,"Domingo, Agustin",Rio Negro,AFIRMATIVO,afirmativo,REC58
HCDN2924,paquete-fiscal-sancion-2024,5276,"Tortoriello, Anibal",Rio Negro,AFIRMATIVO,afirmativo,REC59
HCDN2900,paquete-fiscal-sancion-2024,5276,"Zapata, Carlos Raul",Salta,AFIRMATIVO,afirmativo,REC60
HCDN2884,paquete-fiscal-sancion-2024,5276,"Estrada, Emiliano",Salta,NEGATIVO,negativo,REC61
HCDN2946,paquete-fiscal-sancion-2024,5276,"Calletti, Pamela",Salta,AFIRMATIVO,afirmativo,REC62
HCDN2921,paquete-fiscal-sancion-2024,5276,"Aubone, Ana Fabiola",San Juan,NEGATIVO,negativo,REC64
HCDN2917,paquete-fiscal-sancion-2024,5276,"Bermejo, Adolfo",Mendoza,NEGATIVO,negativo,REC65
HCDN2979,paquete-fiscal-sancion-2024,5276,"Gonzalez, Gustavo Carlos Miguel",Santa Cruz,NEGATIVO,negativo,REC68
HCDN2906,paquete-fiscal-sancion-2024,5276,"Barletta, Mario",Santa Fe,AFIRMATIVO,afirmativo,A50864
HCDN2888,paquete-fiscal-sancion-2024,5276,"Figueroa Casas, Germana",Santa Fe,AFIRMATIVO,afirmativo,REC70
HCDN2916,paquete-fiscal-sancion-2024,5276,"Ajmechet, Sabrina",CABA,AFIRMATIVO,afirmativo,REC71
HCDN1356,paquete-fiscal-sancion-2024,5276,"Pedrini, Juan Manuel",Chaco,NEGATIVO,negativo,A50816
HCDN2885,paquete-fiscal-sancion-2024,5276,"Chomiak, Maria Luisa",Chaco,NEGATIVO,negativo,REC72
HCDN2929,paquete-fiscal-sancion-2024,5276,"Polini, Juan Carlos",Chaco,AFIRMATIVO,afirmativo,REC73
HCDN2945,paquete-fiscal-sancion-2024,5276,"Quiroz, Marilu",Chaco,AFIRMATIVO,afirmativo,REC74
HCDN2952,paquete-fiscal-sancion-2024,5276,"Romero, Ana Clara",Chubut,AFIRMATIVO,afirmativo,REC75
HCDN2912,paquete-fiscal-sancion-2024,5276,"Alianiello, Eugenia",Chubut,NEGATIVO,negativo,REC76
HCDN2927,paquete-fiscal-sancion-2024,5276,"Monti, Francisco",Catamarca,AFIRMATIVO,afirmativo,REC77
HCDN2887,paquete-fiscal-sancion-2024,5276,"Sanchez, Roberto Antonio",Tucuman,AFIRMATIVO,afirmativo,REC78
HCDN2909,paquete-fiscal-sancion-2024,5276,"Omodeo, Paula",Tucuman,AFIRMATIVO,afirmativo,REC79
HCDN2903,paquete-fiscal-sancion-2024,5276,"Fernandez, Agustin",Tucuman,AFIRMATIVO,afirmativo,REC81
HCDN1042,paquete-fiscal-sancion-2024,5276,"Randazzo, Florencio",Buenos Aires,AFIRMATIVO,afirmativo,REC82
HCDN2947,paquete-fiscal-sancion-2024,5276,"Bachey, Karina Ethel",San Luis,AFIRMATIVO,afirmativo,REC83
HCDN2886,paquete-fiscal-sancion-2024,5276,"Ledesma, Tomas",Entre Rios,NEGATIVO,negativo,REC84
HCDN2976,paquete-fiscal-sancion-2024,5276,"Zaracho, Natalia",Buenos Aires,NEGATIVO,negativo,REC101
HCDN3008,paquete-fiscal-sancion-2024,5276,"Moran, Micaela",Buenos Aires,NEGATIVO,negativo,REC1937
HCDN3039,paquete-fiscal-sancion-2024,5276,"Santillan Juarez Brahim, Juliana",Buenos Aires,AFIRMATIVO,afirmativo,REC1954
HCDN3102,paquete-fiscal-sancion-2024,5276,"Treffinger, Cesar",Chubut,AFIRMATIVO,afirmativo,REC1955
HCDN3063,paquete-fiscal-sancion-2024,5276,"Marquez, Nadia",Neuquen,AFIRMATIVO,afirmativo,REC1956
HCDN3032,paquete-fiscal-sancion-2024,5276,"Arabia, Damian",CABA,AFIRMATIVO,afirmativo,REC1957
HCDN3060,paquete-fiscal-sancion-2024,5276,"D'alessandro, Carlos",San Luis,AFIRMATIVO,afirmativo,REC1958
HCDN3083,paquete-fiscal-sancion-2024,5276,"Todero, Pablo",Neuquen,NEGATIVO,negativo,REC1959
HCDN3078,paquete-fiscal-sancion-2024,5276,"Potenza, Luciana",Buenos Aires,NEGATIVO,negativo,REC1960
HCDN3034,paquete-fiscal-sancion-2024,5276,"Coletta, Mariela",CABA,AFIRMATIVO,afirmativo,REC1961
HCDN3099,paquete-fiscal-sancion-2024,5276,"Garrido, Jose Luis",Santa Cruz,AUSENTE,ausente,REC1962
HCDN3080,paquete-fiscal-sancion-2024,5276,"Capozzi, Sergio Eduardo",Rio Negro,AFIRMATIVO,afirmativo,REC1963
HCDN3057,paquete-fiscal-sancion-2024,5276,"Fernandez Molero, Daiana",CABA,AFIRMATIVO,afirmativo,REC1964
HCDN1272,paquete-fiscal-sancion-2024,5276,"Ianni, Ana Maria",Santa Cruz,NEGATIVO,negativo,A50751
HCDN0022,paquete-fiscal-sancion-2024,5276,"Pichetto, Miguel Angel",Buenos Aires,AFIRMATIVO,afirmativo,REC1965
HCDN3043,paquete-fiscal-sancion-2024,5276,"Giudici, Silvana",CABA,AFIRMATIVO,afirmativo,A4356
HCDN3088,paquete-fiscal-sancion-2024,5276,"Bonacci, Rocio",Santa Fe,AFIRMATIVO,afirmativo,REC1966
HCDN3091,paquete-fiscal-sancion-2024,5276,"Villaverde, Lorena",Rio Negro,AFIRMATIVO,afirmativo,REC1967
HCDN3061,paquete-fiscal-sancion-2024,5276,"Pagano, Marcela Marina",Buenos Aires,AFIRMATIVO,afirmativo,REC1968
HCDN3089,paquete-fiscal-sancion-2024,5276,"Falcone, Eduardo",Buenos Aires,AFIRMATIVO,afirmativo,REC1969
HCDN3047,paquete-fiscal-sancion-2024,5276,"Araujo Hernandez, Jorge Neri",Tierra Del Fuego,NEGATIVO,negativo,REC1970
HCDN3068,paquete-fiscal-sancion-2024,5276,"Juliano, Pablo",Buenos Aires,AFIRMATIVO,afirmativo,REC1972
HCDN3087,paquete-fiscal-sancion-2024,5276,"Freites, Andrea",Tierra Del Fuego,NEGATIVO,negativo,REC1973
HCDN3048,paquete-fiscal-sancion-2024,5276,"Bongiovanni, Alejandro",Santa Fe,AFIRMATIVO,afirmativo,REC1974
HCDN3075,paquete-fiscal-sancion-2024,5276,"Macyszyn, Lorena",Buenos Aires,AFIRMATIVO,afirmativo,REC1975
HCDN3045,paquete-fiscal-sancion-2024,5276,"Monzon, Roxana",Buenos Aires,NEGATIVO,negativo,REC1976
HCDN3105,paquete-fiscal-sancion-2024,5276,"Pauli, Santiago",Tierra Del Fuego,AFIRMATIVO,afirmativo,REC1978
HCDN3090,paquete-fiscal-sancion-2024,5276,"Carignano, Florencia",Santa Fe,NEGATIVO,negativo,REC1979
HCDN3095,paquete-fiscal-sancion-2024,5276,"Montenegro, Guillermo",Buenos Aires,AFIRMATIVO,afirmativo,REC1980
HCDN3101,paquete-fiscal-sancion-2024,5276,"De Sensi, Maria Florencia",Buenos Aires,AFIRMATIVO,afirmativo,REC2039
HCDN3139,paquete-fiscal-sancion-2024,5276,"Ferreyra, Alida",CABA,AFIRMATIVO,afirmativo,REC2046
HCDN3141,paquete-fiscal-sancion-2024,5276,"Biasi, Vanina",CABA,NEGATIVO,negativo,REC2047
HCDN3026,paquete-fiscal-sancion-2024,5276,"Giorgi, Melina",Santa Fe,AFIRMATIVO,afirmativo,REC2040
HCDN3024,paquete-fiscal-sancion-2024,5276,"Emma, Nicolas",CABA,AFIRMATIVO,afirmativo,REC2042
vote-acevedo-sergio-edgardo,paquete-fiscal-sancion-2024,5276,"Acevedo, Sergio Edgardo",,AFIRMATIVO,afirmativo,REC2043
HCDN3025,paquete-fiscal-sancion-2024,5276,"Llancafilo, Osvaldo",Neuquen,AFIRMATIVO,afirmativo,REC2044
HCDN3016,paquete-fiscal-sancion-2024,5276,"Sarapura, Natalia Silvina",Jujuy,AFIRMATIVO,afirmativo,REC1944
HCDN3052,paquete-fiscal-sancion-2024,5276,"Avila, Fernanda",Catamarca,NEGATIVO,negativo,REC1981
HCDN3086,paquete-fiscal-sancion-2024,5276,"Yeza, Martin",Buenos Aires,AFIRMATIVO,afirmativo,REC1982
HCDN3059,paquete-fiscal-sancion-2024,5276,"Arrieta, Lourdes Micaela",Mendoza,AFIRMATIVO,afirmativo,REC1983
HCDN1456,paquete-fiscal-sancion-2024,5276,"Volnovich, Luana",Buenos Aires,NEGATIVO,negativo,A50899
HCDN3103,paquete-fiscal-sancion-2024,5276,"Moreno Ovalle, Julio",Salta,AFIRMATIVO,afirmativo,REC1984
HCDN3028,paquete-fiscal-sancion-2024,5276,"Aveiro, Martin",Mendoza,NEGATIVO,negativo,REC1985
HCDN3037,paquete-fiscal-sancion-2024,5276,"Vasquez, Patricia",Buenos Aires,AFIRMATIVO,afirmativo,REC1986
HCDN3096,paquete-fiscal-sancion-2024,5276,"Orozco, Emilia",Salta,AFIRMATIVO,afirmativo,REC1987
HCDN3064,paquete-fiscal-sancion-2024,5276,"Benegas Lynch, Bertie",Buenos Aires,AFIRMATIVO,afirmativo,REC1988
HCDN3076,paquete-fiscal-sancion-2024,5276,"Noblega, Sebastian",Catamarca,NEGATIVO,negativo,REC1989
HCDN3072,paquete-fiscal-sancion-2024,5276,"Correa Llano, Facundo",Mendoza,AFIRMATIVO,afirmativo,REC1990
HCDN3100,paquete-fiscal-sancion-2024,5276,"Outes, Pablo",Salta,AFIRMATIVO,afirmativo,REC1991
HCDN3070,paquete-fiscal-sancion-2024,5276,"Llano, Mercedes",Mendoza,AFIRMATIVO,afirmativo,REC1992
HCDN3106,paquete-fiscal-sancion-2024,5276,"Garcia, Carlos",Chaco,AFIRMATIVO,afirmativo,REC1993
HCDN3084,paquete-fiscal-sancion-2024,5276,"Lemoine, Lilia",Buenos Aires,AFIRMATIVO,afirmativo,REC1994
HCDN3033,paquete-fiscal-sancion-2024,5276,"Strada, Julia",Buenos Aires,NEGATIVO,negativo,REC1995
HCDN3030,paquete-fiscal-sancion-2024,5276,"Arrua, Alberto",Misiones,AFIRMATIVO,afirmativo,REC1996
HCDN3038,paquete-fiscal-sancion-2024,5276,"Vega, Yolanda",Salta,AFIRMATIVO,afirmativo,REC1997
HCDN3054,paquete-fiscal-sancion-2024,5276,"Selva, Sabrina",Buenos Aires,NEGATIVO,negativo,REC1998
HCDN3079,paquete-fiscal-sancion-2024,5276,"Bianchetti, Emmanuel",Misiones,AFIRMATIVO,afirmativo,REC1999
HCDN3094,paquete-fiscal-sancion-2024,5276,"Avila, Jorge Antonio",Chubut,NEGATIVO,negativo,REC2000
HCDN3085,paquete-fiscal-sancion-2024,5276,"Chica, Jorge",San Juan,NEGATIVO,negativo,REC2001
HCDN1454,paquete-fiscal-sancion-2024,5276,"Castagneto, Carlos Daniel",Buenos Aires,NEGATIVO,negativo,A50896
HCDN3040,paquete-fiscal-sancion-2024,5276,"Peluc, Jose",San Juan,AFIRMATIVO,afirmativo,REC2002
HCDN3065,paquete-fiscal-sancion-2024,5276,"Santurio, Santiago",Buenos Aires,AFIRMATIVO,afirmativo,REC2003
HCDN3053,paquete-fiscal-sancion-2024,5276,"Glinski, Jose",Chubut,NEGATIVO,negativo,REC2004
HCDN3036,paquete-fiscal-sancion-2024,5276,"Ruiz, Yamila",Misiones,AFIRMATIVO,afirmativo,REC2005
HCDN3050,paquete-fiscal-sancion-2024,5276,"Picon Martinez, Nancy Viviana",San Juan,AFIRMATIVO,afirmativo,REC2006
HCDN3066,paquete-fiscal-sancion-2024,5276,"Castillo, Christian",Buenos Aires,NEGATIVO,negativo,REC2007
HCDN3031,paquete-fiscal-sancion-2024,5276,"Vancsik, Daniel",Misiones,AFIRMATIVO,afirmativo,REC2008
HCDN3140,paquete-fiscal-sancion-2024,5276,"Ali, Ernesto Pipi",San Luis,NEGATIVO,negativo,REC2009
HCDN3081,paquete-fiscal-sancion-2024,5276,"Manrique, Mario",Buenos Aires,NEGATIVO,negativo,REC2010
HCDN3082,paquete-fiscal-sancion-2024,5276,"Pokoik, Lorena",CABA,NEGATIVO,negativo,REC2011
HCDN3041,paquete-fiscal-sancion-2024,5276,"Diez, Romina",Santa Fe,AFIRMATIVO,afirmativo,REC2012
HCDN3044,paquete-fiscal-sancion-2024,5276,"Campero, Mariano",Tucuman,AFIRMATIVO,afirmativo,REC2013
HCDN1512,paquete-fiscal-sancion-2024,5276,"Massot, Nicolas",Buenos Aires,AFIRMATIVO,afirmativo,A50934
HCDN3074,paquete-fiscal-sancion-2024,5276,"Giuliano, Diego A.",Santa Fe,NEGATIVO,negativo,REC2014
HCDN3111,paquete-fiscal-sancion-2024,5276,"Benedit, Beltran",Entre Rios,AFIRMATIVO,afirmativo,REC2015
HCDN3073,paquete-fiscal-sancion-2024,5276,"Zago, Oscar",CABA,AFIRMATIVO,afirmativo,REC2016
HCDN3071,paquete-fiscal-sancion-2024,5276,"Mayoraz, Nicolas",Santa Fe,AFIRMATIVO,afirmativo,REC2017
HCDN3056,paquete-fiscal-sancion-2024,5276,"Molle, Matias",Buenos Aires,NEGATIVO,negativo,REC2018
HCDN3108,paquete-fiscal-sancion-2024,5276,"Paulon, Esteban",Santa Fe,NEGATIVO,negativo,REC2019
HCDN3035,paquete-fiscal-sancion-2024,5276,"Bordet, Gustavo",Entre Rios,NEGATIVO,negativo,REC2020
HCDN3058,paquete-fiscal-sancion-2024,5276,"Avico, Belen",Cordoba,AFIRMATIVO,afirmativo,REC2021
HCDN3110,paquete-fiscal-sancion-2024,5276,"Razzini, Veronica",Santa Fe,AFIRMATIVO,afirmativo,REC2022
HCDN3107,paquete-fiscal-sancion-2024,5276,"Menem, Martin",La Rioja,PRESIDENTE,presidente,REC2023
HCDN3042,paquete-fiscal-sancion-2024,5276,"Bornoroni, Gabriel",Cordoba,AFIRMATIVO,afirmativo,REC2024
HCDN3093,paquete-fiscal-sancion-2024,5276,"Campitelli, Celia",Santiago Del Estero,NEGATIVO,negativo,REC2025
HCDN3046,paquete-fiscal-sancion-2024,5276,"Morchio, Francisco",Entre Rios,AFIRMATIVO,afirmativo,REC2026
HCDN3062,paquete-fiscal-sancion-2024,5276,"Gomez, Jose",Santiago Del Estero,NEGATIVO,negativo,REC2027
HCDN1240,paquete-fiscal-sancion-2024,5276,"Basterra, Luis Eugenio",Formosa,NEGATIVO,negativo,A50726
HCDN1577,paquete-fiscal-sancion-2024,5276,"Brügge, Juan Fernando",Cordoba,AFIRMATIVO,afirmativo,A51013
HCDN3098,paquete-fiscal-sancion-2024,5276,"Huesen, Gerardo",Tucuman,AFIRMATIVO,afirmativo,REC2028
HCDN3049,paquete-fiscal-sancion-2024,5276,"Ardohain, Martin",La Pampa,AFIRMATIVO,afirmativo,REC2029
HCDN3055,paquete-fiscal-sancion-2024,5276,"Gonzalez, Gerardo Gustavo",Formosa,AFIRMATIVO,afirmativo,REC2030
HCDN3092,paquete-fiscal-sancion-2024,5276,"Ibañez, Maria Cecilia",Cordoba,AFIRMATIVO,afirmativo,REC2031
HCDN3051,paquete-fiscal-sancion-2024,5276,"Picat, Luis Albino",Cordoba,AFIRMATIVO,afirmativo,REC2032
HCDN3097,paquete-fiscal-sancion-2024,5276,"Quintar, Manuel",Jujuy,AFIRMATIVO,afirmativo,REC2033
HCDN3069,paquete-fiscal-sancion-2024,5276,"Ponce, Maria Celeste",Cordoba,AFIRMATIVO,afirmativo,REC2034
HCDN3029,paquete-fiscal-sancion-2024,5276,"Almiron, Lisandro",Corrientes,AFIRMATIVO,afirmativo,REC2035
HCDN3109,paquete-fiscal-sancion-2024,5276,"Torres, Alejandra",Cordoba,AFIRMATIVO,afirmativo,REC2036
HCDN3067,paquete-fiscal-sancion-2024,5276,"Vallejos, Alfredo",Corrientes,AFIRMATIVO,afirmativo,REC2037
HCDN3077,paquete-fiscal-sancion-2024,5276,"Zulli, Christian Alejandro",Corrientes,NEGATIVO,negativo,REC2038
HCDN3018,paquete-fiscal-sancion-2024,5276,"Agost Carreño, Oscar",Cordoba,AFIRMATIVO,afirmativo,REC1948
HCDN3020,paquete-fiscal-sancion-2024,5276,"Fernandez, Elia Marina",Tucuman,AFIRMATIVO,afirmativo,REC1951
HCDN3022,paquete-fiscal-sancion-2024,5276,"Arancibia Rodriguez, Alberto Gustavo",San Luis,AFIRMATIVO,afirmativo,REC1952
HCDN3104,paquete-fiscal-sancion-2024,5276,"Moreno, Maria de los Angeles",San Juan,AFIRMATIVO,afirmativo,REC2041
HCDN3023,paquete-fiscal-sancion-2024,5276,"Araujo, Maria Fernanda",CABA,AFIRMATIVO,afirmativo,REC2045
HCDN1148,ganancias-insistencia-2024,5274,"Benedetti, Atilio",Entre Rios,AFIRMATIVO,afirmativo,A4774
HCDN2431,ganancias-insistencia-2024,5274,"Yedlin, Pablo Raul",Tucuman,NEGATIVO,negativo,A51126
HCDN2429,ganancias-insistencia-2024,5274,"Yasky, Hugo",Buenos Aires,NEGATIVO,negativo,A51095
HCDN2422,ganancias-insistencia-2024,5274,"Stefani, Hector Antonio",Tierra Del Fuego,AFIRMATIVO,afirmativo,A51130
HCDN2445,ganancias-insistencia-2024,5274,"Herrera, Bernardo Jose",Santiago Del Estero,NEGATIVO,negativo,A51138
HCDN2340,ganancias-insistencia-2024,5274,"Neder, Estela Mary",Santiago Del Estero,NEGATIVO,negativo,A51059
HCDN2754,ganancias-insistencia-2024,5274,"Rizzotti, Jorge",Jujuy,AFIRMATIVO,afirmativo,A51183
HCDN0972,ganancias-insistencia-2024,5274,"Aguirre, Hilda",La Rioja,NEGATIVO,negativo,A4608
HCDN1463,ganancias-insistencia-2024,5274,"Moreau, Cecilia",Buenos Aires,NEGATIVO,negativo,A50898
vote-estevez-gabriela,ganancias-insistencia-2024,5274,"Estevez, Gabriela",,NEGATIVO,negativo,A50936
HCDN2765,ganancias-insistencia-2024,5274,"Cisneros, Carlos",Tucuman,NEGATIVO,negativo,A51152
HCDN2768,ganancias-insistencia-2024,5274,"Gutierrez, Carlos",Cordoba,AFIRMATIVO,afirmativo,A51185
HCDN2773,ganancias-insistencia-2024,5274,"Soria, Martin",Rio Negro,NEGATIVO,negativo,A51225
HCDN2775,ganancias-insistencia-2024,5274,"Gutierrez, Ramiro",Buenos Aires,NEGATIVO,negativo,A51201
HCDN1447,ganancias-insistencia-2024,5274,"Banfi, Karina",Buenos Aires,AFIRMATIVO,afirmativo,A50906
HCDN1466,ganancias-insistencia-2024,5274,"Gonzalez, Alvaro",CABA,AFIRMATIVO,afirmativo,A50919
HCDN2780,ganancias-insistencia-2024,5274,"Casas, Sergio Guillermo",La Rioja,NEGATIVO,negativo,A51161
HCDN2980,ganancias-insistencia-2024,5274,"Moyano, Nilda",Santiago Del Estero,NEGATIVO,negativo,REC85
HCDN3007,ganancias-insistencia-2024,5274,"Marino, Juan",Buenos Aires,NEGATIVO,negativo,REC1936
HCDN2444,ganancias-insistencia-2024,5274,"Schlotthauer, Monica Leticia",Buenos Aires,NEGATIVO,negativo,A51139
HCDN2784,ganancias-insistencia-2024,5274,"Parola, Maria Graciela",Formosa,NEGATIVO,negativo,A51173
HCDN2787,ganancias-insistencia-2024,5274,"Ferraro, Maximiliano",CABA,AFIRMATIVO,afirmativo,A51181
HCDN2789,ganancias-insistencia-2024,5274,"Martinez, German Pedro",Santa Fe,NEGATIVO,negativo,A51215
HCDN2791,ganancias-insistencia-2024,5274,"Lopez Rodriguez, Dante",Catamarca,AFIRMATIVO,afirmativo,A51235
HCDN1439,ganancias-insistencia-2024,5274,"Lospennato, Silvia",Buenos Aires,AFIRMATIVO,afirmativo,A50900
HCDN0633,ganancias-insistencia-2024,5274,"Osuna, Blanca Ines",Entre Rios,NEGATIVO,negativo,A51218
HCDN2799,ganancias-insistencia-2024,5274,"Leiva, Aldo",Chaco,NEGATIVO,negativo,A51210
HCDN1489,ganancias-insistencia-2024,5274,"Kirchner, Maximo Carlos",Buenos Aires,NEGATIVO,negativo,A50966
HCDN2803,ganancias-insistencia-2024,5274,"Cipolini, Gerardo",Chaco,AFIRMATIVO,afirmativo,A51196
HCDN2804,ganancias-insistencia-2024,5274,"Hagman, Itai",CABA,NEGATIVO,negativo,A51202
HCDN2808,ganancias-insistencia-2024,5274,"Montoto, Maria Luisa",Santiago Del Estero,NEGATIVO,negativo,A51238
HCDN2810,ganancias-insistencia-2024,5274,"Frade, Monica",Buenos Aires,ABSTENCION,abstencion,A51199
HCDN1455,ganancias-insistencia-2024,5274,"Tailhade, Rodolfo",Buenos Aires,NEGATIVO,negativo,A50897
HCDN1500,ganancias-insistencia-2024,5274,"Nuñez, Jose",Santa Fe,AFIRMATIVO,afirmativo,A50973
HCDN2817,ganancias-insistencia-2024,5274,"Sand, Nancy",Corrientes,NEGATIVO,negativo,A51162
HCDN2821,ganancias-insistencia-2024,5274,"Penacca, Paula Andrea",CABA,NEGATIVO,negativo,A51180
HCDN2822,ganancias-insistencia-2024,5274,"Daives, Ricardo",Santiago Del Estero,NEGATIVO,negativo,A51182
HCDN2825,ganancias-insistencia-2024,5274,"Valdes, Eduardo Felix",CABA,NEGATIVO,negativo,A51237
HCDN0788,ganancias-insistencia-2024,5274,"Ritondo, Cristian A.",Buenos Aires,AFIRMATIVO,afirmativo,A51221
HCDN1180,ganancias-insistencia-2024,5274,"Heller, Carlos",CABA,NEGATIVO,negativo,A4763
HCDN2856,ganancias-insistencia-2024,5274,"Yutrovic, Carolina",Tierra Del Fuego,NEGATIVO,negativo,A51244
HCDN1375,ganancias-insistencia-2024,5274,"Gaillard, Ana Carolina",Entre Rios,NEGATIVO,negativo,A50833
HCDN2860,ganancias-insistencia-2024,5274,"Marziotta, Gisela",CABA,NEGATIVO,negativo,A51262
HCDN1524,ganancias-insistencia-2024,5274,"Snopek, Guillermo",Jujuy,NEGATIVO,negativo,A50947
HCDN2831,ganancias-insistencia-2024,5274,"Cafiero, Santiago",Buenos Aires,NEGATIVO,negativo,REC1953
HCDN2983,ganancias-insistencia-2024,5274,"Nieri, Lisandro",Mendoza,AFIRMATIVO,afirmativo,REC86
HCDN1361,ganancias-insistencia-2024,5274,"Carrizo, Ana Carla",CABA,NEGATIVO,negativo,A50810
HCDN1365,ganancias-insistencia-2024,5274,"Carrizo, Soledad",Cordoba,AFIRMATIVO,afirmativo,A50821
HCDN2362,ganancias-insistencia-2024,5274,"Campagnoli, Marcela",Buenos Aires,AFIRMATIVO,afirmativo,A51061
HCDN1364,ganancias-insistencia-2024,5274,"Baldassi, Hector W.",Cordoba,AFIRMATIVO,afirmativo,A50820
HCDN2361,ganancias-insistencia-2024,5274,"Brambilla, Sofia",Corrientes,AFIRMATIVO,afirmativo,A51039
HCDN2354,ganancias-insistencia-2024,5274,"Ansaloni, Pablo",Buenos Aires,AFIRMATIVO,afirmativo,A51049
HCDN2366,ganancias-insistencia-2024,5274,"Carro, Pablo",Cordoba,NEGATIVO,negativo,A51112
HCDN2350,ganancias-insistencia-2024,5274,"Allende, Walberto",San Juan,NEGATIVO,negativo,A51078
HCDN2376,ganancias-insistencia-2024,5274,"Fernandez Patri, Ramiro",Formosa,NEGATIVO,negativo,A51050
HCDN2401,ganancias-insistencia-2024,5274,"Lopez, Juan Manuel",Buenos Aires,AFIRMATIVO,afirmativo,A51044
HCDN2402,ganancias-insistencia-2024,5274,"Macha, Monica",Buenos Aires,NEGATIVO,negativo,A51094
vote-moreau-leopoldo,ganancias-insistencia-2024,5274,"Moreau, Leopoldo",,NEGATIVO,negativo,A51098
HCDN2400,ganancias-insistencia-2024,5274,"Oliveto Lago, Paula",CABA,AFIRMATIVO,afirmativo,A51115
HCDN1031,ganancias-insistencia-2024,5274,"Iglesias, Fernando Adolfo",CABA,AFIRMATIVO,afirmativo,A4666
HCDN2382,ganancias-insistencia-2024,5274,"Ginocchio, Silvana Micaela",Catamarca,ABSTENCION,abstencion,A51051
HCDN1433,ganancias-insistencia-2024,5274,"Laspina, Luciano Andres",Santa Fe,AFIRMATIVO,afirmativo,A50884
HCDN1565,ganancias-insistencia-2024,5274,"Maquieyra, Martin",La Pampa,AFIRMATIVO,afirmativo,A51017
vote-reyes-roxana,ganancias-insistencia-2024,5274,"Reyes, Roxana",,ABSTENCION,abstencion,A51077
HCDN2406,ganancias-insistencia-2024,5274,"Quetglas, Fabio Jose",Buenos Aires,AFIRMATIVO,afirmativo,A51096
HCDN2408,ganancias-insistencia-2024,5274,"Rauschenberger, Ariel",La Pampa,NEGATIVO,negativo,A51103
HCDN2421,ganancias-insistencia-2024,5274,"Siley, Vanesa Raquel",Buenos Aires,NEGATIVO,negativo,A51120
HCDN2392,ganancias-insistencia-2024,5274,"Medina, Gladys",Tucuman,AFIRMATIVO,afirmativo,A51113
HCDN2412,ganancias-insistencia-2024,5274,"Romero, Jorge Antonio",Corrientes,NEGATIVO,negativo,A51084
HCDN1383,ganancias-insistencia-2024,5274,"Del Caño, Nicolas",Buenos Aires,NEGATIVO,negativo,A50844
HCDN2986,ganancias-insistencia-2024,5274,"Zabala Chacur, Natalia",San Luis,NEGATIVO,negativo,REC102
HCDN0530,ganancias-insistencia-2024,5274,"Lombardi, Hernan",Buenos Aires,AFIRMATIVO,afirmativo,REC1
HCDN2925,ganancias-insistencia-2024,5274,"Stolbizer, Margarita",Buenos Aires,AFIRMATIVO,afirmativo,A1460
HCDN2955,ganancias-insistencia-2024,5274,"Finocchiaro, Alejandro",Buenos Aires,AFIRMATIVO,afirmativo,REC2
HCDN2913,ganancias-insistencia-2024,5274,"Borrego, Victoria",Buenos Aires,AFIRMATIVO,afirmativo,REC3
HCDN2901,ganancias-insistencia-2024,5274,"Espert, Jose Luis",Buenos Aires,AFIRMATIVO,afirmativo,REC4
HCDN2940,ganancias-insistencia-2024,5274,"Piparo, Carolina",Buenos Aires,AFIRMATIVO,afirmativo,REC5
HCDN2892,ganancias-insistencia-2024,5274,"Santoro, Leandro",CABA,NEGATIVO,negativo,REC8
HCDN2953,ganancias-insistencia-2024,5274,"Vidal, Maria Eugenia",CABA,AFIRMATIVO,afirmativo,REC9
HCDN2943,ganancias-insistencia-2024,5274,"Tetaz, Martin Alberto",CABA,NEGATIVO,negativo,REC10
HCDN2898,ganancias-insistencia-2024,5274,"Lopez Murphy, Ricardo Hipolito",CABA,AFIRMATIVO,afirmativo,REC11
HCDN2937,ganancias-insistencia-2024,5274,"Alonso, Constanza Maria",Buenos Aires,NEGATIVO,negativo,REC12
HCDN2915,ganancias-insistencia-2024,5274,"Pereyra, Julio",Buenos Aires,NEGATIVO,negativo,REC13
HCDN2936,ganancias-insistencia-2024,5274,"Litza, Monica",Buenos Aires,NEGATIVO,negativo,A51022
HCDN2356,ganancias-insistencia-2024,5274,"Arroyo, Daniel",Buenos Aires,NEGATIVO,negativo,A51073
HCDN2899,ganancias-insistencia-2024,5274,"Vargas Matyi, Brenda",Buenos Aires,NEGATIVO,negativo,REC14
HCDN2950,ganancias-insistencia-2024,5274,"Iparraguirre, Rogelio",Buenos Aires,NEGATIVO,negativo,REC15
HCDN2951,ganancias-insistencia-2024,5274,"Santilli, Diego",Buenos Aires,AFIRMATIVO,afirmativo,REC16
HCDN2896,ganancias-insistencia-2024,5274,"Tolosa Paz, Victoria",Buenos Aires,NEGATIVO,negativo,REC17
HCDN2926,ganancias-insistencia-2024,5274,"Gollan, Daniel",Buenos Aires,NEGATIVO,negativo,REC18
HCDN1460,ganancias-insistencia-2024,5274,"Passo, Marcela Fabiana",Buenos Aires,NEGATIVO,negativo,A50912
HCDN2904,ganancias-insistencia-2024,5274,"Palazzo, Sergio Omar",Buenos Aires,NEGATIVO,negativo,REC19
HCDN2905,ganancias-insistencia-2024,5274,"Propato, Agustina Lucrecia",Buenos Aires,NEGATIVO,negativo,REC20
HCDN2908,ganancias-insistencia-2024,5274,"Manes, Facundo",Buenos Aires,NEGATIVO,negativo,REC22
HCDN2895,ganancias-insistencia-2024,5274,"Tavela, Danya",Buenos Aires,NEGATIVO,negativo,REC23
HCDN1192,ganancias-insistencia-2024,5274,"Milman, Gerardo",Buenos Aires,AFIRMATIVO,afirmativo,A4769
HCDN2914,ganancias-insistencia-2024,5274,"Sotolano, Maria",Buenos Aires,AFIRMATIVO,afirmativo,REC24
HCDN1440,ganancias-insistencia-2024,5274,"Monzo, Emilio",Buenos Aires,AFIRMATIVO,afirmativo,A50901
HCDN2881,ganancias-insistencia-2024,5274,"Besana, Gabriela",Buenos Aires,AFIRMATIVO,afirmativo,REC25
HCDN2942,ganancias-insistencia-2024,5274,"De Loredo, Rodrigo",Cordoba,AFIRMATIVO,afirmativo,REC26
vote-rodriguez-machado-laura,ganancias-insistencia-2024,5274,"Rodriguez Machado, Laura",,AFIRMATIVO,afirmativo,REC27
HCDN2956,ganancias-insistencia-2024,5274,"Brouwer de Koning, Gabriela",Cordoba,AFIRMATIVO,afirmativo,REC29
HCDN2928,ganancias-insistencia-2024,5274,"De la Sota, Natalia",Cordoba,NEGATIVO,negativo,REC30
HCDN2910,ganancias-insistencia-2024,5274,"Garcia Aresca, Ignacio",Cordoba,AFIRMATIVO,afirmativo,REC31
HCDN2919,ganancias-insistencia-2024,5274,"Chumpitaz, Gabriel Felipe",Santa Fe,AFIRMATIVO,afirmativo,REC32
HCDN2738,ganancias-insistencia-2024,5274,"Mirabella, Roberto",Santa Fe,NEGATIVO,negativo,REC33
HCDN2948,ganancias-insistencia-2024,5274,"Mastaler, Magali",Santa Fe,NEGATIVO,negativo,REC34
HCDN2889,ganancias-insistencia-2024,5274,"Toniolli, Eduardo",Santa Fe,NEGATIVO,negativo,REC35
HCDN2891,ganancias-insistencia-2024,5274,"Fein, Monica",Santa Fe,NEGATIVO,negativo,A4629
HCDN2959,ganancias-insistencia-2024,5274,"Aguirre, Manuel Ignacio",Corrientes,AFIRMATIVO,afirmativo,REC37
HCDN2893,ganancias-insistencia-2024,5274,"Antola, Marcela",Entre Rios,AFIRMATIVO,afirmativo,REC38
HCDN2897,ganancias-insistencia-2024,5274,"Galimberti, Pedro Jorge",Entre Rios,AFIRMATIVO,afirmativo,REC39
HCDN2923,ganancias-insistencia-2024,5274,"Carbajal, Fernando",Formosa,NEGATIVO,negativo,REC41
HCDN2911,ganancias-insistencia-2024,5274,"Chaher, Leila",Jujuy,NEGATIVO,negativo,REC42
HCDN2935,ganancias-insistencia-2024,5274,"Vilca, Alejandro",Jujuy,NEGATIVO,negativo,REC43
HCDN2894,ganancias-insistencia-2024,5274,"Coli, Marcela",La Pampa,NEGATIVO,negativo,REC45
HCDN2944,ganancias-insistencia-2024,5274,"Marin, Varinia Lis",La Pampa,NEGATIVO,negativo,REC46
HCDN2902,ganancias-insistencia-2024,5274,"Pedrali, Gabriela",La Rioja,NEGATIVO,negativo,REC47
HCDN2949,ganancias-insistencia-2024,5274,"Herrera, Ricardo",La Rioja,NEGATIVO,negativo,REC48
HCDN2922,ganancias-insistencia-2024,5274,"Paponet, Liliana",Mendoza,NEGATIVO,negativo,REC49
HCDN1066,ganancias-insistencia-2024,5274,"Cobos, Julio",Mendoza,AFIRMATIVO,afirmativo,A50843
HCDN1555,ganancias-insistencia-2024,5274,"Verasay, Pamela Fernanda",Mendoza,AFIRMATIVO,afirmativo,REC50
HCDN2938,ganancias-insistencia-2024,5274,"Martinez, Alvaro",Mendoza,AFIRMATIVO,afirmativo,REC51
HCDN2985,ganancias-insistencia-2024,5274,"Fernandez, Carlos Alberto",Misiones,AFIRMATIVO,afirmativo,REC52
HCDN2934,ganancias-insistencia-2024,5274,"Arjol, Martin",Misiones,AFIRMATIVO,afirmativo,REC53
HCDN2941,ganancias-insistencia-2024,5274,"Klipauka Lewtak, Florencia",Misiones,AFIRMATIVO,afirmativo,REC54
HCDN2907,ganancias-insistencia-2024,5274,"Bertoldi, Tanya",Neuquen,NEGATIVO,negativo,REC56
HCDN2930,ganancias-insistencia-2024,5274,"Cervi, Pablo",Neuquen,AFIRMATIVO,afirmativo,REC57
HCDN2954,ganancias-insistencia-2024,5274,"Domingo, Agustin",Rio Negro,NEGATIVO,negativo,REC58
HCDN2924,ganancias-insistencia-2024,5274,"Tortoriello, Anibal",Rio Negro,AFIRMATIVO,afirmativo,REC59
HCDN2900,ganancias-insistencia-2024,5274,"Zapata, Carlos Raul",Salta,AFIRMATIVO,afirmativo,REC60
HCDN2884,ganancias-insistencia-2024,5274,"Estrada, Emiliano",Salta,NEGATIVO,negativo,REC61
HCDN2946,ganancias-insistencia-2024,5274,"Calletti, Pamela",Salta,AFIRMATIVO,afirmativo,REC62
HCDN2921,ganancias-insistencia-2024,5274,"Aubone, Ana Fabiola",San Juan,NEGATIVO,negativo,REC64
HCDN2917,ganancias-insistencia-2024,5274,"Bermejo, Adolfo",Mendoza,NEGATIVO,negativo,REC65
HCDN2979,ganancias-insistencia-2024,5274,"Gonzalez, Gustavo Carlos Miguel",Santa Cruz,NEGATIVO,negativo,REC68
HCDN2906,ganancias-insistencia-2024,5274,"Barletta, Mario",Santa Fe,AFIRMATIVO,afirmativo,A50864
HCDN2888,ganancias-insistencia-2024,5274,"Figueroa Casas, Germana",Santa Fe,AFIRMATIVO,afirmativo,REC70
HCDN2916,ganancias-insistencia-2024,5274,"Ajmechet, Sabrina",CABA,AFIRMATIVO,afirmativo,REC71
HCDN1356,ganancias-insistencia-2024,5274,"Pedrini, Juan Manuel",Chaco,NEGATIVO,negativo,A50816
HCDN2885,ganancias-insistencia-2024,5274,"Chomiak, Maria Luisa",Chaco,NEGATIVO,negativo,REC72
HCDN2929,ganancias-insistencia-2024,5274,"Polini, Juan Carlos",Chaco,AFIRMATIVO,afirmativo,REC73
HCDN2945,ganancias-insistencia-2024,5274,"Quiroz, Marilu",Chaco,AFIRMATIVO,afirmativo,REC74
HCDN2952,ganancias-insistencia-2024,5274,"Romero, Ana Clara",Chubut,NEGATIVO,negativo,REC75
HCDN2912,ganancias-insistencia-2024,5274,"Alianiello, Eugenia",Chubut,NEGATIVO,negativo,REC76
HCDN2927,ganancias-insistencia-2024,5274,"Monti, Francisco",Catamarca,AFIRMATIVO,afirmativo,REC77
HCDN2887,ganancias-insistencia-2024,5274,"Sanchez, Roberto Antonio",Tucuman,AFIRMATIVO,afirmativo,REC78
HCDN2909,ganancias-insistencia-2024,5274,"Omodeo, Paula",Tucuman,AFIRMATIVO,afirmativo,REC79
HCDN2903,ganancias-insistencia-2024,5274,"Fernandez, Agustin",Tucuman,AFIRMATIVO,afirmativo,REC81
HCDN1042,ganancias-insistencia-2024,5274,"Randazzo, Florencio",Buenos Aires,AFIRMATIVO,afirmativo,REC82
HCDN2947,ganancias-insistencia-2024,5274,"Bachey, Karina Ethel",San Luis,AFIRMATIVO,afirmativo,REC83
HCDN2886,ganancias-insistencia-2024,5274,"Ledesma, Tomas",Entre Rios,NEGATIVO,negativo,REC84
HCDN2976,ganancias-insistencia-2024,5274,"Zaracho, Natalia",Buenos Aires,NEGATIVO,negativo,REC101
HCDN3008,ganancias-insistencia-2024,5274,"Moran, Micaela",Buenos Aires,NEGATIVO,negativo,REC1937
HCDN3039,ganancias-insistencia-2024,5274,"Santillan Juarez Brahim, Juliana",Buenos Aires,AFIRMATIVO,afirmativo,REC1954
HCDN3102,ganancias-insistencia-2024,5274,"Treffinger, Cesar",Chubut,AFIRMATIVO,afirmativo,REC1955
HCDN3063,ganancias-insistencia-2024,5274,"Marquez, Nadia",Neuquen,AFIRMATIVO,afirmativo,REC1956
HCDN3032,ganancias-insistencia-2024,5274,"Arabia, Damian",CABA,AFIRMATIVO,afirmativo,REC1957
HCDN3060,ganancias-insistencia-2024,5274,"D'alessandro, Carlos",San Luis,AFIRMATIVO,afirmativo,REC1958
HCDN3083,ganancias-insistencia-2024,5274,"Todero, Pablo",Neuquen,NEGATIVO,negativo,REC1959
HCDN3078,ganancias-insistencia-2024,5274,"Potenza, Luciana",Buenos Aires,NEGATIVO,negativo,REC1960
HCDN3034,ganancias-insistencia-2024,5274,"Coletta, Mariela",CABA,NEGATIVO,negativo,REC1961
HCDN3099,ganancias-insistencia-2024,5274,"Garrido, Jose Luis",Santa Cruz,AUSENTE,ausente,REC1962
HCDN3080,ganancias-insistencia-2024,5274,"Capozzi, Sergio Eduardo",Rio Negro,AFIRMATIVO,afirmativo,REC1963
HCDN3057,ganancias-insistencia-2024,5274,"Fernandez Molero, Daiana",CABA,AFIRMATIVO,afirmativo,REC1964
HCDN1272,ganancias-insistencia-2024,5274,"Ianni, Ana Maria",Santa Cruz,NEGATIVO,negativo,A50751
HCDN0022,ganancias-insistencia-2024,5274,"Pichetto, Miguel Angel",Buenos Aires,AFIRMATIVO,afirmativo,REC1965
HCDN3043,ganancias-insistencia-2024,5274,"Giudici, Silvana",CABA,AFIRMATIVO,afirmativo,A4356
HCDN3088,ganancias-insistencia-2024,5274,"Bonacci, Rocio",Santa Fe,AFIRMATIVO,afirmativo,REC1966
HCDN3091,ganancias-insistencia-2024,5274,"Villaverde, Lorena",Rio Negro,AFIRMATIVO,afirmativo,REC1967
HCDN3061,ganancias-insistencia-2024,5274,"Pagano, Marcela Marina",Buenos Aires,AFIRMATIVO,afirmativo,REC1968
HCDN3089,ganancias-insistencia-2024,5274,"Falcone, Eduardo",Buenos Aires,AFIRMATIVO,afirmativo,REC1969
HCDN3047,ganancias-insistencia-2024,5274,"Araujo Hernandez, Jorge Neri",Tierra Del Fuego,NEGATIVO,negativo,REC1970
HCDN3068,ganancias-insistencia-2024,5274,"Juliano, Pablo",Buenos Aires,NEGATIVO,negativo,REC1972
HCDN3087,ganancias-insistencia-2024,5274,"Freites, Andrea",Tierra Del Fuego,NEGATIVO,negativo,REC1973
HCDN3048,ganancias-insistencia-2024,5274,"Bongiovanni, Alejandro",Santa Fe,AFIRMATIVO,afirmativo,REC1974
HCDN3075,ganancias-insistencia-2024,5274,"Macyszyn, Lorena",Buenos Aires,AFIRMATIVO,afirmativo,REC1975
HCDN3045,ganancias-insistencia-2024,5274,"Monzon, Roxana",Buenos Aires,NEGATIVO,negativo,REC1976
HCDN3105,ganancias-insistencia-2024,5274,"Pauli, Santiago",Tierra Del Fuego,AFIRMATIVO,afirmativo,REC1978
HCDN3090,ganancias-insistencia-2024,5274,"Carignano, Florencia",Santa Fe,NEGATIVO,negativo,REC1979
HCDN3095,ganancias-insistencia-2024,5274,"Montenegro, Guillermo",Buenos Aires,AFIRMATIVO,afirmativo,REC1980
HCDN3101,ganancias-insistencia-2024,5274,"De Sensi, Maria Florencia",Buenos Aires,AFIRMATIVO,afirmativo,REC2039
HCDN3139,ganancias-insistencia-2024,5274,"Ferreyra, Alida",CABA,AFIRMATIVO,afirmativo,REC2046
HCDN3141,ganancias-insistencia-2024,5274,"Biasi, Vanina",CABA,NEGATIVO,negativo,REC2047
HCDN3026,ganancias-insistencia-2024,5274,"Giorgi, Melina",Santa Fe,AFIRMATIVO,afirmativo,REC2040
HCDN3024,ganancias-insistencia-2024,5274,"Emma, Nicolas",CABA,AFIRMATIVO,afirmativo,REC2042
vote-acevedo-sergio-edgardo,ganancias-insistencia-2024,5274,"Acevedo, Sergio Edgardo",,NEGATIVO,negativo,REC2043
HCDN3025,ganancias-insistencia-2024,5274,"Llancafilo, Osvaldo",Neuquen,NEGATIVO,negativo,REC2044
HCDN3016,ganancias-insistencia-2024,5274,"Sarapura, Natalia Silvina",Jujuy,AFIRMATIVO,afirmativo,REC1944
HCDN3052,ganancias-insistencia-2024,5274,"Avila, Fernanda",Catamarca,AFIRMATIVO,afirmativo,REC1981
HCDN3086,ganancias-insistencia-2024,5274,"Yeza, Martin",Buenos Aires,AFIRMATIVO,afirmativo,REC1982
HCDN3059,ganancias-insistencia-2024,5274,"Arrieta, Lourdes Micaela",Mendoza,AFIRMATIVO,afirmativo,REC1983
HCDN1456,ganancias-insistencia-2024,5274,"Volnovich, Luana",Buenos Aires,NEGATIVO,negativo,A50899
HCDN3103,ganancias-insistencia-2024,5274,"Moreno Ovalle, Julio",Salta,AFIRMATIVO,afirmativo,REC1984
HCDN3028,ganancias-insistencia-2024,5274,"Aveiro, Martin",Mendoza,NEGATIVO,negativo,REC1985
HCDN3037,ganancias-insistencia-2024,5274,"Vasquez, Patricia",Buenos Aires,AFIRMATIVO,afirmativo,REC1986
HCDN3096,ganancias-insistencia-2024,5274,"Orozco, Emilia",Salta,AFIRMATIVO,afirmativo,REC1987
HCDN3064,ganancias-insistencia-2024,5274,"Benegas Lynch, Bertie",Buenos Aires,AFIRMATIVO,afirmativo,REC1988
HCDN3076,ganancias-insistencia-2024,5274,"Noblega, Sebastian",Catamarca,AFIRMATIVO,afirmativo,REC1989
HCDN3072,ganancias-insistencia-2024,5274,"Correa Llano, Facundo",Mendoza,AFIRMATIVO,afirmativo,REC1990
HCDN3100,ganancias-insistencia-2024,5274,"Outes, Pablo",Salta,AFIRMATIVO,afirmativo,REC1991
HCDN3070,ganancias-insistencia-2024,5274,"Llano, Mercedes",Mendoza,AFIRMATIVO,afirmativo,REC1992
HCDN3106,ganancias-insistencia-2024,5274,"Garcia, Carlos",Chaco,AFIRMATIVO,afirmativo,REC1993
HCDN3084,ganancias-insistencia-2024,5274,"Lemoine, Lilia",Buenos Aires,AFIRMATIVO,afirmativo,REC1994
HCDN3033,ganancias-insistencia-2024,5274,"Strada, Julia",Buenos Aires,NEGATIVO,negativo,REC1995
HCDN3030,ganancias-insistencia-2024,5274,"Arrua, Alberto",Misiones,AFIRMATIVO,afirmativo,REC1996
HCDN3038,ganancias-insistencia-2024,5274,"Vega, Yolanda",Salta,AFIRMATIVO,afirmativo,REC1997
HCDN3054,ganancias-insistencia-2024,5274,"Selva, Sabrina",Buenos Aires,NEGATIVO,negativo,REC1998
HCDN3079,ganancias-insistencia-2024,5274,"Bianchetti, Emmanuel",Misiones,AFIRMATIVO,afirmativo,REC1999
HCDN3094,ganancias-insistencia-2024,5274,"Avila, Jorge Antonio",Chubut,NEGATIVO,negativo,REC2000
HCDN3085,ganancias-insistencia-2024,5274,"Chica, Jorge",San Juan,NEGATIVO,negativo,REC2001
HCDN1454,ganancias-insistencia-2024,5274,"Castagneto, Carlos Daniel",Buenos Aires,NEGATIVO,negativo,A50896
HCDN3040,ganancias-insistencia-2024,5274,"Peluc, Jose",San Juan,AFIRMATIVO,afirmativo,REC2002
HCDN3065,ganancias-insistencia-2024,5274,"Santurio, Santiago",Buenos Aires,AFIRMATIVO,afirmativo,REC2003
HCDN3053,ganancias-insistencia-2024,5274,"Glinski, Jose",Chubut,NEGATIVO,negativo,REC2004
HCDN3036,ganancias-insistencia-2024,5274,"Ruiz, Yamila",Misiones,AFIRMATIVO,afirmativo,REC2005
HCDN3050,ganancias-insistencia-2024,5274,"Picon Martinez, Nancy Viviana",San Juan,AFIRMATIVO,afirmativo,REC2006
HCDN3066,ganancias-insistencia-2024,5274,"Castillo, Christian",Buenos Aires,NEGATIVO,negativo,REC2007
HCDN3031,ganancias-insistencia-2024,5274,"Vancsik, Daniel",Misiones,AFIRMATIVO,afirmativo,REC2008
HCDN3140,ganancias-insistencia-2024,5274,"Ali, Ernesto Pipi",San Luis,NEGATIVO,negativo,REC2009
HCDN3081,ganancias-insistencia-2024,5274,"Manrique, Mario",Buenos Aires,NEGATIVO,negativo,REC2010
HCDN3082,ganancias-insistencia-2024,5274,"Pokoik, Lorena",CABA,NEGATIVO,negativo,REC2011
HCDN3041,ganancias-insistencia-2024,5274,"Diez, Romina",Santa Fe,AFIRMATIVO,afirmativo,REC2012
HCDN3044,ganancias-insistencia-2024,5274,"Campero, Mariano",Tucuman,AFIRMATIVO,afirmativo,REC2013
HCDN1512,ganancias-insistencia-2024,5274,"Massot, Nicolas",Buenos Aires,AFIRMATIVO,afirmativo,A50934
HCDN3074,ganancias-insistencia-2024,5274,"Giuliano, Diego A.",Santa Fe,NEGATIVO,negativo,REC2014
HCDN3111,ganancias-insistencia-2024,5274,"Benedit, Beltran",Entre Rios,AFIRMATIVO,afirmativo,REC2015
HCDN3073,ganancias-insistencia-2024,5274,"Zago, Oscar",CABA,AFIRMATIVO,afirmativo,REC2016
HCDN3071,ganancias-insistencia-2024,5274,"Mayoraz, Nicolas",Santa Fe,AFIRMATIVO,afirmativo,REC2017
HCDN3056,ganancias-insistencia-2024,5274,"Molle, Matias",Buenos Aires,NEGATIVO,negativo,REC2018
HCDN3108,ganancias-insistencia-2024,5274,"Paulon, Esteban",Santa Fe,NEGATIVO,negativo,REC2019
HCDN3035,ganancias-insistencia-2024,5274,"Bordet, Gustavo",Entre Rios,NEGATIVO,negativo,REC2020
HCDN3058,ganancias-insistencia-2024,5274,"Avico, Belen",Cordoba,AFIRMATIVO,afirmativo,REC2021
HCDN3110,ganancias-insistencia-2024,5274,"Razzini, Veronica",Santa Fe,AFIRMATIVO,afirmativo,REC2022
HCDN3107,ganancias-insistencia-2024,5274,"Menem, Martin",La Rioja,PRESIDENTE,presidente,REC2023
HCDN3042,ganancias-insistencia-2024,5274,"Bornoroni, Gabriel",Cordoba,AFIRMATIVO,afirmativo,REC2024
HCDN3093,ganancias-insistencia-2024,5274,"Campitelli, Celia",Santiago Del Estero,NEGATIVO,negativo,REC2025
HCDN3046,ganancias-insistencia-2024,5274,"Morchio, Francisco",Entre Rios,AFIRMATIVO,afirmativo,REC2026
HCDN3062,ganancias-insistencia-2024,5274,"Gomez, Jose",Santiago Del Estero,NEGATIVO,negativo,REC2027
HCDN1240,ganancias-insistencia-2024,5274,"Basterra, Luis Eugenio",Formosa,NEGATIVO,negativo,A50726
HCDN1577,ganancias-insistencia-2024,5274,"Brügge, Juan Fernando",Cordoba,AFIRMATIVO,afirmativo,A51013
HCDN3098,ganancias-insistencia-2024,5274,"Huesen, Gerardo",Tucuman,AFIRMATIVO,afirmativo,REC2028
HCDN3049,ganancias-insistencia-2024,5274,"Ardohain, Martin",La Pampa,AFIRMATIVO,afirmativo,REC2029
HCDN3055,ganancias-insistencia-2024,5274,"Gonzalez, Gerardo Gustavo",Formosa,AFIRMATIVO,afirmativo,REC2030
HCDN3092,ganancias-insistencia-2024,5274,"Ibañez, Maria Cecilia",Cordoba,AFIRMATIVO,afirmativo,REC2031
HCDN3051,ganancias-insistencia-2024,5274,"Picat, Luis Albino",Cordoba,AFIRMATIVO,afirmativo,REC2032
HCDN3097,ganancias-insistencia-2024,5274,"Quintar, Manuel",Jujuy,AFIRMATIVO,afirmativo,REC2033
HCDN3069,ganancias-insistencia-2024,5274,"Ponce, Maria Celeste",Cordoba,AFIRMATIVO,afirmativo,REC2034
HCDN3029,ganancias-insistencia-2024,5274,"Almiron, Lisandro",Corrientes,AFIRMATIVO,afirmativo,REC2035
HCDN3109,ganancias-insistencia-2024,5274,"Torres, Alejandra",Cordoba,AFIRMATIVO,afirmativo,REC2036
HCDN3067,ganancias-insistencia-2024,5274,"Vallejos, Alfredo",Corrientes,AFIRMATIVO,afirmativo,REC2037
HCDN3077,ganancias-insistencia-2024,5274,"Zulli, Christian Alejandro",Corrientes,NEGATIVO,negativo,REC2038
HCDN3018,ganancias-insistencia-2024,5274,"Agost Carreño, Oscar",Cordoba,AFIRMATIVO,afirmativo,REC1948
HCDN3020,ganancias-insistencia-2024,5274,"Fernandez, Elia Marina",Tucuman,AFIRMATIVO,afirmativo,REC1951
HCDN3022,ganancias-insistencia-2024,5274,"Arancibia Rodriguez, Alberto Gustavo",San Luis,AFIRMATIVO,afirmativo,REC1952
HCDN3104,ganancias-insistencia-2024,5274,"Moreno, Maria de los Angeles",San Juan,AFIRMATIVO,afirmativo,REC2041
HCDN3023,ganancias-insistencia-2024,5274,"Araujo, Maria Fernanda",CABA,AFIRMATIVO,afirmativo,REC2045
vote-acevedo-sergio-edgardo,ficha-limpia-2025,5585,"Acevedo, Sergio Edgardo",,NEGATIVO,negativo,REC2043
HCDN3018,ficha-limpia-2025,5585,"Agost Carreño, Oscar",Cordoba,AFIRMATIVO,afirmativo,REC1948
HCDN0972,ficha-limpia-2025,5585,"Aguirre, Hilda",La Rioja,NEGATIVO,negativo,A4608
HCDN2959,ficha-limpia-2025,5585,"Aguirre, Manuel Ignacio",Corrientes,AFIRMATIVO,afirmativo,REC37
HCDN2916,ficha-limpia-2025,5585,"Ajmechet, Sabrina",CABA,AFIRMATIVO,afirmativo,REC71
HCDN3140,ficha-limpia-2025,5585,"Ali, Ernesto Pipi",San Luis,NEGATIVO,negativo,REC2009
HCDN2912,ficha-limpia-2025,5585,"Alianiello, Eugenia",Chubut,NEGATIVO,negativo,REC76
HCDN2350,ficha-limpia-2025,5585,"Allende, Walberto",San Juan,AUSENTE,ausente,A51078
HCDN3029,ficha-limpia-2025,5585,"Almiron, Lisandro",Corrientes,AFIRMATIVO,afirmativo,REC2035
HCDN2937,ficha-limpia-2025,5585,"Alonso, Constanza Maria",Buenos Aires,NEGATIVO,negativo,REC12
HCDN2354,ficha-limpia-2025,5585,"Ansaloni, Pablo",Buenos Aires,AFIRMATIVO,afirmativo,A51049
HCDN2893,ficha-limpia-2025,5585,"Antola, Marcela",Entre Rios,AFIRMATIVO,afirmativo,REC38
HCDN3032,ficha-limpia-2025,5585,"Arabia, Damian",CABA,AFIRMATIVO,afirmativo,REC1957
HCDN3022,ficha-limpia-2025,5585,"Arancibia Rodriguez, Alberto Gustavo",San Luis,AFIRMATIVO,afirmativo,REC1952
HCDN3023,ficha-limpia-2025,5585,"Araujo, Maria Fernanda",CABA,AFIRMATIVO,afirmativo,REC2045
HCDN3047,ficha-limpia-2025,5585,"Araujo Hernandez, Jorge Neri",Tierra Del Fuego,NEGATIVO,negativo,REC1970
HCDN3049,ficha-limpia-2025,5585,"Ardohain, Martin",La Pampa,AFIRMATIVO,afirmativo,REC2029
HCDN2934,ficha-limpia-2025,5585,"Arjol, Martin",Misiones,AFIRMATIVO,afirmativo,REC53
HCDN3059,ficha-limpia-2025,5585,"Arrieta, Lourdes Micaela",Mendoza,AFIRMATIVO,afirmativo,REC1983
HCDN2356,ficha-limpia-2025,5585,"Arroyo, Daniel",Buenos Aires,NEGATIVO,negativo,A51073
HCDN3030,ficha-limpia-2025,5585,"Arrua, Alberto",Misiones,AFIRMATIVO,afirmativo,REC1996
HCDN2921,ficha-limpia-2025,5585,"Aubone, Ana Fabiola",San Juan,NEGATIVO,negativo,REC64
HCDN3028,ficha-limpia-2025,5585,"Aveiro, Martin",Mendoza,NEGATIVO,negativo,REC1985
HCDN3058,ficha-limpia-2025,5585,"Avico, Belen",Cordoba,AFIRMATIVO,afirmativo,REC2021
HCDN3094,ficha-limpia-2025,5585,"Avila, Jorge Antonio",Chubut,AUSENTE,ausente,REC2000
HCDN3052,ficha-limpia-2025,5585,"Avila, Fernanda",Catamarca,NEGATIVO,negativo,REC1981
HCDN2947,ficha-limpia-2025,5585,"Bachey, Karina Ethel",San Luis,AFIRMATIVO,afirmativo,REC83
HCDN1364,ficha-limpia-2025,5585,"Baldassi, Hector W.",Cordoba,AFIRMATIVO,afirmativo,A50820
HCDN3143,ficha-limpia-2025,5585,"Ballejos, Nancy",Entre Rios,AFIRMATIVO,afirmativo,REC2049
HCDN1447,ficha-limpia-2025,5585,"Banfi, Karina",Buenos Aires,AFIRMATIVO,afirmativo,A50906
HCDN2906,ficha-limpia-2025,5585,"Barletta, Mario",Santa Fe,AUSENTE,ausente,A50864
HCDN1240,ficha-limpia-2025,5585,"Basterra, Luis Eugenio",Formosa,NEGATIVO,negativo,A50726
HCDN1148,ficha-limpia-2025,5585,"Benedetti, Atilio",Entre Rios,AFIRMATIVO,afirmativo,A4774
HCDN3111,ficha-limpia-2025,5585,"Benedit, Beltran",Entre Rios,AFIRMATIVO,afirmativo,REC2015
HCDN3064,ficha-limpia-2025,5585,"Benegas Lynch, Bertie",Buenos Aires,AFIRMATIVO,afirmativo,REC1988
HCDN2917,ficha-limpia-2025,5585,"Bermejo, Adolfo",Mendoza,NEGATIVO,negativo,REC65
HCDN2907,ficha-limpia-2025,5585,"Bertoldi, Tanya",Neuquen,AUSENTE,ausente,REC56
HCDN2881,ficha-limpia-2025,5585,"Besana, Gabriela",Buenos Aires,AFIRMATIVO,afirmativo,REC25
HCDN3079,ficha-limpia-2025,5585,"Bianchetti, Emmanuel",Misiones,AFIRMATIVO,afirmativo,REC1999
HCDN3141,ficha-limpia-2025,5585,"Biasi, Vanina",CABA,NEGATIVO,negativo,REC2047
HCDN3088,ficha-limpia-2025,5585,"Bonacci, Rocio",Santa Fe,AFIRMATIVO,afirmativo,REC1966
HCDN3048,ficha-limpia-2025,5585,"Bongiovanni, Alejandro",Santa Fe,AFIRMATIVO,afirmativo,REC1974
HCDN3035,ficha-limpia-2025,5585,"Bordet, Gustavo",Entre Rios,NEGATIVO,negativo,REC2020
HCDN3042,ficha-limpia-2025,5585,"Bornoroni, Gabriel",Cordoba,AFIRMATIVO,afirmativo,REC2024
HCDN2913,ficha-limpia-2025,5585,"Borrego, Victoria",Buenos Aires,AFIRMATIVO,afirmativo,REC3
HCDN2361,ficha-limpia-2025,5585,"Brambilla, Sofia",Corrientes,AFIRMATIVO,afirmativo,A51039
HCDN2956,ficha-limpia-2025,5585,"Brouwer de Koning, Gabriela",Cordoba,AFIRMATIVO,afirmativo,REC29
HCDN1577,ficha-limpia-2025,5585,"Brügge, Juan Fernando",Cordoba,AFIRMATIVO,afirmativo,A51013
HCDN2831,ficha-limpia-2025,5585,"Cafiero, Santiago",Buenos Aires,NEGATIVO,negativo,REC1953
HCDN2946,ficha-limpia-2025,5585,"Calletti, Pamela",Salta,AFIRMATIVO,afirmativo,REC62
HCDN2362,ficha-limpia-2025,5585,"Campagnoli, Marcela",Buenos Aires,AFIRMATIVO,afirmativo,A51061
HCDN3044,ficha-limpia-2025,5585,"Campero, Mariano",Tucuman,AFIRMATIVO,afirmativo,REC2013
HCDN3093,ficha-limpia-2025,5585,"Campitelli, Celia",Santiago Del Estero,NEGATIVO,negativo,REC2025
HCDN3080,ficha-limpia-2025,5585,"Capozzi, Sergio Eduardo",Rio Negro,AFIRMATIVO,afirmativo,REC1963
HCDN2923,ficha-limpia-2025,5585,"Carbajal, Fernando",Formosa,AFIRMATIVO,afirmativo,REC41
HCDN3090,ficha-limpia-2025,5585,"Carignano, Florencia",Santa Fe,NEGATIVO,negativo,REC1979
HCDN1361,ficha-limpia-2025,5585,"Carrizo, Ana Carla",CABA,AFIRMATIVO,afirmativo,A50810
HCDN1365,ficha-limpia-2025,5585,"Carrizo, Soledad",Cordoba,AUSENTE,ausente,A50821
HCDN2366,ficha-limpia-2025,5585,"Carro, Pablo",Cordoba,NEGATIVO,negativo,A51112
HCDN2780,ficha-limpia-2025,5585,"Casas, Sergio Guillermo",La Rioja,NEGATIVO,negativo,A51161
HCDN1454,ficha-limpia-2025,5585,"Castagneto, Carlos Daniel",Buenos Aires,NEGATIVO,negativo,A50896
HCDN3066,ficha-limpia-2025,5585,"Castillo, Christian",Buenos Aires,NEGATIVO,negativo,REC2007
HCDN2930,ficha-limpia-2025,5585,"Cervi, Pablo",Neuquen,AFIRMATIVO,afirmativo,REC57
HCDN2911,ficha-limpia-2025,5585,"Chaher, Leila",Jujuy,NEGATIVO,negativo,REC42
HCDN3085,ficha-limpia-2025,5585,"Chica, Jorge",San Juan,NEGATIVO,negativo,REC2001
HCDN2885,ficha-limpia-2025,5585,"Chomiak, Maria Luisa",Chaco,NEGATIVO,negativo,REC72
HCDN2919,ficha-limpia-2025,5585,"Chumpitaz, Gabriel Felipe",Santa Fe,AFIRMATIVO,afirmativo,REC32
HCDN2803,ficha-limpia-2025,5585,"Cipolini, Gerardo",Chaco,AFIRMATIVO,afirmativo,A51196
HCDN2765,ficha-limpia-2025,5585,"Cisneros, Carlos",Tucuman,AUSENTE,ausente,A51152
HCDN1066,ficha-limpia-2025,5585,"Cobos, Julio",Mendoza,AFIRMATIVO,afirmativo,A50843
HCDN3034,ficha-limpia-2025,5585,"Coletta, Mariela",CABA,AFIRMATIVO,afirmativo,REC1961
HCDN2894,ficha-limpia-2025,5585,"Coli, Marcela",La Pampa,AFIRMATIVO,afirmativo,REC45
HCDN3072,ficha-limpia-2025,5585,"Correa Llano, Facundo",Mendoza,AFIRMATIVO,afirmativo,REC1990
HCDN3060,ficha-limpia-2025,5585,"D'alessandro, Carlos",San Luis,AFIRMATIVO,afirmativo,REC1958
HCDN2822,ficha-limpia-2025,5585,"Daives, Ricardo",Santiago Del Estero,NEGATIVO,negativo,A51182
HCDN2928,ficha-limpia-2025,5585,"De la Sota, Natalia",Cordoba,AUSENTE,ausente,REC30
HCDN2942,ficha-limpia-2025,5585,"De Loredo, Rodrigo",Cordoba,AFIRMATIVO,afirmativo,REC26
HCDN3101,ficha-limpia-2025,5585,"De Sensi, Maria Florencia",Buenos Aires,AFIRMATIVO,afirmativo,REC2039
HCDN1383,ficha-limpia-2025,5585,"Del Caño, Nicolas",Buenos Aires,NEGATIVO,negativo,A50844
HCDN3041,ficha-limpia-2025,5585,"Diez, Romina",Santa Fe,AFIRMATIVO,afirmativo,REC2012
HCDN2954,ficha-limpia-2025,5585,"Domingo, Agustin",Rio Negro,AFIRMATIVO,afirmativo,REC58
HCDN3024,ficha-limpia-2025,5585,"Emma, Nicolas",CABA,AFIRMATIVO,afirmativo,REC2042
HCDN2901,ficha-limpia-2025,5585,"Espert, Jose Luis",Buenos Aires,AFIRMATIVO,afirmativo,REC4
vote-estevez-gabriela,ficha-limpia-2025,5585,"Estevez, Gabriela",,NEGATIVO,negativo,A50936
HCDN2884,ficha-limpia-2025,5585,"Estrada, Emiliano",Salta,NEGATIVO,negativo,REC61
HCDN3089,ficha-limpia-2025,5585,"Falcone, Eduardo",Buenos Aires,AFIRMATIVO,afirmativo,REC1969
HCDN2891,ficha-limpia-2025,5585,"Fein, Monica",Santa Fe,AFIRMATIVO,afirmativo,A4629
HCDN2985,ficha-limpia-2025,5585,"Fernandez, Carlos Alberto",Misiones,AFIRMATIVO,afirmativo,REC52
HCDN3020,ficha-limpia-2025,5585,"Fernandez, Elia Marina",Tucuman,AFIRMATIVO,afirmativo,REC1951
HCDN2903,ficha-limpia-2025,5585,"Fernandez, Agustin",Tucuman,AFIRMATIVO,afirmativo,REC81
HCDN3057,ficha-limpia-2025,5585,"Fernandez Molero, Daiana",CABA,AFIRMATIVO,afirmativo,REC1964
HCDN2376,ficha-limpia-2025,5585,"Fernandez Patri, Ramiro",Formosa,NEGATIVO,negativo,A51050
HCDN2787,ficha-limpia-2025,5585,"Ferraro, Maximiliano",CABA,AFIRMATIVO,afirmativo,A51181
HCDN3139,ficha-limpia-2025,5585,"Ferreyra, Alida",CABA,AFIRMATIVO,afirmativo,REC2046
HCDN2888,ficha-limpia-2025,5585,"Figueroa Casas, Germana",Santa Fe,AFIRMATIVO,afirmativo,REC70
HCDN2955,ficha-limpia-2025,5585,"Finocchiaro, Alejandro",Buenos Aires,AFIRMATIVO,afirmativo,REC2
HCDN2810,ficha-limpia-2025,5585,"Frade, Monica",Buenos Aires,AFIRMATIVO,afirmativo,A51199
HCDN3087,ficha-limpia-2025,5585,"Freites, Andrea",Tierra Del Fuego,NEGATIVO,negativo,REC1973
HCDN1375,ficha-limpia-2025,5585,"Gaillard, Ana Carolina",Entre Rios,NEGATIVO,negativo,A50833
HCDN3106,ficha-limpia-2025,5585,"Garcia, Carlos",Chaco,AFIRMATIVO,afirmativo,REC1993
HCDN2910,ficha-limpia-2025,5585,"Garcia Aresca, Ignacio",Cordoba,AFIRMATIVO,afirmativo,REC31
HCDN3146,ficha-limpia-2025,5585,"Garramuño, Ricardo",Tierra Del Fuego,AFIRMATIVO,afirmativo,REC2050
HCDN3099,ficha-limpia-2025,5585,"Garrido, Jose Luis",Santa Cruz,AUSENTE,ausente,REC1962
HCDN2382,ficha-limpia-2025,5585,"Ginocchio, Silvana Micaela",Catamarca,NEGATIVO,negativo,A51051
HCDN3026,ficha-limpia-2025,5585,"Giorgi, Melina",Santa Fe,AFIRMATIVO,afirmativo,REC2040
HCDN3043,ficha-limpia-2025,5585,"Giudici, Silvana",CABA,AFIRMATIVO,afirmativo,A4356
HCDN3074,ficha-limpia-2025,5585,"Giuliano, Diego A.",Santa Fe,NEGATIVO,negativo,REC2014
HCDN3053,ficha-limpia-2025,5585,"Glinski, Jose",Chubut,NEGATIVO,negativo,REC2004
HCDN2926,ficha-limpia-2025,5585,"Gollan, Daniel",Buenos Aires,AUSENTE,ausente,REC18
HCDN3062,ficha-limpia-2025,5585,"Gomez, Jose",Santiago Del Estero,AUSENTE,ausente,REC2027
HCDN2979,ficha-limpia-2025,5585,"Gonzalez, Gustavo Carlos Miguel",Santa Cruz,NEGATIVO,negativo,REC68
HCDN1466,ficha-limpia-2025,5585,"Gonzalez, Alvaro",CABA,AFIRMATIVO,afirmativo,A50919
HCDN3055,ficha-limpia-2025,5585,"Gonzalez, Gerardo Gustavo",Formosa,AFIRMATIVO,afirmativo,REC2030
HCDN2775,ficha-limpia-2025,5585,"Gutierrez, Ramiro",Buenos Aires,NEGATIVO,negativo,A51201
HCDN2768,ficha-limpia-2025,5585,"Gutierrez, Carlos",Cordoba,AUSENTE,ausente,A51185
HCDN2804,ficha-limpia-2025,5585,"Hagman, Itai",CABA,NEGATIVO,negativo,A51202
HCDN1180,ficha-limpia-2025,5585,"Heller, Carlos",CABA,NEGATIVO,negativo,A4763
HCDN2949,ficha-limpia-2025,5585,"Herrera, Ricardo",La Rioja,NEGATIVO,negativo,REC48
HCDN2445,ficha-limpia-2025,5585,"Herrera, Bernardo Jose",Santiago Del Estero,NEGATIVO,negativo,A51138
HCDN3098,ficha-limpia-2025,5585,"Huesen, Gerardo",Tucuman,AFIRMATIVO,afirmativo,REC2028
HCDN1272,ficha-limpia-2025,5585,"Ianni, Ana Maria",Santa Cruz,NEGATIVO,negativo,A50751
HCDN3092,ficha-limpia-2025,5585,"Ibañez, Maria Cecilia",Cordoba,AFIRMATIVO,afirmativo,REC2031
HCDN1031,ficha-limpia-2025,5585,"Iglesias, Fernando Adolfo",CABA,AFIRMATIVO,afirmativo,A4666
HCDN2950,ficha-limpia-2025,5585,"Iparraguirre, Rogelio",Buenos Aires,NEGATIVO,negativo,REC15
HCDN3068,ficha-limpia-2025,5585,"Juliano, Pablo",Buenos Aires,AFIRMATIVO,afirmativo,REC1972
HCDN1489,ficha-limpia-2025,5585,"Kirchner, Maximo Carlos",Buenos Aires,NEGATIVO,negativo,A50966
HCDN2941,ficha-limpia-2025,5585,"Klipauka Lewtak, Florencia",Misiones,AFIRMATIVO,afirmativo,REC54
HCDN1433,ficha-limpia-2025,5585,"Laspina, Luciano Andres",Santa Fe,AFIRMATIVO,afirmativo,A50884
HCDN2886,ficha-limpia-2025,5585,"Ledesma, Tomas",Entre Rios,NEGATIVO,negativo,REC84
HCDN2799,ficha-limpia-2025,5585,"Leiva, Aldo",Chaco,NEGATIVO,negativo,A51210
HCDN3084,ficha-limpia-2025,5585,"Lemoine, Lilia",Buenos Aires,AFIRMATIVO,afirmativo,REC1994
HCDN2936,ficha-limpia-2025,5585,"Litza, Monica",Buenos Aires,NEGATIVO,negativo,A51022
HCDN3025,ficha-limpia-2025,5585,"Llancafilo, Osvaldo",Neuquen,AFIRMATIVO,afirmativo,REC2044
HCDN3070,ficha-limpia-2025,5585,"Llano, Mercedes",Mendoza,AFIRMATIVO,afirmativo,REC1992
HCDN0530,ficha-limpia-2025,5585,"Lombardi, Hernan",Buenos Aires,AFIRMATIVO,afirmativo,REC1
HCDN2401,ficha-limpia-2025,5585,"Lopez, Juan Manuel",Buenos Aires,AFIRMATIVO,afirmativo,A51044
HCDN2898,ficha-limpia-2025,5585,"Lopez Murphy, Ricardo Hipolito",CABA,AFIRMATIVO,afirmativo,REC11
HCDN2791,ficha-limpia-2025,5585,"Lopez Rodriguez, Dante",Catamarca,NEGATIVO,negativo,A51235
HCDN1439,ficha-limpia-2025,5585,"Lospennato, Silvia",Buenos Aires,AFIRMATIVO,afirmativo,A50900
HCDN2402,ficha-limpia-2025,5585,"Macha, Monica",Buenos Aires,NEGATIVO,negativo,A51094
HCDN3075,ficha-limpia-2025,5585,"Macyszyn, Lorena",Buenos Aires,AFIRMATIVO,afirmativo,REC1975
HCDN2908,ficha-limpia-2025,5585,"Manes, Facundo",Buenos Aires,AFIRMATIVO,afirmativo,REC22
HCDN3081,ficha-limpia-2025,5585,"Manrique, Mario",Buenos Aires,NEGATIVO,negativo,REC2010
HCDN1565,ficha-limpia-2025,5585,"Maquieyra, Martin",La Pampa,AFIRMATIVO,afirmativo,A51017
HCDN2944,ficha-limpia-2025,5585,"Marin, Varinia Lis",La Pampa,NEGATIVO,negativo,REC46
HCDN3007,ficha-limpia-2025,5585,"Marino, Juan",Buenos Aires,NEGATIVO,negativo,REC1936
HCDN3063,ficha-limpia-2025,5585,"Marquez, Nadia",Neuquen,AFIRMATIVO,afirmativo,REC1956
HCDN2938,ficha-limpia-2025,5585,"Martinez, Alvaro",Mendoza,AFIRMATIVO,afirmativo,REC51
HCDN2789,ficha-limpia-2025,5585,"Martinez, German Pedro",Santa Fe,NEGATIVO,negativo,A51215
HCDN2860,ficha-limpia-2025,5585,"Marziotta, Gisela",CABA,NEGATIVO,negativo,A51262
HCDN1512,ficha-limpia-2025,5585,"Massot, Nicolas",Buenos Aires,ABSTENCION,abstencion,A50934
HCDN2948,ficha-limpia-2025,5585,"Mastaler, Magali",Santa Fe,NEGATIVO,negativo,REC34
HCDN3071,ficha-limpia-2025,5585,"Mayoraz, Nicolas",Santa Fe,AFIRMATIVO,afirmativo,REC2017
HCDN2392,ficha-limpia-2025,5585,"Medina, Gladys",Tucuman,AFIRMATIVO,afirmativo,A51113
HCDN3107,ficha-limpia-2025,5585,"Menem, Martin",La Rioja,AFIRMATIVO,afirmativo,REC2023
HCDN1192,ficha-limpia-2025,5585,"Milman, Gerardo",Buenos Aires,AFIRMATIVO,afirmativo,A4769
HCDN2738,ficha-limpia-2025,5585,"Mirabella, Roberto",Santa Fe,NEGATIVO,negativo,REC33
HCDN3056,ficha-limpia-2025,5585,"Molle, Matias",Buenos Aires,NEGATIVO,negativo,REC2018
HCDN3095,ficha-limpia-2025,5585,"Montenegro, Guillermo",Buenos Aires,AFIRMATIVO,afirmativo,REC1980
HCDN2927,ficha-limpia-2025,5585,"Monti, Francisco",Catamarca,AFIRMATIVO,afirmativo,REC77
HCDN2808,ficha-limpia-2025,5585,"Montoto, Maria Luisa",Santiago Del Estero,NEGATIVO,negativo,A51238
HCDN1440,ficha-limpia-2025,5585,"Monzo, Emilio",Buenos Aires,AFIRMATIVO,afirmativo,A50901
HCDN3045,ficha-limpia-2025,5585,"Monzon, Roxana",Buenos Aires,NEGATIVO,negativo,REC1976
HCDN3008,ficha-limpia-2025,5585,"Moran, Micaela",Buenos Aires,NEGATIVO,negativo,REC1937
HCDN3046,ficha-limpia-2025,5585,"Morchio, Francisco",Entre Rios,AFIRMATIVO,afirmativo,REC2026
vote-moreau-leopoldo,ficha-limpia-2025,5585,"Moreau, Leopoldo",,NEGATIVO,negativo,A51098
HCDN1463,ficha-limpia-2025,5585,"Moreau, Cecilia",Buenos Aires,NEGATIVO,negativo,A50898
HCDN3104,ficha-limpia-2025,5585,"Moreno, Maria de los Angeles",San Juan,AFIRMATIVO,afirmativo,REC2041
HCDN3103,ficha-limpia-2025,5585,"Moreno Ovalle, Julio",Salta,AFIRMATIVO,afirmativo,REC1984
HCDN2980,ficha-limpia-2025,5585,"Moyano, Nilda",Santiago Del Estero,NEGATIVO,negativo,REC85
HCDN2340,ficha-limpia-2025,5585,"Neder, Estela Mary",Santiago Del Estero,NEGATIVO,negativo,A51059
HCDN2983,ficha-limpia-2025,5585,"Nieri, Lisandro",Mendoza,AFIRMATIVO,afirmativo,REC86
HCDN3076,ficha-limpia-2025,5585,"Noblega, Sebastian",Catamarca,NEGATIVO,negativo,REC1989
HCDN1500,ficha-limpia-2025,5585,"Nuñez, Jose",Santa Fe,AFIRMATIVO,afirmativo,A50973
HCDN2400,ficha-limpia-2025,5585,"Oliveto Lago, Paula",CABA,AFIRMATIVO,afirmativo,A51115
HCDN2909,ficha-limpia-2025,5585,"Omodeo, Paula",Tucuman,AFIRMATIVO,afirmativo,REC79
HCDN3096,ficha-limpia-2025,5585,"Orozco, Emilia",Salta,AFIRMATIVO,afirmativo,REC1987
HCDN0633,ficha-limpia-2025,5585,"Osuna, Blanca Ines",Entre Rios,NEGATIVO,negativo,A51218
HCDN3100,ficha-limpia-2025,5585,"Outes, Pablo",Salta,AFIRMATIVO,afirmativo,REC1991
HCDN3061,ficha-limpia-2025,5585,"Pagano, Marcela Marina",Buenos Aires,AFIRMATIVO,afirmativo,REC1968
HCDN2904,ficha-limpia-2025,5585,"Palazzo, Sergio Omar",Buenos Aires,NEGATIVO,negativo,REC19
HCDN2922,ficha-limpia-2025,5585,"Paponet, Liliana",Mendoza,NEGATIVO,negativo,REC49
HCDN2784,ficha-limpia-2025,5585,"Parola, Maria Graciela",Formosa,NEGATIVO,negativo,A51173
HCDN1460,ficha-limpia-2025,5585,"Passo, Marcela Fabiana",Buenos Aires,NEGATIVO,negativo,A50912
HCDN3105,ficha-limpia-2025,5585,"Pauli, Santiago",Tierra Del Fuego,AFIRMATIVO,afirmativo,REC1978
HCDN3108,ficha-limpia-2025,5585,"Paulon, Esteban",Santa Fe,AFIRMATIVO,afirmativo,REC2019
HCDN2902,ficha-limpia-2025,5585,"Pedrali, Gabriela",La Rioja,AUSENTE,ausente,REC47
HCDN1356,ficha-limpia-2025,5585,"Pedrini, Juan Manuel",Chaco,NEGATIVO,negativo,A50816
HCDN3040,ficha-limpia-2025,5585,"Peluc, Jose",San Juan,AFIRMATIVO,afirmativo,REC2002
HCDN2821,ficha-limpia-2025,5585,"Penacca, Paula Andrea",CABA,NEGATIVO,negativo,A51180
HCDN2915,ficha-limpia-2025,5585,"Pereyra, Julio",Buenos Aires,NEGATIVO,negativo,REC13
HCDN3051,ficha-limpia-2025,5585,"Picat, Luis Albino",Cordoba,AFIRMATIVO,afirmativo,REC2032
HCDN0022,ficha-limpia-2025,5585,"Pichetto, Miguel Angel",Buenos Aires,ABSTENCION,abstencion,REC1965
HCDN3050,ficha-limpia-2025,5585,"Picon Martinez, Nancy Viviana",San Juan,AFIRMATIVO,afirmativo,REC2006
HCDN2940,ficha-limpia-2025,5585,"Piparo, Carolina",Buenos Aires,AFIRMATIVO,afirmativo,REC5
HCDN3082,ficha-limpia-2025,5585,"Pokoik, Lorena",CABA,NEGATIVO,negativo,REC2011
HCDN2929,ficha-limpia-2025,5585,"Polini, Juan Carlos",Chaco,AFIRMATIVO,afirmativo,REC73
HCDN3069,ficha-limpia-2025,5585,"Ponce, Maria Celeste",Cordoba,AFIRMATIVO,afirmativo,REC2034
HCDN3078,ficha-limpia-2025,5585,"Potenza, Luciana",Buenos Aires,NEGATIVO,negativo,REC1960
HCDN2905,ficha-limpia-2025,5585,"Propato, Agustina Lucrecia",Buenos Aires,NEGATIVO,negativo,REC20
HCDN2406,ficha-limpia-2025,5585,"Quetglas, Fabio Jose",Buenos Aires,AFIRMATIVO,afirmativo,A51096
HCDN3097,ficha-limpia-2025,5585,"Quintar, Manuel",Jujuy,AFIRMATIVO,afirmativo,REC2033
HCDN2945,ficha-limpia-2025,5585,"Quiroz, Marilu",Chaco,AFIRMATIVO,afirmativo,REC74
HCDN1042,ficha-limpia-2025,5585,"Randazzo, Florencio",Buenos Aires,AFIRMATIVO,afirmativo,REC82
HCDN2408,ficha-limpia-2025,5585,"Rauschenberger, Ariel",La Pampa,NEGATIVO,negativo,A51103
HCDN3110,ficha-limpia-2025,5585,"Razzini, Veronica",Santa Fe,AFIRMATIVO,afirmativo,REC2022
vote-reyes-roxana,ficha-limpia-2025,5585,"Reyes, Roxana",,AFIRMATIVO,afirmativo,A51077
HCDN0788,ficha-limpia-2025,5585,"Ritondo, Cristian A.",Buenos Aires,AFIRMATIVO,afirmativo,A51221
HCDN2754,ficha-limpia-2025,5585,"Rizzotti, Jorge",Jujuy,AFIRMATIVO,afirmativo,A51183
vote-rodriguez-machado-laura,ficha-limpia-2025,5585,"Rodriguez Machado, Laura",,AFIRMATIVO,afirmativo,REC27
HCDN2952,ficha-limpia-2025,5585,"Romero, Ana Clara",Chubut,AFIRMATIVO,afirmativo,REC75
HCDN2412,ficha-limpia-2025,5585,"Romero, Jorge Antonio",Corrientes,NEGATIVO,negativo,A51084
HCDN3036,ficha-limpia-2025,5585,"Ruiz, Yamila",Misiones,AFIRMATIVO,afirmativo,REC2005
HCDN2887,ficha-limpia-2025,5585,"Sanchez, Roberto Antonio",Tucuman,AFIRMATIVO,afirmativo,REC78
HCDN2817,ficha-limpia-2025,5585,"Sand, Nancy",Corrientes,NEGATIVO,negativo,A51162
HCDN3039,ficha-limpia-2025,5585,"Santillan Juarez Brahim, Juliana",Buenos Aires,AFIRMATIVO,afirmativo,REC1954
HCDN2951,ficha-limpia-2025,5585,"Santilli, Diego",Buenos Aires,AFIRMATIVO,afirmativo,REC16
HCDN2892,ficha-limpia-2025,5585,"Santoro, Leandro",CABA,NEGATIVO,negativo,REC8
HCDN3065,ficha-limpia-2025,5585,"Santurio, Santiago",Buenos Aires,AFIRMATIVO,afirmativo,REC2003
HCDN3016,ficha-limpia-2025,5585,"Sarapura, Natalia Silvina",Jujuy,AFIRMATIVO,afirmativo,REC1944
HCDN2444,ficha-limpia-2025,5585,"Schlotthauer, Monica Leticia",Buenos Aires,NEGATIVO,negativo,A51139
HCDN3054,ficha-limpia-2025,5585,"Selva, Sabrina",Buenos Aires,NEGATIVO,negativo,REC1998
HCDN2421,ficha-limpia-2025,5585,"Siley, Vanesa Raquel",Buenos Aires,NEGATIVO,negativo,A51120
HCDN1524,ficha-limpia-2025,5585,"Snopek, Guillermo",Jujuy,NEGATIVO,negativo,A50947
HCDN2773,ficha-limpia-2025,5585,"Soria, Martin",Rio Negro,NEGATIVO,negativo,A51225
HCDN2914,ficha-limpia-2025,5585,"Sotolano, Maria",Buenos Aires,AFIRMATIVO,afirmativo,REC24
HCDN2925,ficha-limpia-2025,5585,"Stolbizer, Margarita",Buenos Aires,AFIRMATIVO,afirmativo,A1460
HCDN3033,ficha-limpia-2025,5585,"Strada, Julia",Buenos Aires,NEGATIVO,negativo,REC1995
HCDN1455,ficha-limpia-2025,5585,"Tailhade, Rodolfo",Buenos Aires,NEGATIVO,negativo,A50897
HCDN2895,ficha-limpia-2025,5585,"Tavela, Danya",Buenos Aires,AFIRMATIVO,afirmativo,REC23
HCDN2943,ficha-limpia-2025,5585,"Tetaz, Martin Alberto",CABA,AFIRMATIVO,afirmativo,REC10
HCDN3083,ficha-limpia-2025,5585,"Todero, Pablo",Neuquen,NEGATIVO,negativo,REC1959
HCDN2896,ficha-limpia-2025,5585,"Tolosa Paz, Victoria",Buenos Aires,NEGATIVO,negativo,REC17
HCDN2889,ficha-limpia-2025,5585,"Toniolli, Eduardo",Santa Fe,NEGATIVO,negativo,REC35
HCDN3109,ficha-limpia-2025,5585,"Torres, Alejandra",Cordoba,AFIRMATIVO,afirmativo,REC2036
HCDN2924,ficha-limpia-2025,5585,"Tortoriello, Anibal",Rio Negro,AFIRMATIVO,afirmativo,REC59
HCDN3142,ficha-limpia-2025,5585,"Tournier, Jose Federico",Corrientes,AFIRMATIVO,afirmativo,REC2048
HCDN3102,ficha-limpia-2025,5585,"Treffinger, Cesar",Chubut,AFIRMATIVO,afirmativo,REC1955
HCDN2825,ficha-limpia-2025,5585,"Valdes, Eduardo Felix",CABA,NEGATIVO,negativo,A51237
HCDN3031,ficha-limpia-2025,5585,"Vancsik, Daniel",Misiones,AFIRMATIVO,afirmativo,REC2008
HCDN2899,ficha-limpia-2025,5585,"Vargas Matyi, Brenda",Buenos Aires,NEGATIVO,negativo,REC14
HCDN3037,ficha-limpia-2025,5585,"Vasquez, Patricia",Buenos Aires,AFIRMATIVO,afirmativo,REC1986
HCDN3038,ficha-limpia-2025,5585,"Vega, Yolanda",Salta,AFIRMATIVO,afirmativo,REC1997
HCDN1555,ficha-limpia-2025,5585,"Verasay, Pamela Fernanda",Mendoza,AFIRMATIVO,afirmativo,REC50
HCDN2953,ficha-limpia-2025,5585,"Vidal, Maria Eugenia",CABA,AFIRMATIVO,afirmativo,REC9
HCDN2935,ficha-limpia-2025,5585,"Vilca, Alejandro",Jujuy,NEGATIVO,negativo,REC43
HCDN3091,ficha-limpia-2025,5585,"Villaverde, Lorena",Rio Negro,AFIRMATIVO,afirmativo,REC1967
HCDN1456,ficha-limpia-2025,5585,"Volnovich, Luana",Buenos Aires,NEGATIVO,negativo,A50899
HCDN2429,ficha-limpia-2025,5585,"Yasky, Hugo",Buenos Aires,NEGATIVO,negativo,A51095
HCDN2431,ficha-limpia-2025,5585,"Yedlin, Pablo Raul",Tucuman,NEGATIVO,negativo,A51126
HCDN3086,ficha-limpia-2025,5585,"Yeza, Martin",Buenos Aires,AFIRMATIVO,afirmativo,REC1982
HCDN2856,ficha-limpia-2025,5585,"Yutrovic, Carolina",Tierra Del Fuego,NEGATIVO,negativo,A51244
HCDN2986,ficha-limpia-2025,5585,"Zabala Chacur, Natalia",San Luis,AUSENTE,ausente,REC102
HCDN3073,ficha-limpia-2025,5585,"Zago, Oscar",CABA,AFIRMATIVO,afirmativo,REC2016
HCDN2900,ficha-limpia-2025,5585,"Zapata, Carlos Raul",Salta,AFIRMATIVO,afirmativo,REC60
HCDN2976,ficha-limpia-2025,5585,"Zaracho, Natalia",Buenos Aires,NEGATIVO,negativo,REC101
HCDN3077,ficha-limpia-2025,5585,"Zulli, Christian Alejandro",Corrientes,NEGATIVO,negativo,REC2038
vote-acevedo-sergio-edgardo,financiamiento-universitario-2024,5306,"Acevedo, Sergio Edgardo",,AFIRMATIVO,afirmativo,REC2043
HCDN3018,financiamiento-universitario-2024,5306,"Agost Carreño, Oscar",Cordoba,AFIRMATIVO,afirmativo,REC1948
HCDN0972,financiamiento-universitario-2024,5306,"Aguirre, Hilda",La Rioja,AFIRMATIVO,afirmativo,A4608
HCDN2959,financiamiento-universitario-2024,5306,"Aguirre, Manuel Ignacio",Corrientes,AFIRMATIVO,afirmativo,REC37
HCDN2916,financiamiento-universitario-2024,5306,"Ajmechet, Sabrina",CABA,AUSENTE,ausente,REC71
HCDN3140,financiamiento-universitario-2024,5306,"Ali, Ernesto Pipi",San Luis,AFIRMATIVO,afirmativo,REC2009
HCDN2912,financiamiento-universitario-2024,5306,"Alianiello, Eugenia",Chubut,AFIRMATIVO,afirmativo,REC76
HCDN2350,financiamiento-universitario-2024,5306,"Allende, Walberto",San Juan,AFIRMATIVO,afirmativo,A51078
HCDN3029,financiamiento-universitario-2024,5306,"Almiron, Lisandro",Corrientes,NEGATIVO,negativo,REC2035
HCDN2937,financiamiento-universitario-2024,5306,"Alonso, Constanza Maria",Buenos Aires,AFIRMATIVO,afirmativo,REC12
HCDN2354,financiamiento-universitario-2024,5306,"Ansaloni, Pablo",Buenos Aires,NEGATIVO,negativo,A51049
HCDN2893,financiamiento-universitario-2024,5306,"Antola, Marcela",Entre Rios,AFIRMATIVO,afirmativo,REC38
HCDN3032,financiamiento-universitario-2024,5306,"Arabia, Damian",CABA,NEGATIVO,negativo,REC1957
HCDN3022,financiamiento-universitario-2024,5306,"Arancibia Rodriguez, Alberto Gustavo",San Luis,NEGATIVO,negativo,REC1952
HCDN3023,financiamiento-universitario-2024,5306,"Araujo, Maria Fernanda",CABA,NEGATIVO,negativo,REC2045
HCDN3047,financiamiento-universitario-2024,5306,"Araujo Hernandez, Jorge Neri",Tierra Del Fuego,AFIRMATIVO,afirmativo,REC1970
HCDN3049,financiamiento-universitario-2024,5306,"Ardohain, Martin",La Pampa,NEGATIVO,negativo,REC2029
HCDN2934,financiamiento-universitario-2024,5306,"Arjol, Martin",Misiones,AFIRMATIVO,afirmativo,REC53
HCDN3059,financiamiento-universitario-2024,5306,"Arrieta, Lourdes Micaela",Mendoza,NEGATIVO,negativo,REC1983
HCDN2356,financiamiento-universitario-2024,5306,"Arroyo, Daniel",Buenos Aires,AFIRMATIVO,afirmativo,A51073
HCDN3030,financiamiento-universitario-2024,5306,"Arrua, Alberto",Misiones,AFIRMATIVO,afirmativo,REC1996
HCDN2921,financiamiento-universitario-2024,5306,"Aubone, Ana Fabiola",San Juan,AFIRMATIVO,afirmativo,REC64
HCDN3028,financiamiento-universitario-2024,5306,"Aveiro, Martin",Mendoza,AFIRMATIVO,afirmativo,REC1985
HCDN3058,financiamiento-universitario-2024,5306,"Avico, Belen",Cordoba,NEGATIVO,negativo,REC2021
HCDN3094,financiamiento-universitario-2024,5306,"Avila, Jorge Antonio",Chubut,AUSENTE,ausente,REC2000
HCDN3052,financiamiento-universitario-2024,5306,"Avila, Fernanda",Catamarca,AUSENTE,ausente,REC1981
HCDN2947,financiamiento-universitario-2024,5306,"Bachey, Karina Ethel",San Luis,NEGATIVO,negativo,REC83
HCDN1364,financiamiento-universitario-2024,5306,"Baldassi, Hector W.",Cordoba,AUSENTE,ausente,A50820
HCDN1447,financiamiento-universitario-2024,5306,"Banfi, Karina",Buenos Aires,AFIRMATIVO,afirmativo,A50906
HCDN2906,financiamiento-universitario-2024,5306,"Barletta, Mario",Santa Fe,AFIRMATIVO,afirmativo,A50864
HCDN1240,financiamiento-universitario-2024,5306,"Basterra, Luis Eugenio",Formosa,AFIRMATIVO,afirmativo,A50726
HCDN1148,financiamiento-universitario-2024,5306,"Benedetti, Atilio",Entre Rios,AFIRMATIVO,afirmativo,A4774
HCDN3111,financiamiento-universitario-2024,5306,"Benedit, Beltran",Entre Rios,NEGATIVO,negativo,REC2015
HCDN3064,financiamiento-universitario-2024,5306,"Benegas Lynch, Bertie",Buenos Aires,NEGATIVO,negativo,REC1988
HCDN2917,financiamiento-universitario-2024,5306,"Bermejo, Adolfo",Mendoza,AFIRMATIVO,afirmativo,REC65
HCDN2907,financiamiento-universitario-2024,5306,"Bertoldi, Tanya",Neuquen,AFIRMATIVO,afirmativo,REC56
HCDN2881,financiamiento-universitario-2024,5306,"Besana, Gabriela",Buenos Aires,NEGATIVO,negativo,REC25
HCDN3079,financiamiento-universitario-2024,5306,"Bianchetti, Emmanuel",Misiones,AUSENTE,ausente,REC1999
HCDN3141,financiamiento-universitario-2024,5306,"Biasi, Vanina",CABA,AFIRMATIVO,afirmativo,REC2047
HCDN3088,financiamiento-universitario-2024,5306,"Bonacci, Rocio",Santa Fe,NEGATIVO,negativo,REC1966
HCDN3048,financiamiento-universitario-2024,5306,"Bongiovanni, Alejandro",Santa Fe,NEGATIVO,negativo,REC1974
HCDN3035,financiamiento-universitario-2024,5306,"Bordet, Gustavo",Entre Rios,AUSENTE,ausente,REC2020
HCDN3042,financiamiento-universitario-2024,5306,"Bornoroni, Gabriel",Cordoba,NEGATIVO,negativo,REC2024
HCDN2913,financiamiento-universitario-2024,5306,"Borrego, Victoria",Buenos Aires,AFIRMATIVO,afirmativo,REC3
HCDN2361,financiamiento-universitario-2024,5306,"Brambilla, Sofia",Corrientes,NEGATIVO,negativo,A51039
HCDN2956,financiamiento-universitario-2024,5306,"Brouwer de Koning, Gabriela",Cordoba,AFIRMATIVO,afirmativo,REC29
HCDN1577,financiamiento-universitario-2024,5306,"Brügge, Juan Fernando",Cordoba,AUSENTE,ausente,A51013
HCDN2831,financiamiento-universitario-2024,5306,"Cafiero, Santiago",Buenos Aires,AFIRMATIVO,afirmativo,REC1953
HCDN2946,financiamiento-universitario-2024,5306,"Calletti, Pamela",Salta,AFIRMATIVO,afirmativo,REC62
HCDN2362,financiamiento-universitario-2024,5306,"Campagnoli, Marcela",Buenos Aires,AUSENTE,ausente,A51061
HCDN3044,financiamiento-universitario-2024,5306,"Campero, Mariano",Tucuman,AUSENTE,ausente,REC2013
HCDN3093,financiamiento-universitario-2024,5306,"Campitelli, Celia",Santiago Del Estero,AFIRMATIVO,afirmativo,REC2025
HCDN3080,financiamiento-universitario-2024,5306,"Capozzi, Sergio Eduardo",Rio Negro,NEGATIVO,negativo,REC1963
HCDN2923,financiamiento-universitario-2024,5306,"Carbajal, Fernando",Formosa,AFIRMATIVO,afirmativo,REC41
HCDN3090,financiamiento-universitario-2024,5306,"Carignano, Florencia",Santa Fe,AFIRMATIVO,afirmativo,REC1979
HCDN1361,financiamiento-universitario-2024,5306,"Carrizo, Ana Carla",CABA,AFIRMATIVO,afirmativo,A50810
HCDN1365,financiamiento-universitario-2024,5306,"Carrizo, Soledad",Cordoba,AFIRMATIVO,afirmativo,A50821
HCDN2366,financiamiento-universitario-2024,5306,"Carro, Pablo",Cordoba,AFIRMATIVO,afirmativo,A51112
HCDN2780,financiamiento-universitario-2024,5306,"Casas, Sergio Guillermo",La Rioja,AFIRMATIVO,afirmativo,A51161
HCDN1454,financiamiento-universitario-2024,5306,"Castagneto, Carlos Daniel",Buenos Aires,AFIRMATIVO,afirmativo,A50896
HCDN3066,financiamiento-universitario-2024,5306,"Castillo, Christian",Buenos Aires,AFIRMATIVO,afirmativo,REC2007
HCDN2930,financiamiento-universitario-2024,5306,"Cervi, Pablo",Neuquen,AFIRMATIVO,afirmativo,REC57
HCDN2911,financiamiento-universitario-2024,5306,"Chaher, Leila",Jujuy,AUSENTE,ausente,REC42
HCDN3085,financiamiento-universitario-2024,5306,"Chica, Jorge",San Juan,AFIRMATIVO,afirmativo,REC2001
HCDN2885,financiamiento-universitario-2024,5306,"Chomiak, Maria Luisa",Chaco,AFIRMATIVO,afirmativo,REC72
HCDN2919,financiamiento-universitario-2024,5306,"Chumpitaz, Gabriel Felipe",Santa Fe,NEGATIVO,negativo,REC32
HCDN2803,financiamiento-universitario-2024,5306,"Cipolini, Gerardo",Chaco,AUSENTE,ausente,A51196
HCDN2765,financiamiento-universitario-2024,5306,"Cisneros, Carlos",Tucuman,AUSENTE,ausente,A51152
HCDN1066,financiamiento-universitario-2024,5306,"Cobos, Julio",Mendoza,AFIRMATIVO,afirmativo,A50843
HCDN3034,financiamiento-universitario-2024,5306,"Coletta, Mariela",CABA,AFIRMATIVO,afirmativo,REC1961
HCDN2894,financiamiento-universitario-2024,5306,"Coli, Marcela",La Pampa,AFIRMATIVO,afirmativo,REC45
HCDN3072,financiamiento-universitario-2024,5306,"Correa Llano, Facundo",Mendoza,NEGATIVO,negativo,REC1990
HCDN3060,financiamiento-universitario-2024,5306,"D'alessandro, Carlos",San Luis,NEGATIVO,negativo,REC1958
HCDN2822,financiamiento-universitario-2024,5306,"Daives, Ricardo",Santiago Del Estero,AFIRMATIVO,afirmativo,A51182
HCDN2928,financiamiento-universitario-2024,5306,"De la Sota, Natalia",Cordoba,AFIRMATIVO,afirmativo,REC30
HCDN2942,financiamiento-universitario-2024,5306,"De Loredo, Rodrigo",Cordoba,AFIRMATIVO,afirmativo,REC26
HCDN3101,financiamiento-universitario-2024,5306,"De Sensi, Maria Florencia",Buenos Aires,NEGATIVO,negativo,REC2039
HCDN1383,financiamiento-universitario-2024,5306,"Del Caño, Nicolas",Buenos Aires,AFIRMATIVO,afirmativo,A50844
HCDN3041,financiamiento-universitario-2024,5306,"Diez, Romina",Santa Fe,NEGATIVO,negativo,REC2012
HCDN2954,financiamiento-universitario-2024,5306,"Domingo, Agustin",Rio Negro,AFIRMATIVO,afirmativo,REC58
HCDN3024,financiamiento-universitario-2024,5306,"Emma, Nicolas",CABA,NEGATIVO,negativo,REC2042
HCDN2901,financiamiento-universitario-2024,5306,"Espert, Jose Luis",Buenos Aires,NEGATIVO,negativo,REC4
vote-estevez-gabriela,financiamiento-universitario-2024,5306,"Estevez, Gabriela",,AUSENTE,ausente,A50936
HCDN2884,financiamiento-universitario-2024,5306,"Estrada, Emiliano",Salta,AUSENTE,ausente,REC61
HCDN3089,financiamiento-universitario-2024,5306,"Falcone, Eduardo",Buenos Aires,NEGATIVO,negativo,REC1969
HCDN2891,financiamiento-universitario-2024,5306,"Fein, Monica",Santa Fe,AFIRMATIVO,afirmativo,A4629
HCDN2985,financiamiento-universitario-2024,5306,"Fernandez, Carlos Alberto",Misiones,AFIRMATIVO,afirmativo,REC52
HCDN3020,financiamiento-universitario-2024,5306,"Fernandez, Elia Marina",Tucuman,NEGATIVO,negativo,REC1951
HCDN2903,financiamiento-universitario-2024,5306,"Fernandez, Agustin",Tucuman,NEGATIVO,negativo,REC81
HCDN3057,financiamiento-universitario-2024,5306,"Fernandez Molero, Daiana",CABA,NEGATIVO,negativo,REC1964
HCDN2376,financiamiento-universitario-2024,5306,"Fernandez Patri, Ramiro",Formosa,AFIRMATIVO,afirmativo,A51050
HCDN2787,financiamiento-universitario-2024,5306,"Ferraro, Maximiliano",CABA,AFIRMATIVO,afirmativo,A51181
HCDN3139,financiamiento-universitario-2024,5306,"Ferreyra, Alida",CABA,NEGATIVO,negativo,REC2046
HCDN2888,financiamiento-universitario-2024,5306,"Figueroa Casas, Germana",Santa Fe,NEGATIVO,negativo,REC70
HCDN2955,financiamiento-universitario-2024,5306,"Finocchiaro, Alejandro",Buenos Aires,NEGATIVO,negativo,REC2
HCDN2810,financiamiento-universitario-2024,5306,"Frade, Monica",Buenos Aires,AFIRMATIVO,afirmativo,A51199
HCDN3087,financiamiento-universitario-2024,5306,"Freites, Andrea",Tierra Del Fuego,AFIRMATIVO,afirmativo,REC1973
HCDN1375,financiamiento-universitario-2024,5306,"Gaillard, Ana Carolina",Entre Rios,AUSENTE,ausente,A50833
HCDN2897,financiamiento-universitario-2024,5306,"Galimberti, Pedro Jorge",Entre Rios,AFIRMATIVO,afirmativo,REC39
HCDN3106,financiamiento-universitario-2024,5306,"Garcia, Carlos",Chaco,NEGATIVO,negativo,REC1993
HCDN2910,financiamiento-universitario-2024,5306,"Garcia Aresca, Ignacio",Cordoba,AFIRMATIVO,afirmativo,REC31
HCDN3099,financiamiento-universitario-2024,5306,"Garrido, Jose Luis",Santa Cruz,AFIRMATIVO,afirmativo,REC1962
HCDN2382,financiamiento-universitario-2024,5306,"Ginocchio, Silvana Micaela",Catamarca,AFIRMATIVO,afirmativo,A51051
HCDN3026,financiamiento-universitario-2024,5306,"Giorgi, Melina",Santa Fe,AFIRMATIVO,afirmativo,REC2040
HCDN3043,financiamiento-universitario-2024,5306,"Giudici, Silvana",CABA,NEGATIVO,negativo,A4356
HCDN3074,financiamiento-universitario-2024,5306,"Giuliano, Diego A.",Santa Fe,AFIRMATIVO,afirmativo,REC2014
HCDN3053,financiamiento-universitario-2024,5306,"Glinski, Jose",Chubut,AUSENTE,ausente,REC2004
HCDN2926,financiamiento-universitario-2024,5306,"Gollan, Daniel",Buenos Aires,AFIRMATIVO,afirmativo,REC18
HCDN3062,financiamiento-universitario-2024,5306,"Gomez, Jose",Santiago Del Estero,AFIRMATIVO,afirmativo,REC2027
HCDN3055,financiamiento-universitario-2024,5306,"Gonzalez, Gerardo Gustavo",Formosa,AUSENTE,ausente,REC2030
HCDN1466,financiamiento-universitario-2024,5306,"Gonzalez, Alvaro",CABA,AUSENTE,ausente,A50919
HCDN2979,financiamiento-universitario-2024,5306,"Gonzalez, Gustavo Carlos Miguel",Santa Cruz,AFIRMATIVO,afirmativo,REC68
HCDN2768,financiamiento-universitario-2024,5306,"Gutierrez, Carlos",Cordoba,AFIRMATIVO,afirmativo,A51185
HCDN2775,financiamiento-universitario-2024,5306,"Gutierrez, Ramiro",Buenos Aires,AFIRMATIVO,afirmativo,A51201
HCDN2804,financiamiento-universitario-2024,5306,"Hagman, Itai",CABA,AFIRMATIVO,afirmativo,A51202
HCDN1180,financiamiento-universitario-2024,5306,"Heller, Carlos",CABA,AFIRMATIVO,afirmativo,A4763
HCDN2949,financiamiento-universitario-2024,5306,"Herrera, Ricardo",La Rioja,AFIRMATIVO,afirmativo,REC48
HCDN2445,financiamiento-universitario-2024,5306,"Herrera, Bernardo Jose",Santiago Del Estero,AFIRMATIVO,afirmativo,A51138
HCDN3098,financiamiento-universitario-2024,5306,"Huesen, Gerardo",Tucuman,NEGATIVO,negativo,REC2028
HCDN1272,financiamiento-universitario-2024,5306,"Ianni, Ana Maria",Santa Cruz,AFIRMATIVO,afirmativo,A50751
HCDN3092,financiamiento-universitario-2024,5306,"Ibañez, Maria Cecilia",Cordoba,NEGATIVO,negativo,REC2031
HCDN1031,financiamiento-universitario-2024,5306,"Iglesias, Fernando Adolfo",CABA,NEGATIVO,negativo,A4666
HCDN2950,financiamiento-universitario-2024,5306,"Iparraguirre, Rogelio",Buenos Aires,AFIRMATIVO,afirmativo,REC15
HCDN3068,financiamiento-universitario-2024,5306,"Juliano, Pablo",Buenos Aires,AFIRMATIVO,afirmativo,REC1972
HCDN1489,financiamiento-universitario-2024,5306,"Kirchner, Maximo Carlos",Buenos Aires,AFIRMATIVO,afirmativo,A50966
HCDN2941,financiamiento-universitario-2024,5306,"Klipauka Lewtak, Florencia",Misiones,NEGATIVO,negativo,REC54
HCDN1433,financiamiento-universitario-2024,5306,"Laspina, Luciano Andres",Santa Fe,NEGATIVO,negativo,A50884
HCDN2886,financiamiento-universitario-2024,5306,"Ledesma, Tomas",Entre Rios,AFIRMATIVO,afirmativo,REC84
HCDN2799,financiamiento-universitario-2024,5306,"Leiva, Aldo",Chaco,AFIRMATIVO,afirmativo,A51210
HCDN3084,financiamiento-universitario-2024,5306,"Lemoine, Lilia",Buenos Aires,NEGATIVO,negativo,REC1994
HCDN2936,financiamiento-universitario-2024,5306,"Litza, Monica",Buenos Aires,AFIRMATIVO,afirmativo,A51022
HCDN3025,financiamiento-universitario-2024,5306,"Llancafilo, Osvaldo",Neuquen,AFIRMATIVO,afirmativo,REC2044
HCDN3070,financiamiento-universitario-2024,5306,"Llano, Mercedes",Mendoza,NEGATIVO,negativo,REC1992
HCDN0530,financiamiento-universitario-2024,5306,"Lombardi, Hernan",Buenos Aires,NEGATIVO,negativo,REC1
HCDN2401,financiamiento-universitario-2024,5306,"Lopez, Juan Manuel",Buenos Aires,AUSENTE,ausente,A51044
HCDN2898,financiamiento-universitario-2024,5306,"Lopez Murphy, Ricardo Hipolito",CABA,AUSENTE,ausente,REC11
HCDN2791,financiamiento-universitario-2024,5306,"Lopez Rodriguez, Dante",Catamarca,AFIRMATIVO,afirmativo,A51235
HCDN1439,financiamiento-universitario-2024,5306,"Lospennato, Silvia",Buenos Aires,NEGATIVO,negativo,A50900
HCDN2402,financiamiento-universitario-2024,5306,"Macha, Monica",Buenos Aires,AFIRMATIVO,afirmativo,A51094
HCDN3075,financiamiento-universitario-2024,5306,"Macyszyn, Lorena",Buenos Aires,NEGATIVO,negativo,REC1975
HCDN2908,financiamiento-universitario-2024,5306,"Manes, Facundo",Buenos Aires,AFIRMATIVO,afirmativo,REC22
HCDN3081,financiamiento-universitario-2024,5306,"Manrique, Mario",Buenos Aires,AFIRMATIVO,afirmativo,REC2010
HCDN1565,financiamiento-universitario-2024,5306,"Maquieyra, Martin",La Pampa,NEGATIVO,negativo,A51017
HCDN2944,financiamiento-universitario-2024,5306,"Marin, Varinia Lis",La Pampa,AFIRMATIVO,afirmativo,REC46
HCDN3007,financiamiento-universitario-2024,5306,"Marino, Juan",Buenos Aires,AFIRMATIVO,afirmativo,REC1936
HCDN3063,financiamiento-universitario-2024,5306,"Marquez, Nadia",Neuquen,NEGATIVO,negativo,REC1956
HCDN2938,financiamiento-universitario-2024,5306,"Martinez, Alvaro",Mendoza,NEGATIVO,negativo,REC51
HCDN2789,financiamiento-universitario-2024,5306,"Martinez, German Pedro",Santa Fe,AFIRMATIVO,afirmativo,A51215
HCDN2860,financiamiento-universitario-2024,5306,"Marziotta, Gisela",CABA,AFIRMATIVO,afirmativo,A51262
HCDN1512,financiamiento-universitario-2024,5306,"Massot, Nicolas",Buenos Aires,AFIRMATIVO,afirmativo,A50934
HCDN2948,financiamiento-universitario-2024,5306,"Mastaler, Magali",Santa Fe,AFIRMATIVO,afirmativo,REC34
HCDN3071,financiamiento-universitario-2024,5306,"Mayoraz, Nicolas",Santa Fe,NEGATIVO,negativo,REC2017
HCDN2392,financiamiento-universitario-2024,5306,"Medina, Gladys",Tucuman,AUSENTE,ausente,A51113
HCDN3107,financiamiento-universitario-2024,5306,"Menem, Martin",La Rioja,PRESIDENTE,presidente,REC2023
HCDN1192,financiamiento-universitario-2024,5306,"Milman, Gerardo",Buenos Aires,NEGATIVO,negativo,A4769
HCDN2738,financiamiento-universitario-2024,5306,"Mirabella, Roberto",Santa Fe,AFIRMATIVO,afirmativo,REC33
HCDN3056,financiamiento-universitario-2024,5306,"Molle, Matias",Buenos Aires,AFIRMATIVO,afirmativo,REC2018
HCDN3095,financiamiento-universitario-2024,5306,"Montenegro, Guillermo",Buenos Aires,NEGATIVO,negativo,REC1980
HCDN2927,financiamiento-universitario-2024,5306,"Monti, Francisco",Catamarca,AFIRMATIVO,afirmativo,REC77
HCDN2808,financiamiento-universitario-2024,5306,"Montoto, Maria Luisa",Santiago Del Estero,AFIRMATIVO,afirmativo,A51238
HCDN1440,financiamiento-universitario-2024,5306,"Monzo, Emilio",Buenos Aires,AFIRMATIVO,afirmativo,A50901
HCDN3045,financiamiento-universitario-2024,5306,"Monzon, Roxana",Buenos Aires,AUSENTE,ausente,REC1976
HCDN3008,financiamiento-universitario-2024,5306,"Moran, Micaela",Buenos Aires,AFIRMATIVO,afirmativo,REC1937
HCDN3046,financiamiento-universitario-2024,5306,"Morchio, Francisco",Entre Rios,AFIRMATIVO,afirmativo,REC2026
vote-moreau-leopoldo,financiamiento-universitario-2024,5306,"Moreau, Leopoldo",,AUSENTE,ausente,A51098
HCDN1463,financiamiento-universitario-2024,5306,"Moreau, Cecilia",Buenos Aires,AFIRMATIVO,afirmativo,A50898
HCDN3104,financiamiento-universitario-2024,5306,"Moreno, Maria de los Angeles",San Juan,AUSENTE,ausente,REC2041
HCDN3103,financiamiento-universitario-2024,5306,"Moreno Ovalle, Julio",Salta,NEGATIVO,negativo,REC1984
HCDN2980,financiamiento-universitario-2024,5306,"Moyano, Nilda",Santiago Del Estero,AFIRMATIVO,afirmativo,REC85
HCDN2340,financiamiento-universitario-2024,5306,"Neder, Estela Mary",Santiago Del Estero,AFIRMATIVO,afirmativo,A51059
HCDN2983,financiamiento-universitario-2024,5306,"Nieri, Lisandro",Mendoza,AUSENTE,ausente,REC86
HCDN3076,financiamiento-universitario-2024,5306,"Noblega, Sebastian",Catamarca,AUSENTE,ausente,REC1989
HCDN1500,financiamiento-universitario-2024,5306,"Nuñez, Jose",Santa Fe,NEGATIVO,negativo,A50973
HCDN2400,financiamiento-universitario-2024,5306,"Oliveto Lago, Paula",CABA,AUSENTE,ausente,A51115
HCDN2909,financiamiento-universitario-2024,5306,"Omodeo, Paula",Tucuman,NEGATIVO,negativo,REC79
HCDN3096,financiamiento-universitario-2024,5306,"Orozco, Emilia",Salta,NEGATIVO,negativo,REC1987
HCDN0633,financiamiento-universitario-2024,5306,"Osuna, Blanca Ines",Entre Rios,AFIRMATIVO,afirmativo,A51218
HCDN3100,financiamiento-universitario-2024,5306,"Outes, Pablo",Salta,AFIRMATIVO,afirmativo,REC1991
HCDN3061,financiamiento-universitario-2024,5306,"Pagano, Marcela Marina",Buenos Aires,NEGATIVO,negativo,REC1968
HCDN2904,financiamiento-universitario-2024,5306,"Palazzo, Sergio Omar",Buenos Aires,AFIRMATIVO,afirmativo,REC19
HCDN2922,financiamiento-universitario-2024,5306,"Paponet, Liliana",Mendoza,AFIRMATIVO,afirmativo,REC49
HCDN2784,financiamiento-universitario-2024,5306,"Parola, Maria Graciela",Formosa,AFIRMATIVO,afirmativo,A51173
HCDN1460,financiamiento-universitario-2024,5306,"Passo, Marcela Fabiana",Buenos Aires,AFIRMATIVO,afirmativo,A50912
HCDN3105,financiamiento-universitario-2024,5306,"Pauli, Santiago",Tierra Del Fuego,NEGATIVO,negativo,REC1978
HCDN3108,financiamiento-universitario-2024,5306,"Paulon, Esteban",Santa Fe,AFIRMATIVO,afirmativo,REC2019
HCDN2902,financiamiento-universitario-2024,5306,"Pedrali, Gabriela",La Rioja,AFIRMATIVO,afirmativo,REC47
HCDN1356,financiamiento-universitario-2024,5306,"Pedrini, Juan Manuel",Chaco,AFIRMATIVO,afirmativo,A50816
HCDN3040,financiamiento-universitario-2024,5306,"Peluc, Jose",San Juan,NEGATIVO,negativo,REC2002
HCDN2821,financiamiento-universitario-2024,5306,"Penacca, Paula Andrea",CABA,AFIRMATIVO,afirmativo,A51180
HCDN2915,financiamiento-universitario-2024,5306,"Pereyra, Julio",Buenos Aires,AUSENTE,ausente,REC13
HCDN3051,financiamiento-universitario-2024,5306,"Picat, Luis Albino",Cordoba,AUSENTE,ausente,REC2032
HCDN0022,financiamiento-universitario-2024,5306,"Pichetto, Miguel Angel",Buenos Aires,AUSENTE,ausente,REC1965
HCDN3050,financiamiento-universitario-2024,5306,"Picon Martinez, Nancy Viviana",San Juan,AUSENTE,ausente,REC2006
HCDN2940,financiamiento-universitario-2024,5306,"Piparo, Carolina",Buenos Aires,NEGATIVO,negativo,REC5
HCDN3082,financiamiento-universitario-2024,5306,"Pokoik, Lorena",CABA,AFIRMATIVO,afirmativo,REC2011
HCDN2929,financiamiento-universitario-2024,5306,"Polini, Juan Carlos",Chaco,AUSENTE,ausente,REC73
HCDN3069,financiamiento-universitario-2024,5306,"Ponce, Maria Celeste",Cordoba,NEGATIVO,negativo,REC2034
HCDN3078,financiamiento-universitario-2024,5306,"Potenza, Luciana",Buenos Aires,AFIRMATIVO,afirmativo,REC1960
HCDN2905,financiamiento-universitario-2024,5306,"Propato, Agustina Lucrecia",Buenos Aires,AUSENTE,ausente,REC20
HCDN2406,financiamiento-universitario-2024,5306,"Quetglas, Fabio Jose",Buenos Aires,AFIRMATIVO,afirmativo,A51096
HCDN3097,financiamiento-universitario-2024,5306,"Quintar, Manuel",Jujuy,NEGATIVO,negativo,REC2033
HCDN2945,financiamiento-universitario-2024,5306,"Quiroz, Marilu",Chaco,NEGATIVO,negativo,REC74
HCDN1042,financiamiento-universitario-2024,5306,"Randazzo, Florencio",Buenos Aires,AFIRMATIVO,afirmativo,REC82
HCDN2408,financiamiento-universitario-2024,5306,"Rauschenberger, Ariel",La Pampa,AFIRMATIVO,afirmativo,A51103
HCDN3110,financiamiento-universitario-2024,5306,"Razzini, Veronica",Santa Fe,NEGATIVO,negativo,REC2022
vote-reyes-roxana,financiamiento-universitario-2024,5306,"Reyes, Roxana",,AFIRMATIVO,afirmativo,A51077
HCDN0788,financiamiento-universitario-2024,5306,"Ritondo, Cristian A.",Buenos Aires,NEGATIVO,negativo,A51221
HCDN2754,financiamiento-universitario-2024,5306,"Rizzotti, Jorge",Jujuy,AFIRMATIVO,afirmativo,A51183
vote-rodriguez-machado-laura,financiamiento-universitario-2024,5306,"Rodriguez Machado, Laura",,NEGATIVO,negativo,REC27
HCDN2952,financiamiento-universitario-2024,5306,"Romero, Ana Clara",Chubut,NEGATIVO,negativo,REC75
HCDN2412,financiamiento-universitario-2024,5306,"Romero, Jorge Antonio",Corrientes,AFIRMATIVO,afirmativo,A51084
HCDN3036,financiamiento-universitario-2024,5306,"Ruiz, Yamila",Misiones,AFIRMATIVO,afirmativo,REC2005
HCDN2887,financiamiento-universitario-2024,5306,"Sanchez, Roberto Antonio",Tucuman,AFIRMATIVO,afirmativo,REC78
HCDN2817,financiamiento-universitario-2024,5306,"Sand, Nancy",Corrientes,AFIRMATIVO,afirmativo,A51162
HCDN3039,financiamiento-universitario-2024,5306,"Santillan Juarez Brahim, Juliana",Buenos Aires,NEGATIVO,negativo,REC1954
HCDN2951,financiamiento-universitario-2024,5306,"Santilli, Diego",Buenos Aires,NEGATIVO,negativo,REC16
HCDN2892,financiamiento-universitario-2024,5306,"Santoro, Leandro",CABA,AFIRMATIVO,afirmativo,REC8
HCDN3065,financiamiento-universitario-2024,5306,"Santurio, Santiago",Buenos Aires,NEGATIVO,negativo,REC2003
HCDN3016,financiamiento-universitario-2024,5306,"Sarapura, Natalia Silvina",Jujuy,AFIRMATIVO,afirmativo,REC1944
HCDN2444,financiamiento-universitario-2024,5306,"Schlotthauer, Monica Leticia",Buenos Aires,AFIRMATIVO,afirmativo,A51139
HCDN3054,financiamiento-universitario-2024,5306,"Selva, Sabrina",Buenos Aires,AFIRMATIVO,afirmativo,REC1998
HCDN2421,financiamiento-universitario-2024,5306,"Siley, Vanesa Raquel",Buenos Aires,AFIRMATIVO,afirmativo,A51120
HCDN1524,financiamiento-universitario-2024,5306,"Snopek, Guillermo",Jujuy,AFIRMATIVO,afirmativo,A50947
HCDN2773,financiamiento-universitario-2024,5306,"Soria, Martin",Rio Negro,AFIRMATIVO,afirmativo,A51225
HCDN2914,financiamiento-universitario-2024,5306,"Sotolano, Maria",Buenos Aires,NEGATIVO,negativo,REC24
HCDN2422,financiamiento-universitario-2024,5306,"Stefani, Hector Antonio",Tierra Del Fuego,NEGATIVO,negativo,A51130
HCDN2925,financiamiento-universitario-2024,5306,"Stolbizer, Margarita",Buenos Aires,AUSENTE,ausente,A1460
HCDN3033,financiamiento-universitario-2024,5306,"Strada, Julia",Buenos Aires,AFIRMATIVO,afirmativo,REC1995
HCDN1455,financiamiento-universitario-2024,5306,"Tailhade, Rodolfo",Buenos Aires,AUSENTE,ausente,A50897
HCDN2895,financiamiento-universitario-2024,5306,"Tavela, Danya",Buenos Aires,AFIRMATIVO,afirmativo,REC23
HCDN2943,financiamiento-universitario-2024,5306,"Tetaz, Martin Alberto",CABA,AFIRMATIVO,afirmativo,REC10
HCDN3083,financiamiento-universitario-2024,5306,"Todero, Pablo",Neuquen,AFIRMATIVO,afirmativo,REC1959
HCDN2896,financiamiento-universitario-2024,5306,"Tolosa Paz, Victoria",Buenos Aires,AFIRMATIVO,afirmativo,REC17
HCDN2889,financiamiento-universitario-2024,5306,"Toniolli, Eduardo",Santa Fe,AFIRMATIVO,afirmativo,REC35
HCDN3109,financiamiento-universitario-2024,5306,"Torres, Alejandra",Cordoba,AFIRMATIVO,afirmativo,REC2036
HCDN2924,financiamiento-universitario-2024,5306,"Tortoriello, Anibal",Rio Negro,NEGATIVO,negativo,REC59
HCDN3142,financiamiento-universitario-2024,5306,"Tournier, Jose Federico",Corrientes,AFIRMATIVO,afirmativo,REC2048
HCDN3102,financiamiento-universitario-2024,5306,"Treffinger, Cesar",Chubut,NEGATIVO,negativo,REC1955
HCDN2825,financiamiento-universitario-2024,5306,"Valdes, Eduardo Felix",CABA,AFIRMATIVO,afirmativo,A51237
HCDN3031,financiamiento-universitario-2024,5306,"Vancsik, Daniel",Misiones,AFIRMATIVO,afirmativo,REC2008
HCDN2899,financiamiento-universitario-2024,5306,"Vargas Matyi, Brenda",Buenos Aires,AFIRMATIVO,afirmativo,REC14
HCDN3037,financiamiento-universitario-2024,5306,"Vasquez, Patricia",Buenos Aires,NEGATIVO,negativo,REC1986
HCDN3038,financiamiento-universitario-2024,5306,"Vega, Yolanda",Salta,AFIRMATIVO,afirmativo,REC1997
HCDN1555,financiamiento-universitario-2024,5306,"Verasay, Pamela Fernanda",Mendoza,AFIRMATIVO,afirmativo,REC50
HCDN2953,financiamiento-universitario-2024,5306,"Vidal, Maria Eugenia",CABA,NEGATIVO,negativo,REC9
HCDN2935,financiamiento-universitario-2024,5306,"Vilca, Alejandro",Jujuy,AFIRMATIVO,afirmativo,REC43
HCDN3091,financiamiento-universitario-2024,5306,"Villaverde, Lorena",Rio Negro,NEGATIVO,negativo,REC1967
HCDN1456,financiamiento-universitario-2024,5306,"Volnovich, Luana",Buenos Aires,AFIRMATIVO,afirmativo,A50899
HCDN2429,financiamiento-universitario-2024,5306,"Yasky, Hugo",Buenos Aires,AFIRMATIVO,afirmativo,A51095
HCDN2431,financiamiento-universitario-2024,5306,"Yedlin, Pablo Raul",Tucuman,AFIRMATIVO,afirmativo,A51126
HCDN3086,financiamiento-universitario-2024,5306,"Yeza, Martin",Buenos Aires,NEGATIVO,negativo,REC1982
HCDN2856,financiamiento-universitario-2024,5306,"Yutrovic, Carolina",Tierra Del Fuego,AFIRMATIVO,afirmativo,A51244
HCDN2986,financiamiento-universitario-2024,5306,"Zabala Chacur, Natalia",San Luis,AUSENTE,ausente,REC102
HCDN3073,financiamiento-universitario-2024,5306,"Zago, Oscar",CABA,NEGATIVO,negativo,REC2016
HCDN2900,financiamiento-universitario-2024,5306,"Zapata, Carlos Raul",Salta,NEGATIVO,negativo,REC60
HCDN2976,financiamiento-universitario-2024,5306,"Zaracho, Natalia",Buenos Aires,AFIRMATIVO,afirmativo,REC101
HCDN3077,financiamiento-universitario-2024,5306,"Zulli, Christian Alejandro",Corrientes,AFIRMATIVO,afirmativo,REC2038
HCDN1148,veto-universitario-2024,5400,"Benedetti, Atilio",Entre Rios,AFIRMATIVO,afirmativo,A4774
HCDN2431,veto-universitario-2024,5400,"Yedlin, Pablo Raul",Tucuman,AFIRMATIVO,afirmativo,A51126
HCDN2429,veto-universitario-2024,5400,"Yasky, Hugo",Buenos Aires,AFIRMATIVO,afirmativo,A51095
HCDN2422,veto-universitario-2024,5400,"Stefani, Hector Antonio",Tierra Del Fuego,AUSENTE,ausente,A51130
HCDN2445,veto-universitario-2024,5400,"Herrera, Bernardo Jose",Santiago Del Estero,AFIRMATIVO,afirmativo,A51138
HCDN2340,veto-universitario-2024,5400,"Neder, Estela Mary",Santiago Del Estero,AFIRMATIVO,afirmativo,A51059
HCDN2754,veto-universitario-2024,5400,"Rizzotti, Jorge",Jujuy,AFIRMATIVO,afirmativo,A51183
HCDN0972,veto-universitario-2024,5400,"Aguirre, Hilda",La Rioja,AFIRMATIVO,afirmativo,A4608
HCDN1463,veto-universitario-2024,5400,"Moreau, Cecilia",Buenos Aires,AFIRMATIVO,afirmativo,A50898
vote-estevez-gabriela,veto-universitario-2024,5400,"Estevez, Gabriela",,AFIRMATIVO,afirmativo,A50936
HCDN2765,veto-universitario-2024,5400,"Cisneros, Carlos",Tucuman,AFIRMATIVO,afirmativo,A51152
HCDN2768,veto-universitario-2024,5400,"Gutierrez, Carlos",Cordoba,AFIRMATIVO,afirmativo,A51185
HCDN2773,veto-universitario-2024,5400,"Soria, Martin",Rio Negro,AFIRMATIVO,afirmativo,A51225
HCDN2775,veto-universitario-2024,5400,"Gutierrez, Ramiro",Buenos Aires,AFIRMATIVO,afirmativo,A51201
HCDN1447,veto-universitario-2024,5400,"Banfi, Karina",Buenos Aires,AFIRMATIVO,afirmativo,A50906
HCDN1466,veto-universitario-2024,5400,"Gonzalez, Alvaro",CABA,AFIRMATIVO,afirmativo,A50919
HCDN2780,veto-universitario-2024,5400,"Casas, Sergio Guillermo",La Rioja,AFIRMATIVO,afirmativo,A51161
HCDN2980,veto-universitario-2024,5400,"Moyano, Nilda",Santiago Del Estero,AFIRMATIVO,afirmativo,REC85
HCDN3007,veto-universitario-2024,5400,"Marino, Juan",Buenos Aires,AFIRMATIVO,afirmativo,REC1936
HCDN2444,veto-universitario-2024,5400,"Schlotthauer, Monica Leticia",Buenos Aires,AFIRMATIVO,afirmativo,A51139
HCDN2784,veto-universitario-2024,5400,"Parola, Maria Graciela",Formosa,AFIRMATIVO,afirmativo,A51173
HCDN2787,veto-universitario-2024,5400,"Ferraro, Maximiliano",CABA,AFIRMATIVO,afirmativo,A51181
HCDN2789,veto-universitario-2024,5400,"Martinez, German Pedro",Santa Fe,AFIRMATIVO,afirmativo,A51215
HCDN2791,veto-universitario-2024,5400,"Lopez Rodriguez, Dante",Catamarca,AFIRMATIVO,afirmativo,A51235
HCDN1439,veto-universitario-2024,5400,"Lospennato, Silvia",Buenos Aires,NEGATIVO,negativo,A50900
HCDN0633,veto-universitario-2024,5400,"Osuna, Blanca Ines",Entre Rios,AFIRMATIVO,afirmativo,A51218
HCDN2799,veto-universitario-2024,5400,"Leiva, Aldo",Chaco,AFIRMATIVO,afirmativo,A51210
HCDN1489,veto-universitario-2024,5400,"Kirchner, Maximo Carlos",Buenos Aires,AFIRMATIVO,afirmativo,A50966
HCDN2803,veto-universitario-2024,5400,"Cipolini, Gerardo",Chaco,AFIRMATIVO,afirmativo,A51196
HCDN2804,veto-universitario-2024,5400,"Hagman, Itai",CABA,AFIRMATIVO,afirmativo,A51202
HCDN2808,veto-universitario-2024,5400,"Montoto, Maria Luisa",Santiago Del Estero,AFIRMATIVO,afirmativo,A51238
HCDN2810,veto-universitario-2024,5400,"Frade, Monica",Buenos Aires,AFIRMATIVO,afirmativo,A51199
HCDN1455,veto-universitario-2024,5400,"Tailhade, Rodolfo",Buenos Aires,AFIRMATIVO,afirmativo,A50897
HCDN1500,veto-universitario-2024,5400,"Nuñez, Jose",Santa Fe,NEGATIVO,negativo,A50973
HCDN2817,veto-universitario-2024,5400,"Sand, Nancy",Corrientes,AFIRMATIVO,afirmativo,A51162
HCDN2821,veto-universitario-2024,5400,"Penacca, Paula Andrea",CABA,AFIRMATIVO,afirmativo,A51180
HCDN2822,veto-universitario-2024,5400,"Daives, Ricardo",Santiago Del Estero,AFIRMATIVO,afirmativo,A51182
HCDN2825,veto-universitario-2024,5400,"Valdes, Eduardo Felix",CABA,AFIRMATIVO,afirmativo,A51237
HCDN0788,veto-universitario-2024,5400,"Ritondo, Cristian A.",Buenos Aires,NEGATIVO,negativo,A51221
HCDN1180,veto-universitario-2024,5400,"Heller, Carlos",CABA,AFIRMATIVO,afirmativo,A4763
HCDN2856,veto-universitario-2024,5400,"Yutrovic, Carolina",Tierra Del Fuego,AFIRMATIVO,afirmativo,A51244
HCDN1375,veto-universitario-2024,5400,"Gaillard, Ana Carolina",Entre Rios,AFIRMATIVO,afirmativo,A50833
HCDN2860,veto-universitario-2024,5400,"Marziotta, Gisela",CABA,AFIRMATIVO,afirmativo,A51262
HCDN1524,veto-universitario-2024,5400,"Snopek, Guillermo",Jujuy,AFIRMATIVO,afirmativo,A50947
HCDN2831,veto-universitario-2024,5400,"Cafiero, Santiago",Buenos Aires,AFIRMATIVO,afirmativo,REC1953
HCDN2983,veto-universitario-2024,5400,"Nieri, Lisandro",Mendoza,AFIRMATIVO,afirmativo,REC86
HCDN1361,veto-universitario-2024,5400,"Carrizo, Ana Carla",CABA,AFIRMATIVO,afirmativo,A50810
HCDN1365,veto-universitario-2024,5400,"Carrizo, Soledad",Cordoba,AFIRMATIVO,afirmativo,A50821
HCDN2362,veto-universitario-2024,5400,"Campagnoli, Marcela",Buenos Aires,AFIRMATIVO,afirmativo,A51061
HCDN1364,veto-universitario-2024,5400,"Baldassi, Hector W.",Cordoba,AFIRMATIVO,afirmativo,A50820
HCDN2361,veto-universitario-2024,5400,"Brambilla, Sofia",Corrientes,NEGATIVO,negativo,A51039
HCDN2354,veto-universitario-2024,5400,"Ansaloni, Pablo",Buenos Aires,NEGATIVO,negativo,A51049
HCDN2366,veto-universitario-2024,5400,"Carro, Pablo",Cordoba,AFIRMATIVO,afirmativo,A51112
HCDN2350,veto-universitario-2024,5400,"Allende, Walberto",San Juan,AFIRMATIVO,afirmativo,A51078
HCDN2376,veto-universitario-2024,5400,"Fernandez Patri, Ramiro",Formosa,AFIRMATIVO,afirmativo,A51050
HCDN2401,veto-universitario-2024,5400,"Lopez, Juan Manuel",Buenos Aires,AFIRMATIVO,afirmativo,A51044
HCDN2402,veto-universitario-2024,5400,"Macha, Monica",Buenos Aires,AFIRMATIVO,afirmativo,A51094
vote-moreau-leopoldo,veto-universitario-2024,5400,"Moreau, Leopoldo",,AFIRMATIVO,afirmativo,A51098
HCDN2400,veto-universitario-2024,5400,"Oliveto Lago, Paula",CABA,AFIRMATIVO,afirmativo,A51115
HCDN1031,veto-universitario-2024,5400,"Iglesias, Fernando Adolfo",CABA,NEGATIVO,negativo,A4666
HCDN2382,veto-universitario-2024,5400,"Ginocchio, Silvana Micaela",Catamarca,AFIRMATIVO,afirmativo,A51051
HCDN1433,veto-universitario-2024,5400,"Laspina, Luciano Andres",Santa Fe,NEGATIVO,negativo,A50884
HCDN1565,veto-universitario-2024,5400,"Maquieyra, Martin",La Pampa,NEGATIVO,negativo,A51017
vote-reyes-roxana,veto-universitario-2024,5400,"Reyes, Roxana",,AFIRMATIVO,afirmativo,A51077
HCDN2406,veto-universitario-2024,5400,"Quetglas, Fabio Jose",Buenos Aires,AFIRMATIVO,afirmativo,A51096
HCDN2408,veto-universitario-2024,5400,"Rauschenberger, Ariel",La Pampa,AFIRMATIVO,afirmativo,A51103
HCDN2421,veto-universitario-2024,5400,"Siley, Vanesa Raquel",Buenos Aires,AFIRMATIVO,afirmativo,A51120
HCDN2392,veto-universitario-2024,5400,"Medina, Gladys",Tucuman,NEGATIVO,negativo,A51113
HCDN2412,veto-universitario-2024,5400,"Romero, Jorge Antonio",Corrientes,AFIRMATIVO,afirmativo,A51084
HCDN1383,veto-universitario-2024,5400,"Del Caño, Nicolas",Buenos Aires,AFIRMATIVO,afirmativo,A50844
HCDN2986,veto-universitario-2024,5400,"Zabala Chacur, Natalia",San Luis,AFIRMATIVO,afirmativo,REC102
HCDN0530,veto-universitario-2024,5400,"Lombardi, Hernan",Buenos Aires,NEGATIVO,negativo,REC1
HCDN2925,veto-universitario-2024,5400,"Stolbizer, Margarita",Buenos Aires,AFIRMATIVO,afirmativo,A1460
HCDN2955,veto-universitario-2024,5400,"Finocchiaro, Alejandro",Buenos Aires,NEGATIVO,negativo,REC2
HCDN2913,veto-universitario-2024,5400,"Borrego, Victoria",Buenos Aires,AFIRMATIVO,afirmativo,REC3
HCDN2901,veto-universitario-2024,5400,"Espert, Jose Luis",Buenos Aires,NEGATIVO,negativo,REC4
HCDN2940,veto-universitario-2024,5400,"Piparo, Carolina",Buenos Aires,NEGATIVO,negativo,REC5
HCDN2892,veto-universitario-2024,5400,"Santoro, Leandro",CABA,AFIRMATIVO,afirmativo,REC8
HCDN2953,veto-universitario-2024,5400,"Vidal, Maria Eugenia",CABA,NEGATIVO,negativo,REC9
HCDN2943,veto-universitario-2024,5400,"Tetaz, Martin Alberto",CABA,AFIRMATIVO,afirmativo,REC10
HCDN2898,veto-universitario-2024,5400,"Lopez Murphy, Ricardo Hipolito",CABA,AUSENTE,ausente,REC11
HCDN2937,veto-universitario-2024,5400,"Alonso, Constanza Maria",Buenos Aires,AFIRMATIVO,afirmativo,REC12
HCDN2915,veto-universitario-2024,5400,"Pereyra, Julio",Buenos Aires,AFIRMATIVO,afirmativo,REC13
HCDN2936,veto-universitario-2024,5400,"Litza, Monica",Buenos Aires,AFIRMATIVO,afirmativo,A51022
HCDN2356,veto-universitario-2024,5400,"Arroyo, Daniel",Buenos Aires,AFIRMATIVO,afirmativo,A51073
HCDN2899,veto-universitario-2024,5400,"Vargas Matyi, Brenda",Buenos Aires,AFIRMATIVO,afirmativo,REC14
HCDN2950,veto-universitario-2024,5400,"Iparraguirre, Rogelio",Buenos Aires,AFIRMATIVO,afirmativo,REC15
HCDN2951,veto-universitario-2024,5400,"Santilli, Diego",Buenos Aires,NEGATIVO,negativo,REC16
HCDN2896,veto-universitario-2024,5400,"Tolosa Paz, Victoria",Buenos Aires,AFIRMATIVO,afirmativo,REC17
HCDN2926,veto-universitario-2024,5400,"Gollan, Daniel",Buenos Aires,AFIRMATIVO,afirmativo,REC18
HCDN1460,veto-universitario-2024,5400,"Passo, Marcela Fabiana",Buenos Aires,AFIRMATIVO,afirmativo,A50912
HCDN2904,veto-universitario-2024,5400,"Palazzo, Sergio Omar",Buenos Aires,AFIRMATIVO,afirmativo,REC19
HCDN2905,veto-universitario-2024,5400,"Propato, Agustina Lucrecia",Buenos Aires,AFIRMATIVO,afirmativo,REC20
HCDN2908,veto-universitario-2024,5400,"Manes, Facundo",Buenos Aires,AFIRMATIVO,afirmativo,REC22
HCDN2895,veto-universitario-2024,5400,"Tavela, Danya",Buenos Aires,AFIRMATIVO,afirmativo,REC23
HCDN1192,veto-universitario-2024,5400,"Milman, Gerardo",Buenos Aires,NEGATIVO,negativo,A4769
HCDN2914,veto-universitario-2024,5400,"Sotolano, Maria",Buenos Aires,NEGATIVO,negativo,REC24
HCDN1440,veto-universitario-2024,5400,"Monzo, Emilio",Buenos Aires,AFIRMATIVO,afirmativo,A50901
HCDN2881,veto-universitario-2024,5400,"Besana, Gabriela",Buenos Aires,NEGATIVO,negativo,REC25
HCDN2942,veto-universitario-2024,5400,"De Loredo, Rodrigo",Cordoba,AFIRMATIVO,afirmativo,REC26
vote-rodriguez-machado-laura,veto-universitario-2024,5400,"Rodriguez Machado, Laura",,NEGATIVO,negativo,REC27
HCDN2956,veto-universitario-2024,5400,"Brouwer de Koning, Gabriela",Cordoba,AFIRMATIVO,afirmativo,REC29
HCDN2928,veto-universitario-2024,5400,"De la Sota, Natalia",Cordoba,AFIRMATIVO,afirmativo,REC30
HCDN2910,veto-universitario-2024,5400,"Garcia Aresca, Ignacio",Cordoba,AFIRMATIVO,afirmativo,REC31
HCDN2919,veto-universitario-2024,5400,"Chumpitaz, Gabriel Felipe",Santa Fe,NEGATIVO,negativo,REC32
HCDN2738,veto-universitario-2024,5400,"Mirabella, Roberto",Santa Fe,AFIRMATIVO,afirmativo,REC33
HCDN2948,veto-universitario-2024,5400,"Mastaler, Magali",Santa Fe,AFIRMATIVO,afirmativo,REC34
HCDN2889,veto-universitario-2024,5400,"Toniolli, Eduardo",Santa Fe,AFIRMATIVO,afirmativo,REC35
HCDN2891,veto-universitario-2024,5400,"Fein, Monica",Santa Fe,AFIRMATIVO,afirmativo,A4629
HCDN2959,veto-universitario-2024,5400,"Aguirre, Manuel Ignacio",Corrientes,AFIRMATIVO,afirmativo,REC37
HCDN2893,veto-universitario-2024,5400,"Antola, Marcela",Entre Rios,AFIRMATIVO,afirmativo,REC38
HCDN2923,veto-universitario-2024,5400,"Carbajal, Fernando",Formosa,AUSENTE,ausente,REC41
HCDN2911,veto-universitario-2024,5400,"Chaher, Leila",Jujuy,AFIRMATIVO,afirmativo,REC42
HCDN2935,veto-universitario-2024,5400,"Vilca, Alejandro",Jujuy,AFIRMATIVO,afirmativo,REC43
HCDN2894,veto-universitario-2024,5400,"Coli, Marcela",La Pampa,AFIRMATIVO,afirmativo,REC45
HCDN2944,veto-universitario-2024,5400,"Marin, Varinia Lis",La Pampa,AFIRMATIVO,afirmativo,REC46
HCDN2902,veto-universitario-2024,5400,"Pedrali, Gabriela",La Rioja,AFIRMATIVO,afirmativo,REC47
HCDN2949,veto-universitario-2024,5400,"Herrera, Ricardo",La Rioja,AFIRMATIVO,afirmativo,REC48
HCDN2922,veto-universitario-2024,5400,"Paponet, Liliana",Mendoza,AFIRMATIVO,afirmativo,REC49
HCDN1066,veto-universitario-2024,5400,"Cobos, Julio",Mendoza,AFIRMATIVO,afirmativo,A50843
HCDN1555,veto-universitario-2024,5400,"Verasay, Pamela Fernanda",Mendoza,AFIRMATIVO,afirmativo,REC50
HCDN2938,veto-universitario-2024,5400,"Martinez, Alvaro",Mendoza,NEGATIVO,negativo,REC51
HCDN2985,veto-universitario-2024,5400,"Fernandez, Carlos Alberto",Misiones,ABSTENCION,abstencion,REC52
HCDN2934,veto-universitario-2024,5400,"Arjol, Martin",Misiones,NEGATIVO,negativo,REC53
HCDN2941,veto-universitario-2024,5400,"Klipauka Lewtak, Florencia",Misiones,NEGATIVO,negativo,REC54
HCDN2907,veto-universitario-2024,5400,"Bertoldi, Tanya",Neuquen,AFIRMATIVO,afirmativo,REC56
HCDN2930,veto-universitario-2024,5400,"Cervi, Pablo",Neuquen,ABSTENCION,abstencion,REC57
HCDN2954,veto-universitario-2024,5400,"Domingo, Agustin",Rio Negro,AFIRMATIVO,afirmativo,REC58
HCDN2924,veto-universitario-2024,5400,"Tortoriello, Anibal",Rio Negro,NEGATIVO,negativo,REC59
HCDN2900,veto-universitario-2024,5400,"Zapata, Carlos Raul",Salta,NEGATIVO,negativo,REC60
HCDN2884,veto-universitario-2024,5400,"Estrada, Emiliano",Salta,AFIRMATIVO,afirmativo,REC61
HCDN2946,veto-universitario-2024,5400,"Calletti, Pamela",Salta,AFIRMATIVO,afirmativo,REC62
HCDN2921,veto-universitario-2024,5400,"Aubone, Ana Fabiola",San Juan,AFIRMATIVO,afirmativo,REC64
HCDN2917,veto-universitario-2024,5400,"Bermejo, Adolfo",Mendoza,AFIRMATIVO,afirmativo,REC65
HCDN2979,veto-universitario-2024,5400,"Gonzalez, Gustavo Carlos Miguel",Santa Cruz,AFIRMATIVO,afirmativo,REC68
HCDN2906,veto-universitario-2024,5400,"Barletta, Mario",Santa Fe,AFIRMATIVO,afirmativo,A50864
HCDN2888,veto-universitario-2024,5400,"Figueroa Casas, Germana",Santa Fe,NEGATIVO,negativo,REC70
HCDN2916,veto-universitario-2024,5400,"Ajmechet, Sabrina",CABA,NEGATIVO,negativo,REC71
HCDN1356,veto-universitario-2024,5400,"Pedrini, Juan Manuel",Chaco,AFIRMATIVO,afirmativo,A50816
HCDN2885,veto-universitario-2024,5400,"Chomiak, Maria Luisa",Chaco,AFIRMATIVO,afirmativo,REC72
HCDN2929,veto-universitario-2024,5400,"Polini, Juan Carlos",Chaco,AFIRMATIVO,afirmativo,REC73
HCDN2945,veto-universitario-2024,5400,"Quiroz, Marilu",Chaco,NEGATIVO,negativo,REC74
HCDN2952,veto-universitario-2024,5400,"Romero, Ana Clara",Chubut,NEGATIVO,negativo,REC75
HCDN2912,veto-universitario-2024,5400,"Alianiello, Eugenia",Chubut,AFIRMATIVO,afirmativo,REC76
HCDN2927,veto-universitario-2024,5400,"Monti, Francisco",Catamarca,AFIRMATIVO,afirmativo,REC77
HCDN2887,veto-universitario-2024,5400,"Sanchez, Roberto Antonio",Tucuman,AFIRMATIVO,afirmativo,REC78
HCDN2909,veto-universitario-2024,5400,"Omodeo, Paula",Tucuman,NEGATIVO,negativo,REC79
HCDN2903,veto-universitario-2024,5400,"Fernandez, Agustin",Tucuman,NEGATIVO,negativo,REC81
HCDN1042,veto-universitario-2024,5400,"Randazzo, Florencio",Buenos Aires,AFIRMATIVO,afirmativo,REC82
HCDN2947,veto-universitario-2024,5400,"Bachey, Karina Ethel",San Luis,NEGATIVO,negativo,REC83
HCDN2886,veto-universitario-2024,5400,"Ledesma, Tomas",Entre Rios,AFIRMATIVO,afirmativo,REC84
HCDN2976,veto-universitario-2024,5400,"Zaracho, Natalia",Buenos Aires,AFIRMATIVO,afirmativo,REC101
HCDN3008,veto-universitario-2024,5400,"Moran, Micaela",Buenos Aires,AFIRMATIVO,afirmativo,REC1937
HCDN3039,veto-universitario-2024,5400,"Santillan Juarez Brahim, Juliana",Buenos Aires,NEGATIVO,negativo,REC1954
HCDN3102,veto-universitario-2024,5400,"Treffinger, Cesar",Chubut,NEGATIVO,negativo,REC1955
HCDN3063,veto-universitario-2024,5400,"Marquez, Nadia",Neuquen,NEGATIVO,negativo,REC1956
HCDN3032,veto-universitario-2024,5400,"Arabia, Damian",CABA,NEGATIVO,negativo,REC1957
HCDN3060,veto-universitario-2024,5400,"D'alessandro, Carlos",San Luis,NEGATIVO,negativo,REC1958
HCDN3083,veto-universitario-2024,5400,"Todero, Pablo",Neuquen,AFIRMATIVO,afirmativo,REC1959
HCDN3078,veto-universitario-2024,5400,"Potenza, Luciana",Buenos Aires,AFIRMATIVO,afirmativo,REC1960
HCDN3034,veto-universitario-2024,5400,"Coletta, Mariela",CABA,AFIRMATIVO,afirmativo,REC1961
HCDN3099,veto-universitario-2024,5400,"Garrido, Jose Luis",Santa Cruz,NEGATIVO,negativo,REC1962
HCDN3080,veto-universitario-2024,5400,"Capozzi, Sergio Eduardo",Rio Negro,NEGATIVO,negativo,REC1963
HCDN3057,veto-universitario-2024,5400,"Fernandez Molero, Daiana",CABA,NEGATIVO,negativo,REC1964
HCDN1272,veto-universitario-2024,5400,"Ianni, Ana Maria",Santa Cruz,AFIRMATIVO,afirmativo,A50751
HCDN0022,veto-universitario-2024,5400,"Pichetto, Miguel Angel",Buenos Aires,AFIRMATIVO,afirmativo,REC1965
HCDN3043,veto-universitario-2024,5400,"Giudici, Silvana",CABA,NEGATIVO,negativo,A4356
HCDN3088,veto-universitario-2024,5400,"Bonacci, Rocio",Santa Fe,NEGATIVO,negativo,REC1966
HCDN3091,veto-universitario-2024,5400,"Villaverde, Lorena",Rio Negro,NEGATIVO,negativo,REC1967
HCDN3061,veto-universitario-2024,5400,"Pagano, Marcela Marina",Buenos Aires,NEGATIVO,negativo,REC1968
HCDN3089,veto-universitario-2024,5400,"Falcone, Eduardo",Buenos Aires,NEGATIVO,negativo,REC1969
HCDN3047,veto-universitario-2024,5400,"Araujo Hernandez, Jorge Neri",Tierra Del Fuego,AFIRMATIVO,afirmativo,REC1970
HCDN3068,veto-universitario-2024,5400,"Juliano, Pablo",Buenos Aires,AFIRMATIVO,afirmativo,REC1972
HCDN3087,veto-universitario-2024,5400,"Freites, Andrea",Tierra Del Fuego,AFIRMATIVO,afirmativo,REC1973
HCDN3048,veto-universitario-2024,5400,"Bongiovanni, Alejandro",Santa Fe,NEGATIVO,negativo,REC1974
HCDN3075,veto-universitario-2024,5400,"Macyszyn, Lorena",Buenos Aires,NEGATIVO,negativo,REC1975
HCDN3045,veto-universitario-2024,5400,"Monzon, Roxana",Buenos Aires,AFIRMATIVO,afirmativo,REC1976
HCDN3105,veto-universitario-2024,5400,"Pauli, Santiago",Tierra Del Fuego,NEGATIVO,negativo,REC1978
HCDN3090,veto-universitario-2024,5400,"Carignano, Florencia",Santa Fe,AFIRMATIVO,afirmativo,REC1979
HCDN3095,veto-universitario-2024,5400,"Montenegro, Guillermo",Buenos Aires,NEGATIVO,negativo,REC1980
HCDN3101,veto-universitario-2024,5400,"De Sensi, Maria Florencia",Buenos Aires,NEGATIVO,negativo,REC2039
HCDN3139,veto-universitario-2024,5400,"Ferreyra, Alida",CABA,NEGATIVO,negativo,REC2046
HCDN3141,veto-universitario-2024,5400,"Biasi, Vanina",CABA,AFIRMATIVO,afirmativo,REC2047
HCDN3142,veto-universitario-2024,5400,"Tournier, Jose Federico",Corrientes,NEGATIVO,negativo,REC2048
HCDN3026,veto-universitario-2024,5400,"Giorgi, Melina",Santa Fe,AFIRMATIVO,afirmativo,REC2040
HCDN3024,veto-universitario-2024,5400,"Emma, Nicolas",CABA,NEGATIVO,negativo,REC2042
vote-acevedo-sergio-edgardo,veto-universitario-2024,5400,"Acevedo, Sergio Edgardo",,AFIRMATIVO,afirmativo,REC2043
HCDN3025,veto-universitario-2024,5400,"Llancafilo, Osvaldo",Neuquen,AFIRMATIVO,afirmativo,REC2044
HCDN3016,veto-universitario-2024,5400,"Sarapura, Natalia Silvina",Jujuy,AFIRMATIVO,afirmativo,REC1944
HCDN3052,veto-universitario-2024,5400,"Avila, Fernanda",Catamarca,AUSENTE,ausente,REC1981
HCDN3086,veto-universitario-2024,5400,"Yeza, Martin",Buenos Aires,NEGATIVO,negativo,REC1982
HCDN3059,veto-universitario-2024,5400,"Arrieta, Lourdes Micaela",Mendoza,AFIRMATIVO,afirmativo,REC1983
HCDN1456,veto-universitario-2024,5400,"Volnovich, Luana",Buenos Aires,AFIRMATIVO,afirmativo,A50899
HCDN3103,veto-universitario-2024,5400,"Moreno Ovalle, Julio",Salta,NEGATIVO,negativo,REC1984
HCDN3028,veto-universitario-2024,5400,"Aveiro, Martin",Mendoza,AFIRMATIVO,afirmativo,REC1985
HCDN3037,veto-universitario-2024,5400,"Vasquez, Patricia",Buenos Aires,NEGATIVO,negativo,REC1986
HCDN3096,veto-universitario-2024,5400,"Orozco, Emilia",Salta,NEGATIVO,negativo,REC1987
HCDN3064,veto-universitario-2024,5400,"Benegas Lynch, Bertie",Buenos Aires,NEGATIVO,negativo,REC1988
HCDN3076,veto-universitario-2024,5400,"Noblega, Sebastian",Catamarca,AFIRMATIVO,afirmativo,REC1989
HCDN3072,veto-universitario-2024,5400,"Correa Llano, Facundo",Mendoza,NEGATIVO,negativo,REC1990
HCDN3100,veto-universitario-2024,5400,"Outes, Pablo",Salta,AFIRMATIVO,afirmativo,REC1991
HCDN3070,veto-universitario-2024,5400,"Llano, Mercedes",Mendoza,NEGATIVO,negativo,REC1992
HCDN3106,veto-universitario-2024,5400,"Garcia, Carlos",Chaco,NEGATIVO,negativo,REC1993
HCDN3084,veto-universitario-2024,5400,"Lemoine, Lilia",Buenos Aires,NEGATIVO,negativo,REC1994
HCDN3033,veto-universitario-2024,5400,"Strada, Julia",Buenos Aires,AFIRMATIVO,afirmativo,REC1995
HCDN3030,veto-universitario-2024,5400,"Arrua, Alberto",Misiones,ABSTENCION,abstencion,REC1996
HCDN3038,veto-universitario-2024,5400,"Vega, Yolanda",Salta,AUSENTE,ausente,REC1997
HCDN3054,veto-universitario-2024,5400,"Selva, Sabrina",Buenos Aires,AFIRMATIVO,afirmativo,REC1998
HCDN3079,veto-universitario-2024,5400,"Bianchetti, Emmanuel",Misiones,NEGATIVO,negativo,REC1999
HCDN3094,veto-universitario-2024,5400,"Avila, Jorge Antonio",Chubut,AUSENTE,ausente,REC2000
HCDN3085,veto-universitario-2024,5400,"Chica, Jorge",San Juan,AFIRMATIVO,afirmativo,REC2001
HCDN1454,veto-universitario-2024,5400,"Castagneto, Carlos Daniel",Buenos Aires,AFIRMATIVO,afirmativo,A50896
HCDN3040,veto-universitario-2024,5400,"Peluc, Jose",San Juan,NEGATIVO,negativo,REC2002
HCDN3065,veto-universitario-2024,5400,"Santurio, Santiago",Buenos Aires,NEGATIVO,negativo,REC2003
HCDN3053,veto-universitario-2024,5400,"Glinski, Jose",Chubut,AFIRMATIVO,afirmativo,REC2004
HCDN3036,veto-universitario-2024,5400,"Ruiz, Yamila",Misiones,ABSTENCION,abstencion,REC2005
HCDN3050,veto-universitario-2024,5400,"Picon Martinez, Nancy Viviana",San Juan,AFIRMATIVO,afirmativo,REC2006
HCDN3066,veto-universitario-2024,5400,"Castillo, Christian",Buenos Aires,AFIRMATIVO,afirmativo,REC2007
HCDN3031,veto-universitario-2024,5400,"Vancsik, Daniel",Misiones,ABSTENCION,abstencion,REC2008
HCDN3140,veto-universitario-2024,5400,"Ali, Ernesto Pipi",San Luis,AFIRMATIVO,afirmativo,REC2009
HCDN3081,veto-universitario-2024,5400,"Manrique, Mario",Buenos Aires,AFIRMATIVO,afirmativo,REC2010
HCDN3082,veto-universitario-2024,5400,"Pokoik, Lorena",CABA,AFIRMATIVO,afirmativo,REC2011
HCDN3041,veto-universitario-2024,5400,"Diez, Romina",Santa Fe,NEGATIVO,negativo,REC2012
HCDN3044,veto-universitario-2024,5400,"Campero, Mariano",Tucuman,NEGATIVO,negativo,REC2013
HCDN1512,veto-universitario-2024,5400,"Massot, Nicolas",Buenos Aires,AFIRMATIVO,afirmativo,A50934
HCDN3074,veto-universitario-2024,5400,"Giuliano, Diego A.",Santa Fe,AFIRMATIVO,afirmativo,REC2014
HCDN3111,veto-universitario-2024,5400,"Benedit, Beltran",Entre Rios,NEGATIVO,negativo,REC2015
HCDN3073,veto-universitario-2024,5400,"Zago, Oscar",CABA,AUSENTE,ausente,REC2016
HCDN3071,veto-universitario-2024,5400,"Mayoraz, Nicolas",Santa Fe,NEGATIVO,negativo,REC2017
HCDN3056,veto-universitario-2024,5400,"Molle, Matias",Buenos Aires,AFIRMATIVO,afirmativo,REC2018
HCDN3108,veto-universitario-2024,5400,"Paulon, Esteban",Santa Fe,AFIRMATIVO,afirmativo,REC2019
HCDN3035,veto-universitario-2024,5400,"Bordet, Gustavo",Entre Rios,AFIRMATIVO,afirmativo,REC2020
HCDN3058,veto-universitario-2024,5400,"Avico, Belen",Cordoba,NEGATIVO,negativo,REC2021
HCDN3110,veto-universitario-2024,5400,"Razzini, Veronica",Santa Fe,NEGATIVO,negativo,REC2022
HCDN3107,veto-universitario-2024,5400,"Menem, Martin",La Rioja,NEGATIVO,negativo,REC2023
HCDN3042,veto-universitario-2024,5400,"Bornoroni, Gabriel",Cordoba,NEGATIVO,negativo,REC2024
HCDN3093,veto-universitario-2024,5400,"Campitelli, Celia",Santiago Del Estero,AFIRMATIVO,afirmativo,REC2025
HCDN3046,veto-universitario-2024,5400,"Morchio, Francisco",Entre Rios,AFIRMATIVO,afirmativo,REC2026
HCDN3062,veto-universitario-2024,5400,"Gomez, Jose",Santiago Del Estero,AFIRMATIVO,afirmativo,REC2027
HCDN1240,veto-universitario-2024,5400,"Basterra, Luis Eugenio",Formosa,AFIRMATIVO,afirmativo,A50726
HCDN1577,veto-universitario-2024,5400,"Brügge, Juan Fernando",Cordoba,AFIRMATIVO,afirmativo,A51013
HCDN3098,veto-universitario-2024,5400,"Huesen, Gerardo",Tucuman,NEGATIVO,negativo,REC2028
HCDN3049,veto-universitario-2024,5400,"Ardohain, Martin",La Pampa,NEGATIVO,negativo,REC2029
HCDN3055,veto-universitario-2024,5400,"Gonzalez, Gerardo Gustavo",Formosa,NEGATIVO,negativo,REC2030
HCDN3092,veto-universitario-2024,5400,"Ibañez, Maria Cecilia",Cordoba,NEGATIVO,negativo,REC2031
HCDN3051,veto-universitario-2024,5400,"Picat, Luis Albino",Cordoba,NEGATIVO,negativo,REC2032
HCDN3097,veto-universitario-2024,5400,"Quintar, Manuel",Jujuy,NEGATIVO,negativo,REC2033
HCDN3069,veto-universitario-2024,5400,"Ponce, Maria Celeste",Cordoba,NEGATIVO,negativo,REC2034
HCDN3029,veto-universitario-2024,5400,"Almiron, Lisandro",Corrientes,NEGATIVO,negativo,REC2035
HCDN3109,veto-universitario-2024,5400,"Torres, Alejandra",Cordoba,AUSENTE,ausente,REC2036
HCDN3077,veto-universitario-2024,5400,"Zulli, Christian Alejandro",Corrientes,AFIRMATIVO,afirmativo,REC2038
HCDN3018,veto-universitario-2024,5400,"Agost Carreño, Oscar",Cordoba,AFIRMATIVO,afirmativo,REC1948
HCDN3020,veto-universitario-2024,5400,"Fernandez, Elia Marina",Tucuman,NEGATIVO,negativo,REC1951
HCDN3022,veto-universitario-2024,5400,"Arancibia Rodriguez, Alberto Gustavo",San Luis,NEGATIVO,negativo,REC1952
HCDN3104,veto-universitario-2024,5400,"Moreno, Maria de los Angeles",San Juan,AFIRMATIVO,afirmativo,REC2041
HCDN3023,veto-universitario-2024,5400,"Araujo, Maria Fernanda",CABA,AFIRMATIVO,afirmativo,REC2045
HCDN3143,veto-universitario-2024,5400,"Ballejos, Nancy",Entre Rios,NEGATIVO,negativo,REC2049
HCDN1148,financiamiento-universitario-2025,5702,"Benedetti, Atilio",Entre Rios,AFIRMATIVO,afirmativo,A4774
HCDN2431,financiamiento-universitario-2025,5702,"Yedlin, Pablo Raul",Tucuman,AFIRMATIVO,afirmativo,A51126
HCDN2429,financiamiento-universitario-2025,5702,"Yasky, Hugo",Buenos Aires,AFIRMATIVO,afirmativo,A51095
HCDN2445,financiamiento-universitario-2025,5702,"Herrera, Bernardo Jose",Santiago Del Estero,AFIRMATIVO,afirmativo,A51138
HCDN2340,financiamiento-universitario-2025,5702,"Neder, Estela Mary",Santiago Del Estero,AFIRMATIVO,afirmativo,A51059
HCDN2754,financiamiento-universitario-2025,5702,"Rizzotti, Jorge",Jujuy,AFIRMATIVO,afirmativo,A51183
HCDN0972,financiamiento-universitario-2025,5702,"Aguirre, Hilda",La Rioja,AFIRMATIVO,afirmativo,A4608
HCDN1463,financiamiento-universitario-2025,5702,"Moreau, Cecilia",Buenos Aires,AFIRMATIVO,afirmativo,A50898
HCDN1514,financiamiento-universitario-2025,5702,"Estevez, Gabriela Beatriz",Cordoba,AFIRMATIVO,afirmativo,A50936
HCDN2765,financiamiento-universitario-2025,5702,"Cisneros, Carlos",Tucuman,AFIRMATIVO,afirmativo,A51152
HCDN2768,financiamiento-universitario-2025,5702,"Gutierrez, Carlos",Cordoba,AFIRMATIVO,afirmativo,A51185
HCDN2773,financiamiento-universitario-2025,5702,"Soria, Martin",Rio Negro,AFIRMATIVO,afirmativo,A51225
HCDN2775,financiamiento-universitario-2025,5702,"Gutierrez, Ramiro",Buenos Aires,AFIRMATIVO,afirmativo,A51201
HCDN1447,financiamiento-universitario-2025,5702,"Banfi, Karina",Buenos Aires,AFIRMATIVO,afirmativo,A50906
HCDN1466,financiamiento-universitario-2025,5702,"Gonzalez, Alvaro",CABA,AFIRMATIVO,afirmativo,A50919
HCDN2780,financiamiento-universitario-2025,5702,"Casas, Sergio Guillermo",La Rioja,AFIRMATIVO,afirmativo,A51161
HCDN2980,financiamiento-universitario-2025,5702,"Moyano, Nilda",Santiago Del Estero,AFIRMATIVO,afirmativo,REC85
HCDN3007,financiamiento-universitario-2025,5702,"Marino, Juan",Buenos Aires,AFIRMATIVO,afirmativo,REC1936
HCDN2784,financiamiento-universitario-2025,5702,"Parola, Maria Graciela",Formosa,AFIRMATIVO,afirmativo,A51173
HCDN2787,financiamiento-universitario-2025,5702,"Ferraro, Maximiliano",CABA,AFIRMATIVO,afirmativo,A51181
HCDN2789,financiamiento-universitario-2025,5702,"Martinez, German Pedro",Santa Fe,AFIRMATIVO,afirmativo,A51215
HCDN2791,financiamiento-universitario-2025,5702,"Lopez Rodriguez, Dante",Catamarca,AFIRMATIVO,afirmativo,A51235
HCDN1439,financiamiento-universitario-2025,5702,"Lospennato, Silvia",Buenos Aires,AUSENTE,ausente,A50900
HCDN0633,financiamiento-universitario-2025,5702,"Osuna, Blanca Ines",Entre Rios,AFIRMATIVO,afirmativo,A51218
HCDN2799,financiamiento-universitario-2025,5702,"Leiva, Aldo",Chaco,AFIRMATIVO,afirmativo,A51210
HCDN1489,financiamiento-universitario-2025,5702,"Kirchner, Maximo Carlos",Buenos Aires,AFIRMATIVO,afirmativo,A50966
HCDN2803,financiamiento-universitario-2025,5702,"Cipolini, Gerardo",Chaco,AUSENTE,ausente,A51196
HCDN2804,financiamiento-universitario-2025,5702,"Hagman, Itai",CABA,AFIRMATIVO,afirmativo,A51202
HCDN2808,financiamiento-universitario-2025,5702,"Montoto, Maria Luisa",Santiago Del Estero,AFIRMATIVO,afirmativo,A51238
HCDN2810,financiamiento-universitario-2025,5702,"Frade, Monica",Buenos Aires,AFIRMATIVO,afirmativo,A51199
HCDN1455,financiamiento-universitario-2025,5702,"Tailhade, Rodolfo",Buenos Aires,AFIRMATIVO,afirmativo,A50897
HCDN1500,financiamiento-universitario-2025,5702,"Nuñez, Jose",Santa Fe,NEGATIVO,negativo,A50973
HCDN2817,financiamiento-universitario-2025,5702,"Sand, Nancy",Corrientes,AFIRMATIVO,afirmativo,A51162
HCDN2821,financiamiento-universitario-2025,5702,"Penacca, Paula Andrea",CABA,AFIRMATIVO,afirmativo,A51180
HCDN2822,financiamiento-universitario-2025,5702,"Daives, Ricardo",Santiago Del Estero,AFIRMATIVO,afirmativo,A51182
HCDN2825,financiamiento-universitario-2025,5702,"Valdes, Eduardo Felix",CABA,AFIRMATIVO,afirmativo,A51237
HCDN0788,financiamiento-universitario-2025,5702,"Ritondo, Cristian A.",Buenos Aires,NEGATIVO,negativo,A51221
HCDN1180,financiamiento-universitario-2025,5702,"Heller, Carlos",CABA,AFIRMATIVO,afirmativo,A4763
HCDN2856,financiamiento-universitario-2025,5702,"Yutrovic, Carolina",Tierra Del Fuego,AFIRMATIVO,afirmativo,A51244
HCDN1375,financiamiento-universitario-2025,5702,"Gaillard, Ana Carolina",Entre Rios,AFIRMATIVO,afirmativo,A50833
HCDN2860,financiamiento-universitario-2025,5702,"Marziotta, Gisela",CABA,AFIRMATIVO,afirmativo,A51262
HCDN1524,financiamiento-universitario-2025,5702,"Snopek, Guillermo",Jujuy,AFIRMATIVO,afirmativo,A50947
HCDN2831,financiamiento-universitario-2025,5702,"Cafiero, Santiago",Buenos Aires,AFIRMATIVO,afirmativo,REC1953
HCDN2983,financiamiento-universitario-2025,5702,"Nieri, Lisandro",Mendoza,AUSENTE,ausente,REC86
HCDN2278,financiamiento-universitario-2025,5702,"Giordano, Juan Carlos",Buenos Aires,AFIRMATIVO,afirmativo,A51028
HCDN1361,financiamiento-universitario-2025,5702,"Carrizo, Ana Carla",CABA,AFIRMATIVO,afirmativo,A50810
HCDN1365,financiamiento-universitario-2025,5702,"Carrizo, Soledad",Cordoba,AFIRMATIVO,afirmativo,A50821
HCDN2362,financiamiento-universitario-2025,5702,"Campagnoli, Marcela",Buenos Aires,AFIRMATIVO,afirmativo,A51061
HCDN1364,financiamiento-universitario-2025,5702,"Baldassi, Hector W.",Cordoba,AFIRMATIVO,afirmativo,A50820
HCDN2361,financiamiento-universitario-2025,5702,"Brambilla, Sofia",Corrientes,AFIRMATIVO,afirmativo,A51039
HCDN2354,financiamiento-universitario-2025,5702,"Ansaloni, Pablo",Buenos Aires,NEGATIVO,negativo,A51049
HCDN2366,financiamiento-universitario-2025,5702,"Carro, Pablo",Cordoba,AFIRMATIVO,afirmativo,A51112
HCDN2350,financiamiento-universitario-2025,5702,"Allende, Walberto",San Juan,AFIRMATIVO,afirmativo,A51078
HCDN2376,financiamiento-universitario-2025,5702,"Fernandez Patri, Ramiro",Formosa,AFIRMATIVO,afirmativo,A51050
HCDN2401,financiamiento-universitario-2025,5702,"Lopez, Juan Manuel",Buenos Aires,AFIRMATIVO,afirmativo,A51044
HCDN2402,financiamiento-universitario-2025,5702,"Macha, Monica",Buenos Aires,AFIRMATIVO,afirmativo,A51094
vote-moreau-leopoldo,financiamiento-universitario-2025,5702,"Moreau, Leopoldo",,AFIRMATIVO,afirmativo,A51098
HCDN2400,financiamiento-universitario-2025,5702,"Oliveto Lago, Paula",CABA,AFIRMATIVO,afirmativo,A51115
HCDN1031,financiamiento-universitario-2025,5702,"Iglesias, Fernando Adolfo",CABA,NEGATIVO,negativo,A4666
HCDN2382,financiamiento-universitario-2025,5702,"Ginocchio, Silvana Micaela",Catamarca,AFIRMATIVO,afirmativo,A51051
HCDN1433,financiamiento-universitario-2025,5702,"Laspina, Luciano Andres",Santa Fe,NEGATIVO,negativo,A50884
HCDN1565,financiamiento-universitario-2025,5702,"Maquieyra, Martin",La Pampa,NEGATIVO,negativo,A51017
vote-reyes-roxana,financiamiento-universitario-2025,5702,"Reyes, Roxana",,AFIRMATIVO,afirmativo,A51077
HCDN2406,financiamiento-universitario-2025,5702,"Quetglas, Fabio Jose",Buenos Aires,AFIRMATIVO,afirmativo,A51096
HCDN2408,financiamiento-universitario-2025,5702,"Rauschenberger, Ariel",La Pampa,AFIRMATIVO,afirmativo,A51103
HCDN2421,financiamiento-universitario-2025,5702,"Siley, Vanesa Raquel",Buenos Aires,AFIRMATIVO,afirmativo,A51120
HCDN2392,financiamiento-universitario-2025,5702,"Medina, Gladys",Tucuman,AFIRMATIVO,afirmativo,A51113
HCDN2412,financiamiento-universitario-2025,5702,"Romero, Jorge Antonio",Corrientes,AFIRMATIVO,afirmativo,A51084
HCDN2986,financiamiento-universitario-2025,5702,"Zabala Chacur, Natalia",San Luis,AFIRMATIVO,afirmativo,REC102
HCDN2925,financiamiento-universitario-2025,5702,"Stolbizer, Margarita",Buenos Aires,AFIRMATIVO,afirmativo,A1460
HCDN2955,financiamiento-universitario-2025,5702,"Finocchiaro, Alejandro",Buenos Aires,NEGATIVO,negativo,REC2
HCDN2913,financiamiento-universitario-2025,5702,"Borrego, Victoria",Buenos Aires,AFIRMATIVO,afirmativo,REC3
HCDN2901,financiamiento-universitario-2025,5702,"Espert, Jose Luis",Buenos Aires,NEGATIVO,negativo,REC4
HCDN2940,financiamiento-universitario-2025,5702,"Piparo, Carolina",Buenos Aires,NEGATIVO,negativo,REC5
HCDN2892,financiamiento-universitario-2025,5702,"Santoro, Leandro",CABA,AFIRMATIVO,afirmativo,REC8
HCDN2953,financiamiento-universitario-2025,5702,"Vidal, Maria Eugenia",CABA,NEGATIVO,negativo,REC9
HCDN2943,financiamiento-universitario-2025,5702,"Tetaz, Martin Alberto",CABA,AFIRMATIVO,afirmativo,REC10
HCDN2898,financiamiento-universitario-2025,5702,"Lopez Murphy, Ricardo Hipolito",CABA,ABSTENCION,abstencion,REC11
HCDN2937,financiamiento-universitario-2025,5702,"Alonso, Constanza Maria",Buenos Aires,AFIRMATIVO,afirmativo,REC12
HCDN2915,financiamiento-universitario-2025,5702,"Pereyra, Julio",Buenos Aires,AFIRMATIVO,afirmativo,REC13
HCDN2936,financiamiento-universitario-2025,5702,"Litza, Monica",Buenos Aires,AFIRMATIVO,afirmativo,A51022
HCDN2356,financiamiento-universitario-2025,5702,"Arroyo, Daniel",Buenos Aires,AFIRMATIVO,afirmativo,A51073
HCDN2899,financiamiento-universitario-2025,5702,"Vargas Matyi, Brenda",Buenos Aires,AFIRMATIVO,afirmativo,REC14
HCDN2950,financiamiento-universitario-2025,5702,"Iparraguirre, Rogelio",Buenos Aires,AFIRMATIVO,afirmativo,REC15
HCDN2951,financiamiento-universitario-2025,5702,"Santilli, Diego",Buenos Aires,NEGATIVO,negativo,REC16
HCDN2896,financiamiento-universitario-2025,5702,"Tolosa Paz, Victoria",Buenos Aires,AFIRMATIVO,afirmativo,REC17
HCDN2926,financiamiento-universitario-2025,5702,"Gollan, Daniel",Buenos Aires,AFIRMATIVO,afirmativo,REC18
HCDN1460,financiamiento-universitario-2025,5702,"Passo, Marcela Fabiana",Buenos Aires,AFIRMATIVO,afirmativo,A50912
HCDN2904,financiamiento-universitario-2025,5702,"Palazzo, Sergio Omar",Buenos Aires,AFIRMATIVO,afirmativo,REC19
HCDN2905,financiamiento-universitario-2025,5702,"Propato, Agustina Lucrecia",Buenos Aires,AFIRMATIVO,afirmativo,REC20
HCDN2908,financiamiento-universitario-2025,5702,"Manes, Facundo",Buenos Aires,AFIRMATIVO,afirmativo,REC22
HCDN2895,financiamiento-universitario-2025,5702,"Tavela, Danya",Buenos Aires,AFIRMATIVO,afirmativo,REC23
HCDN1192,financiamiento-universitario-2025,5702,"Milman, Gerardo",Buenos Aires,NEGATIVO,negativo,A4769
HCDN2914,financiamiento-universitario-2025,5702,"Sotolano, Maria",Buenos Aires,NEGATIVO,negativo,REC24
HCDN1440,financiamiento-universitario-2025,5702,"Monzo, Emilio",Buenos Aires,AFIRMATIVO,afirmativo,A50901
HCDN2881,financiamiento-universitario-2025,5702,"Besana, Gabriela",Buenos Aires,NEGATIVO,negativo,REC25
HCDN2942,financiamiento-universitario-2025,5702,"De Loredo, Rodrigo",Cordoba,AFIRMATIVO,afirmativo,REC26
vote-rodriguez-machado-laura,financiamiento-universitario-2025,5702,"Rodriguez Machado, Laura",,NEGATIVO,negativo,REC27
HCDN2956,financiamiento-universitario-2025,5702,"Brouwer de Koning, Gabriela",Cordoba,AFIRMATIVO,afirmativo,REC29
HCDN2928,financiamiento-universitario-2025,5702,"De la Sota, Natalia",Cordoba,AFIRMATIVO,afirmativo,REC30
HCDN2910,financiamiento-universitario-2025,5702,"Garcia Aresca, Ignacio",Cordoba,AFIRMATIVO,afirmativo,REC31
HCDN2919,financiamiento-universitario-2025,5702,"Chumpitaz, Gabriel Felipe",Santa Fe,AUSENTE,ausente,REC32
HCDN2738,financiamiento-universitario-2025,5702,"Mirabella, Roberto",Santa Fe,AFIRMATIVO,afirmativo,REC33
HCDN2948,financiamiento-universitario-2025,5702,"Mastaler, Magali",Santa Fe,AFIRMATIVO,afirmativo,REC34
HCDN2889,financiamiento-universitario-2025,5702,"Toniolli, Eduardo",Santa Fe,AFIRMATIVO,afirmativo,REC35
HCDN2891,financiamiento-universitario-2025,5702,"Fein, Monica",Santa Fe,AFIRMATIVO,afirmativo,A4629
HCDN2959,financiamiento-universitario-2025,5702,"Aguirre, Manuel Ignacio",Corrientes,AUSENTE,ausente,REC37
HCDN2893,financiamiento-universitario-2025,5702,"Antola, Marcela",Entre Rios,AFIRMATIVO,afirmativo,REC38
HCDN2923,financiamiento-universitario-2025,5702,"Carbajal, Fernando",Formosa,AFIRMATIVO,afirmativo,REC41
HCDN2911,financiamiento-universitario-2025,5702,"Chaher, Leila",Jujuy,AFIRMATIVO,afirmativo,REC42
HCDN2935,financiamiento-universitario-2025,5702,"Vilca, Alejandro",Jujuy,AFIRMATIVO,afirmativo,REC43
HCDN2894,financiamiento-universitario-2025,5702,"Coli, Marcela",La Pampa,AFIRMATIVO,afirmativo,REC45
HCDN2944,financiamiento-universitario-2025,5702,"Marin, Varinia Lis",La Pampa,AFIRMATIVO,afirmativo,REC46
HCDN2902,financiamiento-universitario-2025,5702,"Pedrali, Gabriela",La Rioja,AFIRMATIVO,afirmativo,REC47
HCDN2949,financiamiento-universitario-2025,5702,"Herrera, Ricardo",La Rioja,AFIRMATIVO,afirmativo,REC48
HCDN2922,financiamiento-universitario-2025,5702,"Paponet, Liliana",Mendoza,AFIRMATIVO,afirmativo,REC49
HCDN1066,financiamiento-universitario-2025,5702,"Cobos, Julio",Mendoza,AFIRMATIVO,afirmativo,A50843
HCDN1555,financiamiento-universitario-2025,5702,"Verasay, Pamela Fernanda",Mendoza,AUSENTE,ausente,REC50
HCDN2938,financiamiento-universitario-2025,5702,"Martinez, Alvaro",Mendoza,NEGATIVO,negativo,REC51
HCDN2985,financiamiento-universitario-2025,5702,"Fernandez, Carlos Alberto",Misiones,AUSENTE,ausente,REC52
HCDN2934,financiamiento-universitario-2025,5702,"Arjol, Martin",Misiones,AUSENTE,ausente,REC53
HCDN2941,financiamiento-universitario-2025,5702,"Klipauka Lewtak, Florencia",Misiones,NEGATIVO,negativo,REC54
HCDN2907,financiamiento-universitario-2025,5702,"Bertoldi, Tanya",Neuquen,AFIRMATIVO,afirmativo,REC56
HCDN2930,financiamiento-universitario-2025,5702,"Cervi, Pablo",Neuquen,NEGATIVO,negativo,REC57
HCDN2954,financiamiento-universitario-2025,5702,"Domingo, Agustin",Rio Negro,AUSENTE,ausente,REC58
HCDN2924,financiamiento-universitario-2025,5702,"Tortoriello, Anibal",Rio Negro,NEGATIVO,negativo,REC59
HCDN2900,financiamiento-universitario-2025,5702,"Zapata, Carlos Raul",Salta,NEGATIVO,negativo,REC60
HCDN2884,financiamiento-universitario-2025,5702,"Estrada, Emiliano",Salta,AFIRMATIVO,afirmativo,REC61
HCDN2946,financiamiento-universitario-2025,5702,"Calletti, Pamela",Salta,AFIRMATIVO,afirmativo,REC62
HCDN2921,financiamiento-universitario-2025,5702,"Aubone, Ana Fabiola",San Juan,AFIRMATIVO,afirmativo,REC64
HCDN2917,financiamiento-universitario-2025,5702,"Bermejo, Adolfo",Mendoza,AFIRMATIVO,afirmativo,REC65
HCDN2979,financiamiento-universitario-2025,5702,"Gonzalez, Gustavo Carlos Miguel",Santa Cruz,AUSENTE,ausente,REC68
HCDN2906,financiamiento-universitario-2025,5702,"Barletta, Mario",Santa Fe,AFIRMATIVO,afirmativo,A50864
HCDN2888,financiamiento-universitario-2025,5702,"Figueroa Casas, Germana",Santa Fe,ABSTENCION,abstencion,REC70
HCDN2916,financiamiento-universitario-2025,5702,"Ajmechet, Sabrina",CABA,NEGATIVO,negativo,REC71
HCDN1356,financiamiento-universitario-2025,5702,"Pedrini, Juan Manuel",Chaco,AFIRMATIVO,afirmativo,A50816
HCDN2885,financiamiento-universitario-2025,5702,"Chomiak, Maria Luisa",Chaco,AFIRMATIVO,afirmativo,REC72
HCDN2929,financiamiento-universitario-2025,5702,"Polini, Juan Carlos",Chaco,AFIRMATIVO,afirmativo,REC73
HCDN2945,financiamiento-universitario-2025,5702,"Quiroz, Marilu",Chaco,NEGATIVO,negativo,REC74
HCDN2952,financiamiento-universitario-2025,5702,"Romero, Ana Clara",Chubut,ABSTENCION,abstencion,REC75
HCDN2912,financiamiento-universitario-2025,5702,"Alianiello, Eugenia",Chubut,AFIRMATIVO,afirmativo,REC76
HCDN2927,financiamiento-universitario-2025,5702,"Monti, Francisco",Catamarca,NEGATIVO,negativo,REC77
HCDN2887,financiamiento-universitario-2025,5702,"Sanchez, Roberto Antonio",Tucuman,AFIRMATIVO,afirmativo,REC78
HCDN2909,financiamiento-universitario-2025,5702,"Omodeo, Paula",Tucuman,NEGATIVO,negativo,REC79
HCDN2903,financiamiento-universitario-2025,5702,"Fernandez, Agustin",Tucuman,AFIRMATIVO,afirmativo,REC81
HCDN1042,financiamiento-universitario-2025,5702,"Randazzo, Florencio",Buenos Aires,AFIRMATIVO,afirmativo,REC82
HCDN2947,financiamiento-universitario-2025,5702,"Bachey, Karina Ethel",San Luis,ABSTENCION,abstencion,REC83
HCDN2886,financiamiento-universitario-2025,5702,"Ledesma, Tomas",Entre Rios,AFIRMATIVO,afirmativo,REC84
HCDN2976,financiamiento-universitario-2025,5702,"Zaracho, Natalia",Buenos Aires,AFIRMATIVO,afirmativo,REC101
HCDN3008,financiamiento-universitario-2025,5702,"Moran, Micaela",Buenos Aires,AFIRMATIVO,afirmativo,REC1937
HCDN3039,financiamiento-universitario-2025,5702,"Santillan Juarez Brahim, Juliana",Buenos Aires,NEGATIVO,negativo,REC1954
HCDN3102,financiamiento-universitario-2025,5702,"Treffinger, Cesar",Chubut,NEGATIVO,negativo,REC1955
HCDN3063,financiamiento-universitario-2025,5702,"Marquez, Nadia",Neuquen,NEGATIVO,negativo,REC1956
HCDN3032,financiamiento-universitario-2025,5702,"Arabia, Damian",CABA,NEGATIVO,negativo,REC1957
HCDN3060,financiamiento-universitario-2025,5702,"D'alessandro, Carlos",San Luis,NEGATIVO,negativo,REC1958
HCDN3083,financiamiento-universitario-2025,5702,"Todero, Pablo",Neuquen,AFIRMATIVO,afirmativo,REC1959
HCDN3078,financiamiento-universitario-2025,5702,"Potenza, Luciana",Buenos Aires,AFIRMATIVO,afirmativo,REC1960
HCDN3034,financiamiento-universitario-2025,5702,"Coletta, Mariela",CABA,AFIRMATIVO,afirmativo,REC1961
HCDN3099,financiamiento-universitario-2025,5702,"Garrido, Jose Luis",Santa Cruz,NEGATIVO,negativo,REC1962
HCDN3080,financiamiento-universitario-2025,5702,"Capozzi, Sergio Eduardo",Rio Negro,NEGATIVO,negativo,REC1963
HCDN3057,financiamiento-universitario-2025,5702,"Fernandez Molero, Daiana",CABA,NEGATIVO,negativo,REC1964
HCDN1272,financiamiento-universitario-2025,5702,"Ianni, Ana Maria",Santa Cruz,AFIRMATIVO,afirmativo,A50751
HCDN0022,financiamiento-universitario-2025,5702,"Pichetto, Miguel Angel",Buenos Aires,AFIRMATIVO,afirmativo,REC1965
HCDN3043,financiamiento-universitario-2025,5702,"Giudici, Silvana",CABA,NEGATIVO,negativo,A4356
HCDN3088,financiamiento-universitario-2025,5702,"Bonacci, Rocio",Santa Fe,NEGATIVO,negativo,REC1966
HCDN3091,financiamiento-universitario-2025,5702,"Villaverde, Lorena",Rio Negro,NEGATIVO,negativo,REC1967
HCDN3061,financiamiento-universitario-2025,5702,"Pagano, Marcela Marina",Buenos Aires,AUSENTE,ausente,REC1968
HCDN3089,financiamiento-universitario-2025,5702,"Falcone, Eduardo",Buenos Aires,AUSENTE,ausente,REC1969
HCDN3047,financiamiento-universitario-2025,5702,"Araujo Hernandez, Jorge Neri",Tierra Del Fuego,AFIRMATIVO,afirmativo,REC1970
HCDN3068,financiamiento-universitario-2025,5702,"Juliano, Pablo",Buenos Aires,AFIRMATIVO,afirmativo,REC1972
HCDN3087,financiamiento-universitario-2025,5702,"Freites, Andrea",Tierra Del Fuego,AFIRMATIVO,afirmativo,REC1973
HCDN3048,financiamiento-universitario-2025,5702,"Bongiovanni, Alejandro",Santa Fe,NEGATIVO,negativo,REC1974
HCDN3075,financiamiento-universitario-2025,5702,"Macyszyn, Lorena",Buenos Aires,NEGATIVO,negativo,REC1975
HCDN3045,financiamiento-universitario-2025,5702,"Monzon, Roxana",Buenos Aires,AFIRMATIVO,afirmativo,REC1976
HCDN3105,financiamiento-universitario-2025,5702,"Pauli, Santiago",Tierra Del Fuego,NEGATIVO,negativo,REC1978
HCDN3090,financiamiento-universitario-2025,5702,"Carignano, Florencia",Santa Fe,AFIRMATIVO,afirmativo,REC1979
HCDN3095,financiamiento-universitario-2025,5702,"Montenegro, Guillermo",Buenos Aires,NEGATIVO,negativo,REC1980
HCDN3101,financiamiento-universitario-2025,5702,"De Sensi, Maria Florencia",Buenos Aires,NEGATIVO,negativo,REC2039
HCDN3139,financiamiento-universitario-2025,5702,"Ferreyra, Alida",CABA,NEGATIVO,negativo,REC2046
HCDN3142,financiamiento-universitario-2025,5702,"Tournier, Jose Federico",Corrientes,NEGATIVO,negativo,REC2048
HCDN3148,financiamiento-universitario-2025,5702,"Sanchez Wrba, Javier",Buenos Aires,NEGATIVO,negativo,REC2052
HCDN3149,financiamiento-universitario-2025,5702,"Ripoll, Vilma",Buenos Aires,AFIRMATIVO,afirmativo,REC2053
HCDN3150,financiamiento-universitario-2025,5702,"De Mendieta, Mercedes",CABA,AFIRMATIVO,afirmativo,REC2054
HCDN3026,financiamiento-universitario-2025,5702,"Giorgi, Melina",Santa Fe,AFIRMATIVO,afirmativo,REC2040
HCDN3024,financiamiento-universitario-2025,5702,"Emma, Nicolas",CABA,NEGATIVO,negativo,REC2042
vote-acevedo-sergio-edgardo,financiamiento-universitario-2025,5702,"Acevedo, Sergio Edgardo",,AFIRMATIVO,afirmativo,REC2043
HCDN3025,financiamiento-universitario-2025,5702,"Llancafilo, Osvaldo",Neuquen,AFIRMATIVO,afirmativo,REC2044
HCDN3016,financiamiento-universitario-2025,5702,"Sarapura, Natalia Silvina",Jujuy,AFIRMATIVO,afirmativo,REC1944
HCDN3052,financiamiento-universitario-2025,5702,"Avila, Fernanda",Catamarca,AFIRMATIVO,afirmativo,REC1981
HCDN3086,financiamiento-universitario-2025,5702,"Yeza, Martin",Buenos Aires,NEGATIVO,negativo,REC1982
HCDN3059,financiamiento-universitario-2025,5702,"Arrieta, Lourdes Micaela",Mendoza,AFIRMATIVO,afirmativo,REC1983
HCDN1456,financiamiento-universitario-2025,5702,"Volnovich, Luana",Buenos Aires,AFIRMATIVO,afirmativo,A50899
HCDN3103,financiamiento-universitario-2025,5702,"Moreno Ovalle, Julio",Salta,NEGATIVO,negativo,REC1984
HCDN3028,financiamiento-universitario-2025,5702,"Aveiro, Martin",Mendoza,AFIRMATIVO,afirmativo,REC1985
HCDN3037,financiamiento-universitario-2025,5702,"Vasquez, Patricia",Buenos Aires,NEGATIVO,negativo,REC1986
HCDN3096,financiamiento-universitario-2025,5702,"Orozco, Emilia",Salta,NEGATIVO,negativo,REC1987
HCDN3064,financiamiento-universitario-2025,5702,"Benegas Lynch, Bertie",Buenos Aires,NEGATIVO,negativo,REC1988
HCDN3076,financiamiento-universitario-2025,5702,"Noblega, Sebastian",Catamarca,AFIRMATIVO,afirmativo,REC1989
HCDN3072,financiamiento-universitario-2025,5702,"Correa Llano, Facundo",Mendoza,NEGATIVO,negativo,REC1990
HCDN3100,financiamiento-universitario-2025,5702,"Outes, Pablo",Salta,AFIRMATIVO,afirmativo,REC1991
HCDN3070,financiamiento-universitario-2025,5702,"Llano, Mercedes",Mendoza,NEGATIVO,negativo,REC1992
HCDN3106,financiamiento-universitario-2025,5702,"Garcia, Carlos",Chaco,NEGATIVO,negativo,REC1993
HCDN3084,financiamiento-universitario-2025,5702,"Lemoine, Lilia",Buenos Aires,NEGATIVO,negativo,REC1994
HCDN3033,financiamiento-universitario-2025,5702,"Strada, Julia",Buenos Aires,AFIRMATIVO,afirmativo,REC1995
HCDN3030,financiamiento-universitario-2025,5702,"Arrua, Alberto",Misiones,AUSENTE,ausente,REC1996
HCDN3038,financiamiento-universitario-2025,5702,"Vega, Yolanda",Salta,AFIRMATIVO,afirmativo,REC1997
HCDN3054,financiamiento-universitario-2025,5702,"Selva, Sabrina",Buenos Aires,AFIRMATIVO,afirmativo,REC1998
HCDN3079,financiamiento-universitario-2025,5702,"Bianchetti, Emmanuel",Misiones,NEGATIVO,negativo,REC1999
HCDN3094,financiamiento-universitario-2025,5702,"Avila, Jorge Antonio",Chubut,AFIRMATIVO,afirmativo,REC2000
HCDN3085,financiamiento-universitario-2025,5702,"Chica, Jorge",San Juan,AFIRMATIVO,afirmativo,REC2001
HCDN1454,financiamiento-universitario-2025,5702,"Castagneto, Carlos Daniel",Buenos Aires,AFIRMATIVO,afirmativo,A50896
HCDN3040,financiamiento-universitario-2025,5702,"Peluc, Jose",San Juan,NEGATIVO,negativo,REC2002
HCDN3065,financiamiento-universitario-2025,5702,"Santurio, Santiago",Buenos Aires,NEGATIVO,negativo,REC2003
HCDN3053,financiamiento-universitario-2025,5702,"Glinski, Jose",Chubut,AFIRMATIVO,afirmativo,REC2004
HCDN3036,financiamiento-universitario-2025,5702,"Ruiz, Yamila",Misiones,AUSENTE,ausente,REC2005
HCDN3050,financiamiento-universitario-2025,5702,"Picon Martinez, Nancy Viviana",San Juan,AFIRMATIVO,afirmativo,REC2006
HCDN3066,financiamiento-universitario-2025,5702,"Castillo, Christian",Buenos Aires,AFIRMATIVO,afirmativo,REC2007
HCDN3031,financiamiento-universitario-2025,5702,"Vancsik, Daniel",Misiones,AUSENTE,ausente,REC2008
HCDN3140,financiamiento-universitario-2025,5702,"Ali, Ernesto Pipi",San Luis,AFIRMATIVO,afirmativo,REC2009
HCDN3081,financiamiento-universitario-2025,5702,"Manrique, Mario",Buenos Aires,AFIRMATIVO,afirmativo,REC2010
HCDN3082,financiamiento-universitario-2025,5702,"Pokoik, Lorena",CABA,AFIRMATIVO,afirmativo,REC2011
HCDN3041,financiamiento-universitario-2025,5702,"Diez, Romina",Santa Fe,NEGATIVO,negativo,REC2012
HCDN3044,financiamiento-universitario-2025,5702,"Campero, Mariano",Tucuman,NEGATIVO,negativo,REC2013
HCDN1512,financiamiento-universitario-2025,5702,"Massot, Nicolas",Buenos Aires,AFIRMATIVO,afirmativo,A50934
HCDN3074,financiamiento-universitario-2025,5702,"Giuliano, Diego A.",Santa Fe,AFIRMATIVO,afirmativo,REC2014
HCDN3111,financiamiento-universitario-2025,5702,"Benedit, Beltran",Entre Rios,NEGATIVO,negativo,REC2015
HCDN3073,financiamiento-universitario-2025,5702,"Zago, Oscar",CABA,AUSENTE,ausente,REC2016
HCDN3071,financiamiento-universitario-2025,5702,"Mayoraz, Nicolas",Santa Fe,NEGATIVO,negativo,REC2017
HCDN3056,financiamiento-universitario-2025,5702,"Molle, Matias",Buenos Aires,AFIRMATIVO,afirmativo,REC2018
HCDN3108,financiamiento-universitario-2025,5702,"Paulon, Esteban",Santa Fe,AFIRMATIVO,afirmativo,REC2019
HCDN3035,financiamiento-universitario-2025,5702,"Bordet, Gustavo",Entre Rios,AFIRMATIVO,afirmativo,REC2020
HCDN3058,financiamiento-universitario-2025,5702,"Avico, Belen",Cordoba,NEGATIVO,negativo,REC2021
HCDN3110,financiamiento-universitario-2025,5702,"Razzini, Veronica",Santa Fe,NEGATIVO,negativo,REC2022
HCDN3107,financiamiento-universitario-2025,5702,"Menem, Martin",La Rioja,PRESIDENTE,presidente,REC2023
HCDN3042,financiamiento-universitario-2025,5702,"Bornoroni, Gabriel",Cordoba,NEGATIVO,negativo,REC2024
HCDN3093,financiamiento-universitario-2025,5702,"Campitelli, Celia",Santiago Del Estero,AFIRMATIVO,afirmativo,REC2025
HCDN3046,financiamiento-universitario-2025,5702,"Morchio, Francisco",Entre Rios,ABSTENCION,abstencion,REC2026
HCDN3062,financiamiento-universitario-2025,5702,"Gomez, Jose",Santiago Del Estero,AUSENTE,ausente,REC2027
HCDN1240,financiamiento-universitario-2025,5702,"Basterra, Luis Eugenio",Formosa,AFIRMATIVO,afirmativo,A50726
HCDN1577,financiamiento-universitario-2025,5702,"Brügge, Juan Fernando",Cordoba,AFIRMATIVO,afirmativo,A51013
HCDN3098,financiamiento-universitario-2025,5702,"Huesen, Gerardo",Tucuman,NEGATIVO,negativo,REC2028
HCDN3049,financiamiento-universitario-2025,5702,"Ardohain, Martin",La Pampa,NEGATIVO,negativo,REC2029
HCDN3055,financiamiento-universitario-2025,5702,"Gonzalez, Gerardo Gustavo",Formosa,NEGATIVO,negativo,REC2030
HCDN3092,financiamiento-universitario-2025,5702,"Ibañez, Maria Cecilia",Cordoba,NEGATIVO,negativo,REC2031
HCDN3051,financiamiento-universitario-2025,5702,"Picat, Luis Albino",Cordoba,NEGATIVO,negativo,REC2032
HCDN3097,financiamiento-universitario-2025,5702,"Quintar, Manuel",Jujuy,NEGATIVO,negativo,REC2033
HCDN3069,financiamiento-universitario-2025,5702,"Ponce, Maria Celeste",Cordoba,NEGATIVO,negativo,REC2034
HCDN3029,financiamiento-universitario-2025,5702,"Almiron, Lisandro",Corrientes,NEGATIVO,negativo,REC2035
HCDN3109,financiamiento-universitario-2025,5702,"Torres, Alejandra",Cordoba,AFIRMATIVO,afirmativo,REC2036
HCDN3077,financiamiento-universitario-2025,5702,"Zulli, Christian Alejandro",Corrientes,AFIRMATIVO,afirmativo,REC2038
HCDN3018,financiamiento-universitario-2025,5702,"Agost Carreño, Oscar",Cordoba,AFIRMATIVO,afirmativo,REC1948
HCDN3020,financiamiento-universitario-2025,5702,"Fernandez, Elia Marina",Tucuman,AFIRMATIVO,afirmativo,REC1951
HCDN3022,financiamiento-universitario-2025,5702,"Arancibia Rodriguez, Alberto Gustavo",San Luis,NEGATIVO,negativo,REC1952
HCDN3104,financiamiento-universitario-2025,5702,"Moreno, Maria de los Angeles",San Juan,AUSENTE,ausente,REC2041
HCDN3023,financiamiento-universitario-2025,5702,"Araujo, Maria Fernanda",CABA,NEGATIVO,negativo,REC2045
HCDN3143,financiamiento-universitario-2025,5702,"Ballejos, Nancy",Entre Rios,NEGATIVO,negativo,REC2049
HCDN3146,financiamiento-universitario-2025,5702,"Garramuño, Ricardo",Tierra Del Fuego,NEGATIVO,negativo,REC2050
HCDN1148,garrahan-emergencia-2025,5706,"Benedetti, Atilio",Entre Rios,AFIRMATIVO,afirmativo,A4774
HCDN2431,garrahan-emergencia-2025,5706,"Yedlin, Pablo Raul",Tucuman,AFIRMATIVO,afirmativo,A51126
HCDN2429,garrahan-emergencia-2025,5706,"Yasky, Hugo",Buenos Aires,AFIRMATIVO,afirmativo,A51095
HCDN2445,garrahan-emergencia-2025,5706,"Herrera, Bernardo Jose",Santiago Del Estero,AFIRMATIVO,afirmativo,A51138
HCDN2340,garrahan-emergencia-2025,5706,"Neder, Estela Mary",Santiago Del Estero,AFIRMATIVO,afirmativo,A51059
HCDN2754,garrahan-emergencia-2025,5706,"Rizzotti, Jorge",Jujuy,AFIRMATIVO,afirmativo,A51183
HCDN0972,garrahan-emergencia-2025,5706,"Aguirre, Hilda",La Rioja,AFIRMATIVO,afirmativo,A4608
HCDN1463,garrahan-emergencia-2025,5706,"Moreau, Cecilia",Buenos Aires,AFIRMATIVO,afirmativo,A50898
HCDN1514,garrahan-emergencia-2025,5706,"Estevez, Gabriela Beatriz",Cordoba,AFIRMATIVO,afirmativo,A50936
HCDN2765,garrahan-emergencia-2025,5706,"Cisneros, Carlos",Tucuman,AFIRMATIVO,afirmativo,A51152
HCDN2768,garrahan-emergencia-2025,5706,"Gutierrez, Carlos",Cordoba,AFIRMATIVO,afirmativo,A51185
HCDN2773,garrahan-emergencia-2025,5706,"Soria, Martin",Rio Negro,AFIRMATIVO,afirmativo,A51225
HCDN2775,garrahan-emergencia-2025,5706,"Gutierrez, Ramiro",Buenos Aires,AFIRMATIVO,afirmativo,A51201
HCDN1447,garrahan-emergencia-2025,5706,"Banfi, Karina",Buenos Aires,AFIRMATIVO,afirmativo,A50906
HCDN1466,garrahan-emergencia-2025,5706,"Gonzalez, Alvaro",CABA,AFIRMATIVO,afirmativo,A50919
HCDN2780,garrahan-emergencia-2025,5706,"Casas, Sergio Guillermo",La Rioja,AFIRMATIVO,afirmativo,A51161
HCDN2980,garrahan-emergencia-2025,5706,"Moyano, Nilda",Santiago Del Estero,AFIRMATIVO,afirmativo,REC85
HCDN3007,garrahan-emergencia-2025,5706,"Marino, Juan",Buenos Aires,AFIRMATIVO,afirmativo,REC1936
HCDN2784,garrahan-emergencia-2025,5706,"Parola, Maria Graciela",Formosa,AFIRMATIVO,afirmativo,A51173
HCDN2787,garrahan-emergencia-2025,5706,"Ferraro, Maximiliano",CABA,AFIRMATIVO,afirmativo,A51181
HCDN2789,garrahan-emergencia-2025,5706,"Martinez, German Pedro",Santa Fe,AFIRMATIVO,afirmativo,A51215
HCDN2791,garrahan-emergencia-2025,5706,"Lopez Rodriguez, Dante",Catamarca,AFIRMATIVO,afirmativo,A51235
HCDN1439,garrahan-emergencia-2025,5706,"Lospennato, Silvia",Buenos Aires,AUSENTE,ausente,A50900
HCDN0633,garrahan-emergencia-2025,5706,"Osuna, Blanca Ines",Entre Rios,AFIRMATIVO,afirmativo,A51218
HCDN2799,garrahan-emergencia-2025,5706,"Leiva, Aldo",Chaco,AFIRMATIVO,afirmativo,A51210
HCDN1489,garrahan-emergencia-2025,5706,"Kirchner, Maximo Carlos",Buenos Aires,AFIRMATIVO,afirmativo,A50966
HCDN2803,garrahan-emergencia-2025,5706,"Cipolini, Gerardo",Chaco,AUSENTE,ausente,A51196
HCDN2804,garrahan-emergencia-2025,5706,"Hagman, Itai",CABA,AFIRMATIVO,afirmativo,A51202
HCDN2808,garrahan-emergencia-2025,5706,"Montoto, Maria Luisa",Santiago Del Estero,AFIRMATIVO,afirmativo,A51238
HCDN2810,garrahan-emergencia-2025,5706,"Frade, Monica",Buenos Aires,AFIRMATIVO,afirmativo,A51199
HCDN1455,garrahan-emergencia-2025,5706,"Tailhade, Rodolfo",Buenos Aires,AFIRMATIVO,afirmativo,A50897
HCDN1500,garrahan-emergencia-2025,5706,"Nuñez, Jose",Santa Fe,NEGATIVO,negativo,A50973
HCDN2817,garrahan-emergencia-2025,5706,"Sand, Nancy",Corrientes,AFIRMATIVO,afirmativo,A51162
HCDN2821,garrahan-emergencia-2025,5706,"Penacca, Paula Andrea",CABA,AFIRMATIVO,afirmativo,A51180
HCDN2822,garrahan-emergencia-2025,5706,"Daives, Ricardo",Santiago Del Estero,AFIRMATIVO,afirmativo,A51182
HCDN2825,garrahan-emergencia-2025,5706,"Valdes, Eduardo Felix",CABA,AFIRMATIVO,afirmativo,A51237
HCDN0788,garrahan-emergencia-2025,5706,"Ritondo, Cristian A.",Buenos Aires,NEGATIVO,negativo,A51221
HCDN1180,garrahan-emergencia-2025,5706,"Heller, Carlos",CABA,AFIRMATIVO,afirmativo,A4763
HCDN2856,garrahan-emergencia-2025,5706,"Yutrovic, Carolina",Tierra Del Fuego,AFIRMATIVO,afirmativo,A51244
HCDN1375,garrahan-emergencia-2025,5706,"Gaillard, Ana Carolina",Entre Rios,AFIRMATIVO,afirmativo,A50833
HCDN2860,garrahan-emergencia-2025,5706,"Marziotta, Gisela",CABA,AFIRMATIVO,afirmativo,A51262
HCDN1524,garrahan-emergencia-2025,5706,"Snopek, Guillermo",Jujuy,AFIRMATIVO,afirmativo,A50947
HCDN2831,garrahan-emergencia-2025,5706,"Cafiero, Santiago",Buenos Aires,AFIRMATIVO,afirmativo,REC1953
HCDN2983,garrahan-emergencia-2025,5706,"Nieri, Lisandro",Mendoza,AUSENTE,ausente,REC86
HCDN2278,garrahan-emergencia-2025,5706,"Giordano, Juan Carlos",Buenos Aires,AFIRMATIVO,afirmativo,A51028
HCDN1361,garrahan-emergencia-2025,5706,"Carrizo, Ana Carla",CABA,AFIRMATIVO,afirmativo,A50810
HCDN1365,garrahan-emergencia-2025,5706,"Carrizo, Soledad",Cordoba,AFIRMATIVO,afirmativo,A50821
HCDN2362,garrahan-emergencia-2025,5706,"Campagnoli, Marcela",Buenos Aires,AFIRMATIVO,afirmativo,A51061
HCDN1364,garrahan-emergencia-2025,5706,"Baldassi, Hector W.",Cordoba,AFIRMATIVO,afirmativo,A50820
HCDN2361,garrahan-emergencia-2025,5706,"Brambilla, Sofia",Corrientes,AFIRMATIVO,afirmativo,A51039
HCDN2354,garrahan-emergencia-2025,5706,"Ansaloni, Pablo",Buenos Aires,NEGATIVO,negativo,A51049
HCDN2366,garrahan-emergencia-2025,5706,"Carro, Pablo",Cordoba,AFIRMATIVO,afirmativo,A51112
HCDN2350,garrahan-emergencia-2025,5706,"Allende, Walberto",San Juan,AFIRMATIVO,afirmativo,A51078
HCDN2376,garrahan-emergencia-2025,5706,"Fernandez Patri, Ramiro",Formosa,AFIRMATIVO,afirmativo,A51050
HCDN2401,garrahan-emergencia-2025,5706,"Lopez, Juan Manuel",Buenos Aires,AFIRMATIVO,afirmativo,A51044
HCDN2402,garrahan-emergencia-2025,5706,"Macha, Monica",Buenos Aires,AFIRMATIVO,afirmativo,A51094
vote-moreau-leopoldo,garrahan-emergencia-2025,5706,"Moreau, Leopoldo",,AFIRMATIVO,afirmativo,A51098
HCDN2400,garrahan-emergencia-2025,5706,"Oliveto Lago, Paula",CABA,AFIRMATIVO,afirmativo,A51115
HCDN1031,garrahan-emergencia-2025,5706,"Iglesias, Fernando Adolfo",CABA,NEGATIVO,negativo,A4666
HCDN2382,garrahan-emergencia-2025,5706,"Ginocchio, Silvana Micaela",Catamarca,AFIRMATIVO,afirmativo,A51051
HCDN1433,garrahan-emergencia-2025,5706,"Laspina, Luciano Andres",Santa Fe,AUSENTE,ausente,A50884
HCDN1565,garrahan-emergencia-2025,5706,"Maquieyra, Martin",La Pampa,NEGATIVO,negativo,A51017
vote-reyes-roxana,garrahan-emergencia-2025,5706,"Reyes, Roxana",,AFIRMATIVO,afirmativo,A51077
HCDN2406,garrahan-emergencia-2025,5706,"Quetglas, Fabio Jose",Buenos Aires,AFIRMATIVO,afirmativo,A51096
HCDN2408,garrahan-emergencia-2025,5706,"Rauschenberger, Ariel",La Pampa,AFIRMATIVO,afirmativo,A51103
HCDN2421,garrahan-emergencia-2025,5706,"Siley, Vanesa Raquel",Buenos Aires,AFIRMATIVO,afirmativo,A51120
HCDN2392,garrahan-emergencia-2025,5706,"Medina, Gladys",Tucuman,AFIRMATIVO,afirmativo,A51113
HCDN2412,garrahan-emergencia-2025,5706,"Romero, Jorge Antonio",Corrientes,AFIRMATIVO,afirmativo,A51084
HCDN2986,garrahan-emergencia-2025,5706,"Zabala Chacur, Natalia",San Luis,AFIRMATIVO,afirmativo,REC102
HCDN2925,garrahan-emergencia-2025,5706,"Stolbizer, Margarita",Buenos Aires,AFIRMATIVO,afirmativo,A1460
HCDN2955,garrahan-emergencia-2025,5706,"Finocchiaro, Alejandro",Buenos Aires,NEGATIVO,negativo,REC2
HCDN2913,garrahan-emergencia-2025,5706,"Borrego, Victoria",Buenos Aires,AFIRMATIVO,afirmativo,REC3
HCDN2901,garrahan-emergencia-2025,5706,"Espert, Jose Luis",Buenos Aires,NEGATIVO,negativo,REC4
HCDN2940,garrahan-emergencia-2025,5706,"Piparo, Carolina",Buenos Aires,NEGATIVO,negativo,REC5
HCDN2892,garrahan-emergencia-2025,5706,"Santoro, Leandro",CABA,AFIRMATIVO,afirmativo,REC8
HCDN2953,garrahan-emergencia-2025,5706,"Vidal, Maria Eugenia",CABA,AFIRMATIVO,afirmativo,REC9
HCDN2943,garrahan-emergencia-2025,5706,"Tetaz, Martin Alberto",CABA,AFIRMATIVO,afirmativo,REC10
HCDN2898,garrahan-emergencia-2025,5706,"Lopez Murphy, Ricardo Hipolito",CABA,ABSTENCION,abstencion,REC11
HCDN2937,garrahan-emergencia-2025,5706,"Alonso, Constanza Maria",Buenos Aires,AFIRMATIVO,afirmativo,REC12
HCDN2915,garrahan-emergencia-2025,5706,"Pereyra, Julio",Buenos Aires,AFIRMATIVO,afirmativo,REC13
HCDN2936,garrahan-emergencia-2025,5706,"Litza, Monica",Buenos Aires,AFIRMATIVO,afirmativo,A51022
HCDN2356,garrahan-emergencia-2025,5706,"Arroyo, Daniel",Buenos Aires,AFIRMATIVO,afirmativo,A51073
HCDN2899,garrahan-emergencia-2025,5706,"Vargas Matyi, Brenda",Buenos Aires,AFIRMATIVO,afirmativo,REC14
HCDN2950,garrahan-emergencia-2025,5706,"Iparraguirre, Rogelio",Buenos Aires,AFIRMATIVO,afirmativo,REC15
HCDN2951,garrahan-emergencia-2025,5706,"Santilli, Diego",Buenos Aires,NEGATIVO,negativo,REC16
HCDN2896,garrahan-emergencia-2025,5706,"Tolosa Paz, Victoria",Buenos Aires,AFIRMATIVO,afirmativo,REC17
HCDN2926,garrahan-emergencia-2025,5706,"Gollan, Daniel",Buenos Aires,AFIRMATIVO,afirmativo,REC18
HCDN1460,garrahan-emergencia-2025,5706,"Passo, Marcela Fabiana",Buenos Aires,AFIRMATIVO,afirmativo,A50912
HCDN2904,garrahan-emergencia-2025,5706,"Palazzo, Sergio Omar",Buenos Aires,AFIRMATIVO,afirmativo,REC19
HCDN2905,garrahan-emergencia-2025,5706,"Propato, Agustina Lucrecia",Buenos Aires,AFIRMATIVO,afirmativo,REC20
HCDN2908,garrahan-emergencia-2025,5706,"Manes, Facundo",Buenos Aires,AFIRMATIVO,afirmativo,REC22
HCDN2895,garrahan-emergencia-2025,5706,"Tavela, Danya",Buenos Aires,AFIRMATIVO,afirmativo,REC23
HCDN1192,garrahan-emergencia-2025,5706,"Milman, Gerardo",Buenos Aires,NEGATIVO,negativo,A4769
HCDN2914,garrahan-emergencia-2025,5706,"Sotolano, Maria",Buenos Aires,AUSENTE,ausente,REC24
HCDN1440,garrahan-emergencia-2025,5706,"Monzo, Emilio",Buenos Aires,AFIRMATIVO,afirmativo,A50901
HCDN2881,garrahan-emergencia-2025,5706,"Besana, Gabriela",Buenos Aires,AUSENTE,ausente,REC25
HCDN2942,garrahan-emergencia-2025,5706,"De Loredo, Rodrigo",Cordoba,AFIRMATIVO,afirmativo,REC26
vote-rodriguez-machado-laura,garrahan-emergencia-2025,5706,"Rodriguez Machado, Laura",,NEGATIVO,negativo,REC27
HCDN2956,garrahan-emergencia-2025,5706,"Brouwer de Koning, Gabriela",Cordoba,AFIRMATIVO,afirmativo,REC29
HCDN2928,garrahan-emergencia-2025,5706,"De la Sota, Natalia",Cordoba,AFIRMATIVO,afirmativo,REC30
HCDN2910,garrahan-emergencia-2025,5706,"Garcia Aresca, Ignacio",Cordoba,AFIRMATIVO,afirmativo,REC31
HCDN2919,garrahan-emergencia-2025,5706,"Chumpitaz, Gabriel Felipe",Santa Fe,NEGATIVO,negativo,REC32
HCDN2738,garrahan-emergencia-2025,5706,"Mirabella, Roberto",Santa Fe,AFIRMATIVO,afirmativo,REC33
HCDN2948,garrahan-emergencia-2025,5706,"Mastaler, Magali",Santa Fe,AFIRMATIVO,afirmativo,REC34
HCDN2889,garrahan-emergencia-2025,5706,"Toniolli, Eduardo",Santa Fe,AFIRMATIVO,afirmativo,REC35
HCDN2891,garrahan-emergencia-2025,5706,"Fein, Monica",Santa Fe,AFIRMATIVO,afirmativo,A4629
HCDN2959,garrahan-emergencia-2025,5706,"Aguirre, Manuel Ignacio",Corrientes,AUSENTE,ausente,REC37
HCDN2893,garrahan-emergencia-2025,5706,"Antola, Marcela",Entre Rios,AFIRMATIVO,afirmativo,REC38
HCDN2923,garrahan-emergencia-2025,5706,"Carbajal, Fernando",Formosa,AFIRMATIVO,afirmativo,REC41
HCDN2911,garrahan-emergencia-2025,5706,"Chaher, Leila",Jujuy,AFIRMATIVO,afirmativo,REC42
HCDN2935,garrahan-emergencia-2025,5706,"Vilca, Alejandro",Jujuy,AFIRMATIVO,afirmativo,REC43
HCDN2894,garrahan-emergencia-2025,5706,"Coli, Marcela",La Pampa,AFIRMATIVO,afirmativo,REC45
HCDN2944,garrahan-emergencia-2025,5706,"Marin, Varinia Lis",La Pampa,AFIRMATIVO,afirmativo,REC46
HCDN2902,garrahan-emergencia-2025,5706,"Pedrali, Gabriela",La Rioja,AFIRMATIVO,afirmativo,REC47
HCDN2949,garrahan-emergencia-2025,5706,"Herrera, Ricardo",La Rioja,AFIRMATIVO,afirmativo,REC48
HCDN2922,garrahan-emergencia-2025,5706,"Paponet, Liliana",Mendoza,AFIRMATIVO,afirmativo,REC49
HCDN1066,garrahan-emergencia-2025,5706,"Cobos, Julio",Mendoza,AFIRMATIVO,afirmativo,A50843
HCDN1555,garrahan-emergencia-2025,5706,"Verasay, Pamela Fernanda",Mendoza,AUSENTE,ausente,REC50
HCDN2938,garrahan-emergencia-2025,5706,"Martinez, Alvaro",Mendoza,NEGATIVO,negativo,REC51
HCDN2985,garrahan-emergencia-2025,5706,"Fernandez, Carlos Alberto",Misiones,AUSENTE,ausente,REC52
HCDN2934,garrahan-emergencia-2025,5706,"Arjol, Martin",Misiones,NEGATIVO,negativo,REC53
HCDN2941,garrahan-emergencia-2025,5706,"Klipauka Lewtak, Florencia",Misiones,NEGATIVO,negativo,REC54
HCDN2907,garrahan-emergencia-2025,5706,"Bertoldi, Tanya",Neuquen,AFIRMATIVO,afirmativo,REC56
HCDN2930,garrahan-emergencia-2025,5706,"Cervi, Pablo",Neuquen,NEGATIVO,negativo,REC57
HCDN2954,garrahan-emergencia-2025,5706,"Domingo, Agustin",Rio Negro,AUSENTE,ausente,REC58
HCDN2924,garrahan-emergencia-2025,5706,"Tortoriello, Anibal",Rio Negro,NEGATIVO,negativo,REC59
HCDN2900,garrahan-emergencia-2025,5706,"Zapata, Carlos Raul",Salta,NEGATIVO,negativo,REC60
HCDN2884,garrahan-emergencia-2025,5706,"Estrada, Emiliano",Salta,AFIRMATIVO,afirmativo,REC61
HCDN2946,garrahan-emergencia-2025,5706,"Calletti, Pamela",Salta,AFIRMATIVO,afirmativo,REC62
HCDN2921,garrahan-emergencia-2025,5706,"Aubone, Ana Fabiola",San Juan,AFIRMATIVO,afirmativo,REC64
HCDN2917,garrahan-emergencia-2025,5706,"Bermejo, Adolfo",Mendoza,AFIRMATIVO,afirmativo,REC65
HCDN2979,garrahan-emergencia-2025,5706,"Gonzalez, Gustavo Carlos Miguel",Santa Cruz,AUSENTE,ausente,REC68
HCDN2906,garrahan-emergencia-2025,5706,"Barletta, Mario",Santa Fe,AFIRMATIVO,afirmativo,A50864
HCDN2888,garrahan-emergencia-2025,5706,"Figueroa Casas, Germana",Santa Fe,NEGATIVO,negativo,REC70
HCDN2916,garrahan-emergencia-2025,5706,"Ajmechet, Sabrina",CABA,NEGATIVO,negativo,REC71
HCDN1356,garrahan-emergencia-2025,5706,"Pedrini, Juan Manuel",Chaco,AFIRMATIVO,afirmativo,A50816
HCDN2885,garrahan-emergencia-2025,5706,"Chomiak, Maria Luisa",Chaco,AFIRMATIVO,afirmativo,REC72
HCDN2929,garrahan-emergencia-2025,5706,"Polini, Juan Carlos",Chaco,AFIRMATIVO,afirmativo,REC73
HCDN2945,garrahan-emergencia-2025,5706,"Quiroz, Marilu",Chaco,ABSTENCION,abstencion,REC74
HCDN2952,garrahan-emergencia-2025,5706,"Romero, Ana Clara",Chubut,ABSTENCION,abstencion,REC75
HCDN2912,garrahan-emergencia-2025,5706,"Alianiello, Eugenia",Chubut,AFIRMATIVO,afirmativo,REC76
HCDN2927,garrahan-emergencia-2025,5706,"Monti, Francisco",Catamarca,NEGATIVO,negativo,REC77
HCDN2887,garrahan-emergencia-2025,5706,"Sanchez, Roberto Antonio",Tucuman,AFIRMATIVO,afirmativo,REC78
HCDN2909,garrahan-emergencia-2025,5706,"Omodeo, Paula",Tucuman,AUSENTE,ausente,REC79
HCDN2903,garrahan-emergencia-2025,5706,"Fernandez, Agustin",Tucuman,AFIRMATIVO,afirmativo,REC81
HCDN1042,garrahan-emergencia-2025,5706,"Randazzo, Florencio",Buenos Aires,AFIRMATIVO,afirmativo,REC82
HCDN2947,garrahan-emergencia-2025,5706,"Bachey, Karina Ethel",San Luis,AUSENTE,ausente,REC83
HCDN2886,garrahan-emergencia-2025,5706,"Ledesma, Tomas",Entre Rios,AFIRMATIVO,afirmativo,REC84
HCDN2976,garrahan-emergencia-2025,5706,"Zaracho, Natalia",Buenos Aires,AFIRMATIVO,afirmativo,REC101
HCDN3008,garrahan-emergencia-2025,5706,"Moran, Micaela",Buenos Aires,AFIRMATIVO,afirmativo,REC1937
HCDN3039,garrahan-emergencia-2025,5706,"Santillan Juarez Brahim, Juliana",Buenos Aires,NEGATIVO,negativo,REC1954
HCDN3102,garrahan-emergencia-2025,5706,"Treffinger, Cesar",Chubut,NEGATIVO,negativo,REC1955
HCDN3063,garrahan-emergencia-2025,5706,"Marquez, Nadia",Neuquen,NEGATIVO,negativo,REC1956
HCDN3032,garrahan-emergencia-2025,5706,"Arabia, Damian",CABA,NEGATIVO,negativo,REC1957
HCDN3060,garrahan-emergencia-2025,5706,"D'alessandro, Carlos",San Luis,NEGATIVO,negativo,REC1958
HCDN3083,garrahan-emergencia-2025,5706,"Todero, Pablo",Neuquen,AFIRMATIVO,afirmativo,REC1959
HCDN3078,garrahan-emergencia-2025,5706,"Potenza, Luciana",Buenos Aires,AFIRMATIVO,afirmativo,REC1960
HCDN3034,garrahan-emergencia-2025,5706,"Coletta, Mariela",CABA,AFIRMATIVO,afirmativo,REC1961
HCDN3099,garrahan-emergencia-2025,5706,"Garrido, Jose Luis",Santa Cruz,AFIRMATIVO,afirmativo,REC1962
HCDN3080,garrahan-emergencia-2025,5706,"Capozzi, Sergio Eduardo",Rio Negro,AUSENTE,ausente,REC1963
HCDN3057,garrahan-emergencia-2025,5706,"Fernandez Molero, Daiana",CABA,NEGATIVO,negativo,REC1964
HCDN1272,garrahan-emergencia-2025,5706,"Ianni, Ana Maria",Santa Cruz,AFIRMATIVO,afirmativo,A50751
HCDN0022,garrahan-emergencia-2025,5706,"Pichetto, Miguel Angel",Buenos Aires,AFIRMATIVO,afirmativo,REC1965
HCDN3043,garrahan-emergencia-2025,5706,"Giudici, Silvana",CABA,NEGATIVO,negativo,A4356
HCDN3088,garrahan-emergencia-2025,5706,"Bonacci, Rocio",Santa Fe,NEGATIVO,negativo,REC1966
HCDN3091,garrahan-emergencia-2025,5706,"Villaverde, Lorena",Rio Negro,NEGATIVO,negativo,REC1967
HCDN3061,garrahan-emergencia-2025,5706,"Pagano, Marcela Marina",Buenos Aires,AUSENTE,ausente,REC1968
HCDN3089,garrahan-emergencia-2025,5706,"Falcone, Eduardo",Buenos Aires,AUSENTE,ausente,REC1969
HCDN3047,garrahan-emergencia-2025,5706,"Araujo Hernandez, Jorge Neri",Tierra Del Fuego,AFIRMATIVO,afirmativo,REC1970
HCDN3068,garrahan-emergencia-2025,5706,"Juliano, Pablo",Buenos Aires,AFIRMATIVO,afirmativo,REC1972
HCDN3087,garrahan-emergencia-2025,5706,"Freites, Andrea",Tierra Del Fuego,AFIRMATIVO,afirmativo,REC1973
HCDN3048,garrahan-emergencia-2025,5706,"Bongiovanni, Alejandro",Santa Fe,NEGATIVO,negativo,REC1974
HCDN3075,garrahan-emergencia-2025,5706,"Macyszyn, Lorena",Buenos Aires,NEGATIVO,negativo,REC1975
HCDN3045,garrahan-emergencia-2025,5706,"Monzon, Roxana",Buenos Aires,AFIRMATIVO,afirmativo,REC1976
HCDN3105,garrahan-emergencia-2025,5706,"Pauli, Santiago",Tierra Del Fuego,NEGATIVO,negativo,REC1978
HCDN3090,garrahan-emergencia-2025,5706,"Carignano, Florencia",Santa Fe,AFIRMATIVO,afirmativo,REC1979
HCDN3095,garrahan-emergencia-2025,5706,"Montenegro, Guillermo",Buenos Aires,NEGATIVO,negativo,REC1980
HCDN3101,garrahan-emergencia-2025,5706,"De Sensi, Maria Florencia",Buenos Aires,NEGATIVO,negativo,REC2039
HCDN3139,garrahan-emergencia-2025,5706,"Ferreyra, Alida",CABA,NEGATIVO,negativo,REC2046
HCDN3142,garrahan-emergencia-2025,5706,"Tournier, Jose Federico",Corrientes,AUSENTE,ausente,REC2048
HCDN3148,garrahan-emergencia-2025,5706,"Sanchez Wrba, Javier",Buenos Aires,NEGATIVO,negativo,REC2052
HCDN3149,garrahan-emergencia-2025,5706,"Ripoll, Vilma",Buenos Aires,AFIRMATIVO,afirmativo,REC2053
HCDN3150,garrahan-emergencia-2025,5706,"De Mendieta, Mercedes",CABA,AFIRMATIVO,afirmativo,REC2054
HCDN3026,garrahan-emergencia-2025,5706,"Giorgi, Melina",Santa Fe,AFIRMATIVO,afirmativo,REC2040
HCDN3024,garrahan-emergencia-2025,5706,"Emma, Nicolas",CABA,NEGATIVO,negativo,REC2042
vote-acevedo-sergio-edgardo,garrahan-emergencia-2025,5706,"Acevedo, Sergio Edgardo",,AFIRMATIVO,afirmativo,REC2043
HCDN3025,garrahan-emergencia-2025,5706,"Llancafilo, Osvaldo",Neuquen,AFIRMATIVO,afirmativo,REC2044
HCDN3016,garrahan-emergencia-2025,5706,"Sarapura, Natalia Silvina",Jujuy,AFIRMATIVO,afirmativo,REC1944
HCDN3052,garrahan-emergencia-2025,5706,"Avila, Fernanda",Catamarca,AFIRMATIVO,afirmativo,REC1981
HCDN3086,garrahan-emergencia-2025,5706,"Yeza, Martin",Buenos Aires,NEGATIVO,negativo,REC1982
HCDN3059,garrahan-emergencia-2025,5706,"Arrieta, Lourdes Micaela",Mendoza,AFIRMATIVO,afirmativo,REC1983
HCDN1456,garrahan-emergencia-2025,5706,"Volnovich, Luana",Buenos Aires,AFIRMATIVO,afirmativo,A50899
HCDN3103,garrahan-emergencia-2025,5706,"Moreno Ovalle, Julio",Salta,NEGATIVO,negativo,REC1984
HCDN3028,garrahan-emergencia-2025,5706,"Aveiro, Martin",Mendoza,AFIRMATIVO,afirmativo,REC1985
HCDN3037,garrahan-emergencia-2025,5706,"Vasquez, Patricia",Buenos Aires,NEGATIVO,negativo,REC1986
HCDN3096,garrahan-emergencia-2025,5706,"Orozco, Emilia",Salta,NEGATIVO,negativo,REC1987
HCDN3064,garrahan-emergencia-2025,5706,"Benegas Lynch, Bertie",Buenos Aires,NEGATIVO,negativo,REC1988
HCDN3076,garrahan-emergencia-2025,5706,"Noblega, Sebastian",Catamarca,AFIRMATIVO,afirmativo,REC1989
HCDN3072,garrahan-emergencia-2025,5706,"Correa Llano, Facundo",Mendoza,NEGATIVO,negativo,REC1990
HCDN3100,garrahan-emergencia-2025,5706,"Outes, Pablo",Salta,AFIRMATIVO,afirmativo,REC1991
HCDN3070,garrahan-emergencia-2025,5706,"Llano, Mercedes",Mendoza,NEGATIVO,negativo,REC1992
HCDN3106,garrahan-emergencia-2025,5706,"Garcia, Carlos",Chaco,NEGATIVO,negativo,REC1993
HCDN3084,garrahan-emergencia-2025,5706,"Lemoine, Lilia",Buenos Aires,NEGATIVO,negativo,REC1994
HCDN3033,garrahan-emergencia-2025,5706,"Strada, Julia",Buenos Aires,AFIRMATIVO,afirmativo,REC1995
HCDN3030,garrahan-emergencia-2025,5706,"Arrua, Alberto",Misiones,AUSENTE,ausente,REC1996
HCDN3038,garrahan-emergencia-2025,5706,"Vega, Yolanda",Salta,AFIRMATIVO,afirmativo,REC1997
HCDN3054,garrahan-emergencia-2025,5706,"Selva, Sabrina",Buenos Aires,AFIRMATIVO,afirmativo,REC1998
HCDN3079,garrahan-emergencia-2025,5706,"Bianchetti, Emmanuel",Misiones,NEGATIVO,negativo,REC1999
HCDN3094,garrahan-emergencia-2025,5706,"Avila, Jorge Antonio",Chubut,ABSTENCION,abstencion,REC2000
HCDN3085,garrahan-emergencia-2025,5706,"Chica, Jorge",San Juan,AFIRMATIVO,afirmativo,REC2001
HCDN1454,garrahan-emergencia-2025,5706,"Castagneto, Carlos Daniel",Buenos Aires,AFIRMATIVO,afirmativo,A50896
HCDN3040,garrahan-emergencia-2025,5706,"Peluc, Jose",San Juan,NEGATIVO,negativo,REC2002
HCDN3065,garrahan-emergencia-2025,5706,"Santurio, Santiago",Buenos Aires,NEGATIVO,negativo,REC2003
HCDN3053,garrahan-emergencia-2025,5706,"Glinski, Jose",Chubut,AFIRMATIVO,afirmativo,REC2004
HCDN3036,garrahan-emergencia-2025,5706,"Ruiz, Yamila",Misiones,AUSENTE,ausente,REC2005
HCDN3050,garrahan-emergencia-2025,5706,"Picon Martinez, Nancy Viviana",San Juan,AFIRMATIVO,afirmativo,REC2006
HCDN3066,garrahan-emergencia-2025,5706,"Castillo, Christian",Buenos Aires,AFIRMATIVO,afirmativo,REC2007
HCDN3031,garrahan-emergencia-2025,5706,"Vancsik, Daniel",Misiones,AUSENTE,ausente,REC2008
HCDN3140,garrahan-emergencia-2025,5706,"Ali, Ernesto Pipi",San Luis,AFIRMATIVO,afirmativo,REC2009
HCDN3081,garrahan-emergencia-2025,5706,"Manrique, Mario",Buenos Aires,AFIRMATIVO,afirmativo,REC2010
HCDN3082,garrahan-emergencia-2025,5706,"Pokoik, Lorena",CABA,AFIRMATIVO,afirmativo,REC2011
HCDN3041,garrahan-emergencia-2025,5706,"Diez, Romina",Santa Fe,NEGATIVO,negativo,REC2012
HCDN3044,garrahan-emergencia-2025,5706,"Campero, Mariano",Tucuman,AUSENTE,ausente,REC2013
HCDN1512,garrahan-emergencia-2025,5706,"Massot, Nicolas",Buenos Aires,AFIRMATIVO,afirmativo,A50934
HCDN3074,garrahan-emergencia-2025,5706,"Giuliano, Diego A.",Santa Fe,AFIRMATIVO,afirmativo,REC2014
HCDN3111,garrahan-emergencia-2025,5706,"Benedit, Beltran",Entre Rios,NEGATIVO,negativo,REC2015
HCDN3073,garrahan-emergencia-2025,5706,"Zago, Oscar",CABA,AUSENTE,ausente,REC2016
HCDN3071,garrahan-emergencia-2025,5706,"Mayoraz, Nicolas",Santa Fe,NEGATIVO,negativo,REC2017
HCDN3056,garrahan-emergencia-2025,5706,"Molle, Matias",Buenos Aires,AFIRMATIVO,afirmativo,REC2018
HCDN3108,garrahan-emergencia-2025,5706,"Paulon, Esteban",Santa Fe,AFIRMATIVO,afirmativo,REC2019
HCDN3035,garrahan-emergencia-2025,5706,"Bordet, Gustavo",Entre Rios,AFIRMATIVO,afirmativo,REC2020
HCDN3058,garrahan-emergencia-2025,5706,"Avico, Belen",Cordoba,NEGATIVO,negativo,REC2021
HCDN3110,garrahan-emergencia-2025,5706,"Razzini, Veronica",Santa Fe,AUSENTE,ausente,REC2022
HCDN3107,garrahan-emergencia-2025,5706,"Menem, Martin",La Rioja,PRESIDENTE,presidente,REC2023
HCDN3042,garrahan-emergencia-2025,5706,"Bornoroni, Gabriel",Cordoba,NEGATIVO,negativo,REC2024
HCDN3093,garrahan-emergencia-2025,5706,"Campitelli, Celia",Santiago Del Estero,AFIRMATIVO,afirmativo,REC2025
HCDN3046,garrahan-emergencia-2025,5706,"Morchio, Francisco",Entre Rios,AUSENTE,ausente,REC2026
HCDN3062,garrahan-emergencia-2025,5706,"Gomez, Jose",Santiago Del Estero,AUSENTE,ausente,REC2027
HCDN1240,garrahan-emergencia-2025,5706,"Basterra, Luis Eugenio",Formosa,AFIRMATIVO,afirmativo,A50726
HCDN1577,garrahan-emergencia-2025,5706,"Brügge, Juan Fernando",Cordoba,AFIRMATIVO,afirmativo,A51013
HCDN3098,garrahan-emergencia-2025,5706,"Huesen, Gerardo",Tucuman,NEGATIVO,negativo,REC2028
HCDN3049,garrahan-emergencia-2025,5706,"Ardohain, Martin",La Pampa,NEGATIVO,negativo,REC2029
HCDN3055,garrahan-emergencia-2025,5706,"Gonzalez, Gerardo Gustavo",Formosa,NEGATIVO,negativo,REC2030
HCDN3092,garrahan-emergencia-2025,5706,"Ibañez, Maria Cecilia",Cordoba,NEGATIVO,negativo,REC2031
HCDN3051,garrahan-emergencia-2025,5706,"Picat, Luis Albino",Cordoba,NEGATIVO,negativo,REC2032
HCDN3097,garrahan-emergencia-2025,5706,"Quintar, Manuel",Jujuy,NEGATIVO,negativo,REC2033
HCDN3069,garrahan-emergencia-2025,5706,"Ponce, Maria Celeste",Cordoba,NEGATIVO,negativo,REC2034
HCDN3029,garrahan-emergencia-2025,5706,"Almiron, Lisandro",Corrientes,NEGATIVO,negativo,REC2035
HCDN3109,garrahan-emergencia-2025,5706,"Torres, Alejandra",Cordoba,AFIRMATIVO,afirmativo,REC2036
HCDN3077,garrahan-emergencia-2025,5706,"Zulli, Christian Alejandro",Corrientes,AFIRMATIVO,afirmativo,REC2038
HCDN3018,garrahan-emergencia-2025,5706,"Agost Carreño, Oscar",Cordoba,AFIRMATIVO,afirmativo,REC1948
HCDN3020,garrahan-emergencia-2025,5706,"Fernandez, Elia Marina",Tucuman,AFIRMATIVO,afirmativo,REC1951
HCDN3022,garrahan-emergencia-2025,5706,"Arancibia Rodriguez, Alberto Gustavo",San Luis,NEGATIVO,negativo,REC1952
HCDN3104,garrahan-emergencia-2025,5706,"Moreno, Maria de los Angeles",San Juan,AUSENTE,ausente,REC2041
HCDN3023,garrahan-emergencia-2025,5706,"Araujo, Maria Fernanda",CABA,NEGATIVO,negativo,REC2045
HCDN3143,garrahan-emergencia-2025,5706,"Ballejos, Nancy",Entre Rios,NEGATIVO,negativo,REC2049
HCDN3146,garrahan-emergencia-2025,5706,"Garramuño, Ricardo",Tierra Del Fuego,NEGATIVO,negativo,REC2050
HCDN3018,veto-garrahan-2025,5762,"Agost Carreño, Oscar",Cordoba,AFIRMATIVO,afirmativo,REC1948
HCDN0972,veto-garrahan-2025,5762,"Aguirre, Hilda",La Rioja,AFIRMATIVO,afirmativo,A4608
HCDN2959,veto-garrahan-2025,5762,"Aguirre, Manuel Ignacio",Corrientes,AFIRMATIVO,afirmativo,REC37
HCDN2916,veto-garrahan-2025,5762,"Ajmechet, Sabrina",CABA,NEGATIVO,negativo,REC71
HCDN3140,veto-garrahan-2025,5762,"Ali, Ernesto Pipi",San Luis,AFIRMATIVO,afirmativo,REC2009
HCDN2912,veto-garrahan-2025,5762,"Alianiello, Eugenia",Chubut,AFIRMATIVO,afirmativo,REC76
HCDN2350,veto-garrahan-2025,5762,"Allende, Walberto",San Juan,AFIRMATIVO,afirmativo,A51078
HCDN3029,veto-garrahan-2025,5762,"Almiron, Lisandro",Corrientes,NEGATIVO,negativo,REC2035
HCDN2937,veto-garrahan-2025,5762,"Alonso, Constanza Maria",Buenos Aires,AFIRMATIVO,afirmativo,REC12
HCDN2354,veto-garrahan-2025,5762,"Ansaloni, Pablo",Buenos Aires,NEGATIVO,negativo,A51049
HCDN2893,veto-garrahan-2025,5762,"Antola, Marcela",Entre Rios,AFIRMATIVO,afirmativo,REC38
HCDN3032,veto-garrahan-2025,5762,"Arabia, Damian",CABA,NEGATIVO,negativo,REC1957
HCDN3022,veto-garrahan-2025,5762,"Arancibia Rodriguez, Alberto Gustavo",San Luis,AUSENTE,ausente,REC1952
HCDN3023,veto-garrahan-2025,5762,"Araujo, Maria Fernanda",CABA,NEGATIVO,negativo,REC2045
HCDN3047,veto-garrahan-2025,5762,"Araujo Hernandez, Jorge Neri",Tierra Del Fuego,AFIRMATIVO,afirmativo,REC1970
HCDN3049,veto-garrahan-2025,5762,"Ardohain, Martin",La Pampa,NEGATIVO,negativo,REC2029
HCDN2934,veto-garrahan-2025,5762,"Arjol, Martin",Misiones,NEGATIVO,negativo,REC53
HCDN3059,veto-garrahan-2025,5762,"Arrieta, Lourdes Micaela",Mendoza,AFIRMATIVO,afirmativo,REC1983
HCDN2356,veto-garrahan-2025,5762,"Arroyo, Daniel",Buenos Aires,AFIRMATIVO,afirmativo,A51073
HCDN3030,veto-garrahan-2025,5762,"Arrua, Alberto",Misiones,AFIRMATIVO,afirmativo,REC1996
HCDN2921,veto-garrahan-2025,5762,"Aubone, Ana Fabiola",San Juan,AFIRMATIVO,afirmativo,REC64
HCDN3028,veto-garrahan-2025,5762,"Aveiro, Martin",Mendoza,AFIRMATIVO,afirmativo,REC1985
HCDN3058,veto-garrahan-2025,5762,"Avico, Belen",Cordoba,AUSENTE,ausente,REC2021
HCDN3094,veto-garrahan-2025,5762,"Avila, Jorge Antonio",Chubut,AFIRMATIVO,afirmativo,REC2000
HCDN3052,veto-garrahan-2025,5762,"Avila, Fernanda",Catamarca,AUSENTE,ausente,REC1981
HCDN2947,veto-garrahan-2025,5762,"Bachey, Karina Ethel",San Luis,ABSTENCION,abstencion,REC83
HCDN1364,veto-garrahan-2025,5762,"Baldassi, Hector W.",Cordoba,AFIRMATIVO,afirmativo,A50820
HCDN3143,veto-garrahan-2025,5762,"Ballejos, Nancy",Entre Rios,NEGATIVO,negativo,REC2049
HCDN1447,veto-garrahan-2025,5762,"Banfi, Karina",Buenos Aires,AFIRMATIVO,afirmativo,A50906
HCDN2906,veto-garrahan-2025,5762,"Barletta, Mario",Santa Fe,AFIRMATIVO,afirmativo,A50864
HCDN1240,veto-garrahan-2025,5762,"Basterra, Luis Eugenio",Formosa,AFIRMATIVO,afirmativo,A50726
HCDN1148,veto-garrahan-2025,5762,"Benedetti, Atilio",Entre Rios,AFIRMATIVO,afirmativo,A4774
HCDN3111,veto-garrahan-2025,5762,"Benedit, Beltran",Entre Rios,NEGATIVO,negativo,REC2015
HCDN3064,veto-garrahan-2025,5762,"Benegas Lynch, Bertie",Buenos Aires,NEGATIVO,negativo,REC1988
HCDN2917,veto-garrahan-2025,5762,"Bermejo, Adolfo",Mendoza,AFIRMATIVO,afirmativo,REC65
HCDN2907,veto-garrahan-2025,5762,"Bertoldi, Tanya",Neuquen,AFIRMATIVO,afirmativo,REC56
HCDN2881,veto-garrahan-2025,5762,"Besana, Gabriela",Buenos Aires,AFIRMATIVO,afirmativo,REC25
HCDN3079,veto-garrahan-2025,5762,"Bianchetti, Emmanuel",Misiones,AFIRMATIVO,afirmativo,REC1999
HCDN3088,veto-garrahan-2025,5762,"Bonacci, Rocio",Santa Fe,AUSENTE,ausente,REC1966
HCDN3048,veto-garrahan-2025,5762,"Bongiovanni, Alejandro",Santa Fe,NEGATIVO,negativo,REC1974
HCDN3035,veto-garrahan-2025,5762,"Bordet, Gustavo",Entre Rios,AFIRMATIVO,afirmativo,REC2020
HCDN3042,veto-garrahan-2025,5762,"Bornoroni, Gabriel",Cordoba,NEGATIVO,negativo,REC2024
HCDN2913,veto-garrahan-2025,5762,"Borrego, Victoria",Buenos Aires,AFIRMATIVO,afirmativo,REC3
HCDN2361,veto-garrahan-2025,5762,"Brambilla, Sofia",Corrientes,AFIRMATIVO,afirmativo,A51039
HCDN2956,veto-garrahan-2025,5762,"Brouwer de Koning, Gabriela",Cordoba,AFIRMATIVO,afirmativo,REC29
HCDN1577,veto-garrahan-2025,5762,"Brügge, Juan Fernando",Cordoba,AFIRMATIVO,afirmativo,A51013
HCDN2831,veto-garrahan-2025,5762,"Cafiero, Santiago",Buenos Aires,AFIRMATIVO,afirmativo,REC1953
HCDN2946,veto-garrahan-2025,5762,"Calletti, Pamela",Salta,AFIRMATIVO,afirmativo,REC62
HCDN2362,veto-garrahan-2025,5762,"Campagnoli, Marcela",Buenos Aires,AFIRMATIVO,afirmativo,A51061
HCDN3044,veto-garrahan-2025,5762,"Campero, Mariano",Tucuman,AFIRMATIVO,afirmativo,REC2013
HCDN3093,veto-garrahan-2025,5762,"Campitelli, Celia",Santiago Del Estero,AFIRMATIVO,afirmativo,REC2025
HCDN3080,veto-garrahan-2025,5762,"Capozzi, Sergio Eduardo",Rio Negro,AUSENTE,ausente,REC1963
HCDN2923,veto-garrahan-2025,5762,"Carbajal, Fernando",Formosa,AUSENTE,ausente,REC41
HCDN3090,veto-garrahan-2025,5762,"Carignano, Florencia",Santa Fe,AFIRMATIVO,afirmativo,REC1979
HCDN1361,veto-garrahan-2025,5762,"Carrizo, Ana Carla",CABA,AFIRMATIVO,afirmativo,A50810
HCDN1365,veto-garrahan-2025,5762,"Carrizo, Soledad",Cordoba,AFIRMATIVO,afirmativo,A50821
HCDN2366,veto-garrahan-2025,5762,"Carro, Pablo",Cordoba,AFIRMATIVO,afirmativo,A51112
HCDN2780,veto-garrahan-2025,5762,"Casas, Sergio Guillermo",La Rioja,AFIRMATIVO,afirmativo,A51161
HCDN1454,veto-garrahan-2025,5762,"Castagneto, Carlos Daniel",Buenos Aires,AFIRMATIVO,afirmativo,A50896
HCDN3066,veto-garrahan-2025,5762,"Castillo, Christian",Buenos Aires,AFIRMATIVO,afirmativo,REC2007
HCDN2930,veto-garrahan-2025,5762,"Cervi, Pablo",Neuquen,NEGATIVO,negativo,REC57
HCDN2911,veto-garrahan-2025,5762,"Chaher, Leila",Jujuy,AFIRMATIVO,afirmativo,REC42
HCDN3085,veto-garrahan-2025,5762,"Chica, Jorge",San Juan,AFIRMATIVO,afirmativo,REC2001
HCDN2885,veto-garrahan-2025,5762,"Chomiak, Maria Luisa",Chaco,AFIRMATIVO,afirmativo,REC72
HCDN2919,veto-garrahan-2025,5762,"Chumpitaz, Gabriel Felipe",Santa Fe,AFIRMATIVO,afirmativo,REC32
HCDN2803,veto-garrahan-2025,5762,"Cipolini, Gerardo",Chaco,AUSENTE,ausente,A51196
HCDN2765,veto-garrahan-2025,5762,"Cisneros, Carlos",Tucuman,AFIRMATIVO,afirmativo,A51152
HCDN1066,veto-garrahan-2025,5762,"Cobos, Julio",Mendoza,AFIRMATIVO,afirmativo,A50843
HCDN3034,veto-garrahan-2025,5762,"Coletta, Mariela",CABA,AFIRMATIVO,afirmativo,REC1961
HCDN2894,veto-garrahan-2025,5762,"Coli, Marcela",La Pampa,AFIRMATIVO,afirmativo,REC45
HCDN3072,veto-garrahan-2025,5762,"Correa Llano, Facundo",Mendoza,NEGATIVO,negativo,REC1990
HCDN3060,veto-garrahan-2025,5762,"D'alessandro, Carlos",San Luis,AFIRMATIVO,afirmativo,REC1958
HCDN2822,veto-garrahan-2025,5762,"Daives, Ricardo",Santiago Del Estero,AFIRMATIVO,afirmativo,A51182
HCDN2928,veto-garrahan-2025,5762,"De la Sota, Natalia",Cordoba,AFIRMATIVO,afirmativo,REC30
HCDN2942,veto-garrahan-2025,5762,"De Loredo, Rodrigo",Cordoba,AFIRMATIVO,afirmativo,REC26
HCDN3150,veto-garrahan-2025,5762,"De Mendieta, Mercedes",CABA,AFIRMATIVO,afirmativo,REC2054
HCDN3101,veto-garrahan-2025,5762,"De Sensi, Maria Florencia",Buenos Aires,NEGATIVO,negativo,REC2039
HCDN3041,veto-garrahan-2025,5762,"Diez, Romina",Santa Fe,NEGATIVO,negativo,REC2012
HCDN2954,veto-garrahan-2025,5762,"Domingo, Agustin",Rio Negro,AFIRMATIVO,afirmativo,REC58
HCDN3024,veto-garrahan-2025,5762,"Emma, Nicolas",CABA,NEGATIVO,negativo,REC2042
HCDN2901,veto-garrahan-2025,5762,"Espert, Jose Luis",Buenos Aires,NEGATIVO,negativo,REC4
HCDN1514,veto-garrahan-2025,5762,"Estevez, Gabriela Beatriz",Cordoba,AFIRMATIVO,afirmativo,A50936
HCDN2884,veto-garrahan-2025,5762,"Estrada, Emiliano",Salta,AFIRMATIVO,afirmativo,REC61
HCDN3089,veto-garrahan-2025,5762,"Falcone, Eduardo",Buenos Aires,AFIRMATIVO,afirmativo,REC1969
HCDN2891,veto-garrahan-2025,5762,"Fein, Monica",Santa Fe,AFIRMATIVO,afirmativo,A4629
HCDN2985,veto-garrahan-2025,5762,"Fernandez, Carlos Alberto",Misiones,AFIRMATIVO,afirmativo,REC52
HCDN3020,veto-garrahan-2025,5762,"Fernandez, Elia Marina",Tucuman,AFIRMATIVO,afirmativo,REC1951
HCDN2903,veto-garrahan-2025,5762,"Fernandez, Agustin",Tucuman,AFIRMATIVO,afirmativo,REC81
HCDN3057,veto-garrahan-2025,5762,"Fernandez Molero, Daiana",CABA,NEGATIVO,negativo,REC1964
HCDN2376,veto-garrahan-2025,5762,"Fernandez Patri, Ramiro",Formosa,AFIRMATIVO,afirmativo,A51050
HCDN2787,veto-garrahan-2025,5762,"Ferraro, Maximiliano",CABA,AFIRMATIVO,afirmativo,A51181
HCDN3139,veto-garrahan-2025,5762,"Ferreyra, Alida",CABA,NEGATIVO,negativo,REC2046
HCDN2888,veto-garrahan-2025,5762,"Figueroa Casas, Germana",Santa Fe,AUSENTE,ausente,REC70
HCDN2955,veto-garrahan-2025,5762,"Finocchiaro, Alejandro",Buenos Aires,NEGATIVO,negativo,REC2
HCDN2810,veto-garrahan-2025,5762,"Frade, Monica",Buenos Aires,AFIRMATIVO,afirmativo,A51199
HCDN3087,veto-garrahan-2025,5762,"Freites, Andrea",Tierra Del Fuego,AFIRMATIVO,afirmativo,REC1973
HCDN1375,veto-garrahan-2025,5762,"Gaillard, Ana Carolina",Entre Rios,AFIRMATIVO,afirmativo,A50833
HCDN3106,veto-garrahan-2025,5762,"Garcia, Carlos",Chaco,NEGATIVO,negativo,REC1993
HCDN2910,veto-garrahan-2025,5762,"Garcia Aresca, Ignacio",Cordoba,AFIRMATIVO,afirmativo,REC31
HCDN3146,veto-garrahan-2025,5762,"Garramuño, Ricardo",Tierra Del Fuego,NEGATIVO,negativo,REC2050
HCDN3099,veto-garrahan-2025,5762,"Garrido, Jose Luis",Santa Cruz,AFIRMATIVO,afirmativo,REC1962
HCDN2382,veto-garrahan-2025,5762,"Ginocchio, Silvana Micaela",Catamarca,AFIRMATIVO,afirmativo,A51051
HCDN2278,veto-garrahan-2025,5762,"Giordano, Juan Carlos",Buenos Aires,AUSENTE,ausente,A51028
HCDN3026,veto-garrahan-2025,5762,"Giorgi, Melina",Santa Fe,AFIRMATIVO,afirmativo,REC2040
HCDN3043,veto-garrahan-2025,5762,"Giudici, Silvana",CABA,NEGATIVO,negativo,A4356
HCDN3074,veto-garrahan-2025,5762,"Giuliano, Diego A.",Santa Fe,AFIRMATIVO,afirmativo,REC2014
HCDN3053,veto-garrahan-2025,5762,"Glinski, Jose",Chubut,AFIRMATIVO,afirmativo,REC2004
HCDN2926,veto-garrahan-2025,5762,"Gollan, Daniel",Buenos Aires,AFIRMATIVO,afirmativo,REC18
HCDN3062,veto-garrahan-2025,5762,"Gomez, Jose",Santiago Del Estero,AUSENTE,ausente,REC2027
HCDN1466,veto-garrahan-2025,5762,"Gonzalez, Alvaro",CABA,AFIRMATIVO,afirmativo,A50919
HCDN2979,veto-garrahan-2025,5762,"Gonzalez, Gustavo Carlos Miguel",Santa Cruz,AFIRMATIVO,afirmativo,REC68
HCDN3055,veto-garrahan-2025,5762,"Gonzalez, Gerardo Gustavo",Formosa,AFIRMATIVO,afirmativo,REC2030
HCDN2768,veto-garrahan-2025,5762,"Gutierrez, Carlos",Cordoba,AFIRMATIVO,afirmativo,A51185
HCDN2775,veto-garrahan-2025,5762,"Gutierrez, Ramiro",Buenos Aires,AFIRMATIVO,afirmativo,A51201
HCDN2804,veto-garrahan-2025,5762,"Hagman, Itai",CABA,AFIRMATIVO,afirmativo,A51202
HCDN1180,veto-garrahan-2025,5762,"Heller, Carlos",CABA,AFIRMATIVO,afirmativo,A4763
HCDN2949,veto-garrahan-2025,5762,"Herrera, Ricardo",La Rioja,AFIRMATIVO,afirmativo,REC48
HCDN2445,veto-garrahan-2025,5762,"Herrera, Bernardo Jose",Santiago Del Estero,AFIRMATIVO,afirmativo,A51138
HCDN3098,veto-garrahan-2025,5762,"Huesen, Gerardo",Tucuman,NEGATIVO,negativo,REC2028
HCDN1272,veto-garrahan-2025,5762,"Ianni, Ana Maria",Santa Cruz,AFIRMATIVO,afirmativo,A50751
HCDN3092,veto-garrahan-2025,5762,"Ibañez, Maria Cecilia",Cordoba,NEGATIVO,negativo,REC2031
HCDN1031,veto-garrahan-2025,5762,"Iglesias, Fernando Adolfo",CABA,NEGATIVO,negativo,A4666
HCDN2950,veto-garrahan-2025,5762,"Iparraguirre, Rogelio",Buenos Aires,AFIRMATIVO,afirmativo,REC15
HCDN3068,veto-garrahan-2025,5762,"Juliano, Pablo",Buenos Aires,AFIRMATIVO,afirmativo,REC1972
HCDN1489,veto-garrahan-2025,5762,"Kirchner, Maximo Carlos",Buenos Aires,AFIRMATIVO,afirmativo,A50966
HCDN2941,veto-garrahan-2025,5762,"Klipauka Lewtak, Florencia",Misiones,AUSENTE,ausente,REC54
HCDN1433,veto-garrahan-2025,5762,"Laspina, Luciano Andres",Santa Fe,AUSENTE,ausente,A50884
HCDN2886,veto-garrahan-2025,5762,"Ledesma, Tomas",Entre Rios,AFIRMATIVO,afirmativo,REC84
HCDN2799,veto-garrahan-2025,5762,"Leiva, Aldo",Chaco,AFIRMATIVO,afirmativo,A51210
HCDN3084,veto-garrahan-2025,5762,"Lemoine, Lilia",Buenos Aires,NEGATIVO,negativo,REC1994
HCDN2936,veto-garrahan-2025,5762,"Litza, Monica",Buenos Aires,AFIRMATIVO,afirmativo,A51022
HCDN3025,veto-garrahan-2025,5762,"Llancafilo, Osvaldo",Neuquen,AFIRMATIVO,afirmativo,REC2044
HCDN3070,veto-garrahan-2025,5762,"Llano, Mercedes",Mendoza,NEGATIVO,negativo,REC1992
HCDN2401,veto-garrahan-2025,5762,"Lopez, Juan Manuel",Buenos Aires,AFIRMATIVO,afirmativo,A51044
HCDN2898,veto-garrahan-2025,5762,"Lopez Murphy, Ricardo Hipolito",CABA,AFIRMATIVO,afirmativo,REC11
HCDN2791,veto-garrahan-2025,5762,"Lopez Rodriguez, Dante",Catamarca,AFIRMATIVO,afirmativo,A51235
HCDN1439,veto-garrahan-2025,5762,"Lospennato, Silvia",Buenos Aires,AFIRMATIVO,afirmativo,A50900
HCDN2402,veto-garrahan-2025,5762,"Macha, Monica",Buenos Aires,AFIRMATIVO,afirmativo,A51094
HCDN3075,veto-garrahan-2025,5762,"Macyszyn, Lorena",Buenos Aires,NEGATIVO,negativo,REC1975
HCDN2908,veto-garrahan-2025,5762,"Manes, Facundo",Buenos Aires,AFIRMATIVO,afirmativo,REC22
HCDN3081,veto-garrahan-2025,5762,"Manrique, Mario",Buenos Aires,AFIRMATIVO,afirmativo,REC2010
HCDN1565,veto-garrahan-2025,5762,"Maquieyra, Martin",La Pampa,NEGATIVO,negativo,A51017
HCDN2944,veto-garrahan-2025,5762,"Marin, Varinia Lis",La Pampa,AFIRMATIVO,afirmativo,REC46
HCDN3007,veto-garrahan-2025,5762,"Marino, Juan",Buenos Aires,AFIRMATIVO,afirmativo,REC1936
HCDN3063,veto-garrahan-2025,5762,"Marquez, Nadia",Neuquen,NEGATIVO,negativo,REC1956
HCDN2938,veto-garrahan-2025,5762,"Martinez, Alvaro",Mendoza,NEGATIVO,negativo,REC51
HCDN2789,veto-garrahan-2025,5762,"Martinez, German Pedro",Santa Fe,AFIRMATIVO,afirmativo,A51215
HCDN2860,veto-garrahan-2025,5762,"Marziotta, Gisela",CABA,AFIRMATIVO,afirmativo,A51262
HCDN1512,veto-garrahan-2025,5762,"Massot, Nicolas",Buenos Aires,AFIRMATIVO,afirmativo,A50934
HCDN2948,veto-garrahan-2025,5762,"Mastaler, Magali",Santa Fe,AFIRMATIVO,afirmativo,REC34
HCDN3071,veto-garrahan-2025,5762,"Mayoraz, Nicolas",Santa Fe,NEGATIVO,negativo,REC2017
HCDN2392,veto-garrahan-2025,5762,"Medina, Gladys",Tucuman,AFIRMATIVO,afirmativo,A51113
HCDN3107,veto-garrahan-2025,5762,"Menem, Martin",La Rioja,NEGATIVO,negativo,REC2023
HCDN1192,veto-garrahan-2025,5762,"Milman, Gerardo",Buenos Aires,NEGATIVO,negativo,A4769
HCDN2738,veto-garrahan-2025,5762,"Mirabella, Roberto",Santa Fe,AFIRMATIVO,afirmativo,REC33
HCDN3056,veto-garrahan-2025,5762,"Molle, Matias",Buenos Aires,AFIRMATIVO,afirmativo,REC2018
HCDN3095,veto-garrahan-2025,5762,"Montenegro, Guillermo",Buenos Aires,NEGATIVO,negativo,REC1980
HCDN2927,veto-garrahan-2025,5762,"Monti, Francisco",Catamarca,NEGATIVO,negativo,REC77
HCDN2808,veto-garrahan-2025,5762,"Montoto, Maria Luisa",Santiago Del Estero,AFIRMATIVO,afirmativo,A51238
HCDN1440,veto-garrahan-2025,5762,"Monzo, Emilio",Buenos Aires,AFIRMATIVO,afirmativo,A50901
HCDN3045,veto-garrahan-2025,5762,"Monzon, Roxana",Buenos Aires,AFIRMATIVO,afirmativo,REC1976
HCDN3008,veto-garrahan-2025,5762,"Moran, Micaela",Buenos Aires,AFIRMATIVO,afirmativo,REC1937
HCDN3046,veto-garrahan-2025,5762,"Morchio, Francisco",Entre Rios,AUSENTE,ausente,REC2026
vote-moreau-leopoldo,veto-garrahan-2025,5762,"Moreau, Leopoldo",,AFIRMATIVO,afirmativo,A51098
HCDN1463,veto-garrahan-2025,5762,"Moreau, Cecilia",Buenos Aires,AFIRMATIVO,afirmativo,A50898
HCDN3104,veto-garrahan-2025,5762,"Moreno, Maria de los Angeles",San Juan,AFIRMATIVO,afirmativo,REC2041
HCDN3103,veto-garrahan-2025,5762,"Moreno Ovalle, Julio",Salta,NEGATIVO,negativo,REC1984
HCDN2980,veto-garrahan-2025,5762,"Moyano, Nilda",Santiago Del Estero,AFIRMATIVO,afirmativo,REC85
HCDN2340,veto-garrahan-2025,5762,"Neder, Estela Mary",Santiago Del Estero,AFIRMATIVO,afirmativo,A51059
HCDN2983,veto-garrahan-2025,5762,"Nieri, Lisandro",Mendoza,AUSENTE,ausente,REC86
HCDN3076,veto-garrahan-2025,5762,"Noblega, Sebastian",Catamarca,AFIRMATIVO,afirmativo,REC1989
HCDN1500,veto-garrahan-2025,5762,"Nuñez, Jose",Santa Fe,AFIRMATIVO,afirmativo,A50973
HCDN2400,veto-garrahan-2025,5762,"Oliveto Lago, Paula",CABA,AFIRMATIVO,afirmativo,A51115
HCDN2909,veto-garrahan-2025,5762,"Omodeo, Paula",Tucuman,AFIRMATIVO,afirmativo,REC79
HCDN3096,veto-garrahan-2025,5762,"Orozco, Emilia",Salta,NEGATIVO,negativo,REC1987
HCDN0633,veto-garrahan-2025,5762,"Osuna, Blanca Ines",Entre Rios,AFIRMATIVO,afirmativo,A51218
HCDN3100,veto-garrahan-2025,5762,"Outes, Pablo",Salta,AFIRMATIVO,afirmativo,REC1991
HCDN3061,veto-garrahan-2025,5762,"Pagano, Marcela Marina",Buenos Aires,AFIRMATIVO,afirmativo,REC1968
HCDN2904,veto-garrahan-2025,5762,"Palazzo, Sergio Omar",Buenos Aires,AFIRMATIVO,afirmativo,REC19
HCDN2922,veto-garrahan-2025,5762,"Paponet, Liliana",Mendoza,AFIRMATIVO,afirmativo,REC49
HCDN2784,veto-garrahan-2025,5762,"Parola, Maria Graciela",Formosa,AFIRMATIVO,afirmativo,A51173
HCDN1460,veto-garrahan-2025,5762,"Passo, Marcela Fabiana",Buenos Aires,AFIRMATIVO,afirmativo,A50912
HCDN3105,veto-garrahan-2025,5762,"Pauli, Santiago",Tierra Del Fuego,NEGATIVO,negativo,REC1978
HCDN3108,veto-garrahan-2025,5762,"Paulon, Esteban",Santa Fe,AFIRMATIVO,afirmativo,REC2019
HCDN2902,veto-garrahan-2025,5762,"Pedrali, Gabriela",La Rioja,AFIRMATIVO,afirmativo,REC47
HCDN1356,veto-garrahan-2025,5762,"Pedrini, Juan Manuel",Chaco,AFIRMATIVO,afirmativo,A50816
HCDN3040,veto-garrahan-2025,5762,"Peluc, Jose",San Juan,NEGATIVO,negativo,REC2002
HCDN2821,veto-garrahan-2025,5762,"Penacca, Paula Andrea",CABA,AFIRMATIVO,afirmativo,A51180
HCDN2915,veto-garrahan-2025,5762,"Pereyra, Julio",Buenos Aires,AFIRMATIVO,afirmativo,REC13
HCDN3051,veto-garrahan-2025,5762,"Picat, Luis Albino",Cordoba,NEGATIVO,negativo,REC2032
HCDN0022,veto-garrahan-2025,5762,"Pichetto, Miguel Angel",Buenos Aires,AFIRMATIVO,afirmativo,REC1965
HCDN3050,veto-garrahan-2025,5762,"Picon Martinez, Nancy Viviana",San Juan,AFIRMATIVO,afirmativo,REC2006
HCDN2940,veto-garrahan-2025,5762,"Piparo, Carolina",Buenos Aires,NEGATIVO,negativo,REC5
HCDN3082,veto-garrahan-2025,5762,"Pokoik, Lorena",CABA,AFIRMATIVO,afirmativo,REC2011
HCDN2929,veto-garrahan-2025,5762,"Polini, Juan Carlos",Chaco,AFIRMATIVO,afirmativo,REC73
HCDN3069,veto-garrahan-2025,5762,"Ponce, Maria Celeste",Cordoba,NEGATIVO,negativo,REC2034
HCDN3078,veto-garrahan-2025,5762,"Potenza, Luciana",Buenos Aires,AFIRMATIVO,afirmativo,REC1960
vote-prades-carlos-facundo,veto-garrahan-2025,5762,"Prades, Carlos Facundo",,AFIRMATIVO,afirmativo,REC2055
HCDN2905,veto-garrahan-2025,5762,"Propato, Agustina Lucrecia",Buenos Aires,AFIRMATIVO,afirmativo,REC20
HCDN2406,veto-garrahan-2025,5762,"Quetglas, Fabio Jose",Buenos Aires,AFIRMATIVO,afirmativo,A51096
HCDN3097,veto-garrahan-2025,5762,"Quintar, Manuel",Jujuy,NEGATIVO,negativo,REC2033
HCDN2945,veto-garrahan-2025,5762,"Quiroz, Marilu",Chaco,NEGATIVO,negativo,REC74
HCDN1042,veto-garrahan-2025,5762,"Randazzo, Florencio",Buenos Aires,AFIRMATIVO,afirmativo,REC82
HCDN2408,veto-garrahan-2025,5762,"Rauschenberger, Ariel",La Pampa,AFIRMATIVO,afirmativo,A51103
HCDN3110,veto-garrahan-2025,5762,"Razzini, Veronica",Santa Fe,AFIRMATIVO,afirmativo,REC2022
vote-reyes-roxana,veto-garrahan-2025,5762,"Reyes, Roxana",,AFIRMATIVO,afirmativo,A51077
HCDN3149,veto-garrahan-2025,5762,"Ripoll, Vilma",Buenos Aires,AFIRMATIVO,afirmativo,REC2053
HCDN0788,veto-garrahan-2025,5762,"Ritondo, Cristian A.",Buenos Aires,NEGATIVO,negativo,A51221
HCDN2754,veto-garrahan-2025,5762,"Rizzotti, Jorge",Jujuy,AFIRMATIVO,afirmativo,A51183
vote-rodriguez-machado-laura,veto-garrahan-2025,5762,"Rodriguez Machado, Laura",,NEGATIVO,negativo,REC27
HCDN2412,veto-garrahan-2025,5762,"Romero, Jorge Antonio",Corrientes,AFIRMATIVO,afirmativo,A51084
HCDN2952,veto-garrahan-2025,5762,"Romero, Ana Clara",Chubut,AFIRMATIVO,afirmativo,REC75
HCDN3036,veto-garrahan-2025,5762,"Ruiz, Yamila",Misiones,AFIRMATIVO,afirmativo,REC2005
HCDN2887,veto-garrahan-2025,5762,"Sanchez, Roberto Antonio",Tucuman,AFIRMATIVO,afirmativo,REC78
HCDN3148,veto-garrahan-2025,5762,"Sanchez Wrba, Javier",Buenos Aires,NEGATIVO,negativo,REC2052
HCDN2817,veto-garrahan-2025,5762,"Sand, Nancy",Corrientes,AFIRMATIVO,afirmativo,A51162
HCDN3039,veto-garrahan-2025,5762,"Santillan Juarez Brahim, Juliana",Buenos Aires,NEGATIVO,negativo,REC1954
HCDN2951,veto-garrahan-2025,5762,"Santilli, Diego",Buenos Aires,NEGATIVO,negativo,REC16
HCDN2892,veto-garrahan-2025,5762,"Santoro, Leandro",CABA,AFIRMATIVO,afirmativo,REC8
HCDN3065,veto-garrahan-2025,5762,"Santurio, Santiago",Buenos Aires,NEGATIVO,negativo,REC2003
HCDN3016,veto-garrahan-2025,5762,"Sarapura, Natalia Silvina",Jujuy,AFIRMATIVO,afirmativo,REC1944
HCDN3054,veto-garrahan-2025,5762,"Selva, Sabrina",Buenos Aires,AFIRMATIVO,afirmativo,REC1998
HCDN2421,veto-garrahan-2025,5762,"Siley, Vanesa Raquel",Buenos Aires,AFIRMATIVO,afirmativo,A51120
HCDN1524,veto-garrahan-2025,5762,"Snopek, Guillermo",Jujuy,AFIRMATIVO,afirmativo,A50947
HCDN2773,veto-garrahan-2025,5762,"Soria, Martin",Rio Negro,AFIRMATIVO,afirmativo,A51225
HCDN2914,veto-garrahan-2025,5762,"Sotolano, Maria",Buenos Aires,NEGATIVO,negativo,REC24
HCDN2925,veto-garrahan-2025,5762,"Stolbizer, Margarita",Buenos Aires,AFIRMATIVO,afirmativo,A1460
HCDN3033,veto-garrahan-2025,5762,"Strada, Julia",Buenos Aires,AFIRMATIVO,afirmativo,REC1995
HCDN1455,veto-garrahan-2025,5762,"Tailhade, Rodolfo",Buenos Aires,AFIRMATIVO,afirmativo,A50897
HCDN2895,veto-garrahan-2025,5762,"Tavela, Danya",Buenos Aires,AFIRMATIVO,afirmativo,REC23
HCDN2943,veto-garrahan-2025,5762,"Tetaz, Martin Alberto",CABA,AFIRMATIVO,afirmativo,REC10
HCDN3083,veto-garrahan-2025,5762,"Todero, Pablo",Neuquen,AFIRMATIVO,afirmativo,REC1959
HCDN2896,veto-garrahan-2025,5762,"Tolosa Paz, Victoria",Buenos Aires,AFIRMATIVO,afirmativo,REC17
HCDN2889,veto-garrahan-2025,5762,"Toniolli, Eduardo",Santa Fe,AFIRMATIVO,afirmativo,REC35
HCDN3109,veto-garrahan-2025,5762,"Torres, Alejandra",Cordoba,AFIRMATIVO,afirmativo,REC2036
HCDN2924,veto-garrahan-2025,5762,"Tortoriello, Anibal",Rio Negro,NEGATIVO,negativo,REC59
HCDN3142,veto-garrahan-2025,5762,"Tournier, Jose Federico",Corrientes,AFIRMATIVO,afirmativo,REC2048
HCDN3102,veto-garrahan-2025,5762,"Treffinger, Cesar",Chubut,NEGATIVO,negativo,REC1955
HCDN2825,veto-garrahan-2025,5762,"Valdes, Eduardo Felix",CABA,AFIRMATIVO,afirmativo,A51237
HCDN3031,veto-garrahan-2025,5762,"Vancsik, Daniel",Misiones,AFIRMATIVO,afirmativo,REC2008
HCDN2899,veto-garrahan-2025,5762,"Vargas Matyi, Brenda",Buenos Aires,AFIRMATIVO,afirmativo,REC14
HCDN3037,veto-garrahan-2025,5762,"Vasquez, Patricia",Buenos Aires,NEGATIVO,negativo,REC1986
HCDN3038,veto-garrahan-2025,5762,"Vega, Yolanda",Salta,AFIRMATIVO,afirmativo,REC1997
HCDN1555,veto-garrahan-2025,5762,"Verasay, Pamela Fernanda",Mendoza,AUSENTE,ausente,REC50
HCDN2953,veto-garrahan-2025,5762,"Vidal, Maria Eugenia",CABA,AFIRMATIVO,afirmativo,REC9
HCDN2935,veto-garrahan-2025,5762,"Vilca, Alejandro",Jujuy,AFIRMATIVO,afirmativo,REC43
HCDN3091,veto-garrahan-2025,5762,"Villaverde, Lorena",Rio Negro,NEGATIVO,negativo,REC1967
HCDN1456,veto-garrahan-2025,5762,"Volnovich, Luana",Buenos Aires,AFIRMATIVO,afirmativo,A50899
HCDN2429,veto-garrahan-2025,5762,"Yasky, Hugo",Buenos Aires,AFIRMATIVO,afirmativo,A51095
HCDN2431,veto-garrahan-2025,5762,"Yedlin, Pablo Raul",Tucuman,AFIRMATIVO,afirmativo,A51126
HCDN3086,veto-garrahan-2025,5762,"Yeza, Martin",Buenos Aires,NEGATIVO,negativo,REC1982
HCDN2856,veto-garrahan-2025,5762,"Yutrovic, Carolina",Tierra Del Fuego,AFIRMATIVO,afirmativo,A51244
HCDN2986,veto-garrahan-2025,5762,"Zabala Chacur, Natalia",San Luis,AFIRMATIVO,afirmativo,REC102
HCDN3073,veto-garrahan-2025,5762,"Zago, Oscar",CABA,AFIRMATIVO,afirmativo,REC2016
HCDN2900,veto-garrahan-2025,5762,"Zapata, Carlos Raul",Salta,NEGATIVO,negativo,REC60
HCDN2976,veto-garrahan-2025,5762,"Zaracho, Natalia",Buenos Aires,AFIRMATIVO,afirmativo,REC101
HCDN3077,veto-garrahan-2025,5762,"Zulli, Christian Alejandro",Corrientes,AFIRMATIVO,afirmativo,REC2038
vote-acevedo-sergio-edgardo,jubilaciones-incremento-2025,5655,"Acevedo, Sergio Edgardo",,AFIRMATIVO,afirmativo,REC2043
HCDN3018,jubilaciones-incremento-2025,5655,"Agost Carreño, Oscar",Cordoba,AFIRMATIVO,afirmativo,REC1948
HCDN0972,jubilaciones-incremento-2025,5655,"Aguirre, Hilda",La Rioja,AFIRMATIVO,afirmativo,A4608
HCDN2959,jubilaciones-incremento-2025,5655,"Aguirre, Manuel Ignacio",Corrientes,AUSENTE,ausente,REC37
HCDN2916,jubilaciones-incremento-2025,5655,"Ajmechet, Sabrina",CABA,NEGATIVO,negativo,REC71
HCDN3140,jubilaciones-incremento-2025,5655,"Ali, Ernesto Pipi",San Luis,AFIRMATIVO,afirmativo,REC2009
HCDN2912,jubilaciones-incremento-2025,5655,"Alianiello, Eugenia",Chubut,AFIRMATIVO,afirmativo,REC76
HCDN2350,jubilaciones-incremento-2025,5655,"Allende, Walberto",San Juan,AFIRMATIVO,afirmativo,A51078
HCDN3029,jubilaciones-incremento-2025,5655,"Almiron, Lisandro",Corrientes,NEGATIVO,negativo,REC2035
HCDN2937,jubilaciones-incremento-2025,5655,"Alonso, Constanza Maria",Buenos Aires,AFIRMATIVO,afirmativo,REC12
HCDN2354,jubilaciones-incremento-2025,5655,"Ansaloni, Pablo",Buenos Aires,NEGATIVO,negativo,A51049
HCDN2893,jubilaciones-incremento-2025,5655,"Antola, Marcela",Entre Rios,AFIRMATIVO,afirmativo,REC38
HCDN3032,jubilaciones-incremento-2025,5655,"Arabia, Damian",CABA,NEGATIVO,negativo,REC1957
HCDN3022,jubilaciones-incremento-2025,5655,"Arancibia Rodriguez, Alberto Gustavo",San Luis,NEGATIVO,negativo,REC1952
HCDN3023,jubilaciones-incremento-2025,5655,"Araujo, Maria Fernanda",CABA,NEGATIVO,negativo,REC2045
HCDN3047,jubilaciones-incremento-2025,5655,"Araujo Hernandez, Jorge Neri",Tierra Del Fuego,AFIRMATIVO,afirmativo,REC1970
HCDN3049,jubilaciones-incremento-2025,5655,"Ardohain, Martin",La Pampa,ABSTENCION,abstencion,REC2029
HCDN2934,jubilaciones-incremento-2025,5655,"Arjol, Martin",Misiones,AUSENTE,ausente,REC53
HCDN3059,jubilaciones-incremento-2025,5655,"Arrieta, Lourdes Micaela",Mendoza,AFIRMATIVO,afirmativo,REC1983
HCDN2356,jubilaciones-incremento-2025,5655,"Arroyo, Daniel",Buenos Aires,AFIRMATIVO,afirmativo,A51073
HCDN3030,jubilaciones-incremento-2025,5655,"Arrua, Alberto",Misiones,AUSENTE,ausente,REC1996
HCDN2921,jubilaciones-incremento-2025,5655,"Aubone, Ana Fabiola",San Juan,AFIRMATIVO,afirmativo,REC64
HCDN3028,jubilaciones-incremento-2025,5655,"Aveiro, Martin",Mendoza,AFIRMATIVO,afirmativo,REC1985
HCDN3058,jubilaciones-incremento-2025,5655,"Avico, Belen",Cordoba,NEGATIVO,negativo,REC2021
HCDN3094,jubilaciones-incremento-2025,5655,"Avila, Jorge Antonio",Chubut,AUSENTE,ausente,REC2000
HCDN3052,jubilaciones-incremento-2025,5655,"Avila, Fernanda",Catamarca,AUSENTE,ausente,REC1981
HCDN2947,jubilaciones-incremento-2025,5655,"Bachey, Karina Ethel",San Luis,NEGATIVO,negativo,REC83
HCDN1364,jubilaciones-incremento-2025,5655,"Baldassi, Hector W.",Cordoba,AFIRMATIVO,afirmativo,A50820
HCDN3143,jubilaciones-incremento-2025,5655,"Ballejos, Nancy",Entre Rios,NEGATIVO,negativo,REC2049
HCDN1447,jubilaciones-incremento-2025,5655,"Banfi, Karina",Buenos Aires,ABSTENCION,abstencion,A50906
HCDN2906,jubilaciones-incremento-2025,5655,"Barletta, Mario",Santa Fe,AFIRMATIVO,afirmativo,A50864
HCDN1240,jubilaciones-incremento-2025,5655,"Basterra, Luis Eugenio",Formosa,AFIRMATIVO,afirmativo,A50726
HCDN1148,jubilaciones-incremento-2025,5655,"Benedetti, Atilio",Entre Rios,ABSTENCION,abstencion,A4774
HCDN3111,jubilaciones-incremento-2025,5655,"Benedit, Beltran",Entre Rios,NEGATIVO,negativo,REC2015
HCDN3064,jubilaciones-incremento-2025,5655,"Benegas Lynch, Bertie",Buenos Aires,NEGATIVO,negativo,REC1988
HCDN2917,jubilaciones-incremento-2025,5655,"Bermejo, Adolfo",Mendoza,AFIRMATIVO,afirmativo,REC65
HCDN2907,jubilaciones-incremento-2025,5655,"Bertoldi, Tanya",Neuquen,AFIRMATIVO,afirmativo,REC56
HCDN2881,jubilaciones-incremento-2025,5655,"Besana, Gabriela",Buenos Aires,ABSTENCION,abstencion,REC25
HCDN3079,jubilaciones-incremento-2025,5655,"Bianchetti, Emmanuel",Misiones,AUSENTE,ausente,REC1999
HCDN3141,jubilaciones-incremento-2025,5655,"Biasi, Vanina",CABA,AFIRMATIVO,afirmativo,REC2047
HCDN3088,jubilaciones-incremento-2025,5655,"Bonacci, Rocio",Santa Fe,NEGATIVO,negativo,REC1966
HCDN3048,jubilaciones-incremento-2025,5655,"Bongiovanni, Alejandro",Santa Fe,NEGATIVO,negativo,REC1974
HCDN3035,jubilaciones-incremento-2025,5655,"Bordet, Gustavo",Entre Rios,AFIRMATIVO,afirmativo,REC2020
HCDN3042,jubilaciones-incremento-2025,5655,"Bornoroni, Gabriel",Cordoba,NEGATIVO,negativo,REC2024
HCDN2913,jubilaciones-incremento-2025,5655,"Borrego, Victoria",Buenos Aires,AFIRMATIVO,afirmativo,REC3
HCDN2361,jubilaciones-incremento-2025,5655,"Brambilla, Sofia",Corrientes,ABSTENCION,abstencion,A51039
HCDN2956,jubilaciones-incremento-2025,5655,"Brouwer de Koning, Gabriela",Cordoba,ABSTENCION,abstencion,REC29
HCDN1577,jubilaciones-incremento-2025,5655,"Brügge, Juan Fernando",Cordoba,AFIRMATIVO,afirmativo,A51013
HCDN2831,jubilaciones-incremento-2025,5655,"Cafiero, Santiago",Buenos Aires,AFIRMATIVO,afirmativo,REC1953
HCDN2946,jubilaciones-incremento-2025,5655,"Calletti, Pamela",Salta,AFIRMATIVO,afirmativo,REC62
HCDN2362,jubilaciones-incremento-2025,5655,"Campagnoli, Marcela",Buenos Aires,AFIRMATIVO,afirmativo,A51061
HCDN3044,jubilaciones-incremento-2025,5655,"Campero, Mariano",Tucuman,AUSENTE,ausente,REC2013
HCDN3093,jubilaciones-incremento-2025,5655,"Campitelli, Celia",Santiago Del Estero,AUSENTE,ausente,REC2025
HCDN3080,jubilaciones-incremento-2025,5655,"Capozzi, Sergio Eduardo",Rio Negro,NEGATIVO,negativo,REC1963
HCDN2923,jubilaciones-incremento-2025,5655,"Carbajal, Fernando",Formosa,AFIRMATIVO,afirmativo,REC41
HCDN3090,jubilaciones-incremento-2025,5655,"Carignano, Florencia",Santa Fe,AFIRMATIVO,afirmativo,REC1979
HCDN1361,jubilaciones-incremento-2025,5655,"Carrizo, Ana Carla",CABA,AFIRMATIVO,afirmativo,A50810
HCDN1365,jubilaciones-incremento-2025,5655,"Carrizo, Soledad",Cordoba,ABSTENCION,abstencion,A50821
HCDN2366,jubilaciones-incremento-2025,5655,"Carro, Pablo",Cordoba,AFIRMATIVO,afirmativo,A51112
HCDN2780,jubilaciones-incremento-2025,5655,"Casas, Sergio Guillermo",La Rioja,AFIRMATIVO,afirmativo,A51161
HCDN1454,jubilaciones-incremento-2025,5655,"Castagneto, Carlos Daniel",Buenos Aires,AFIRMATIVO,afirmativo,A50896
HCDN3066,jubilaciones-incremento-2025,5655,"Castillo, Christian",Buenos Aires,AFIRMATIVO,afirmativo,REC2007
HCDN2930,jubilaciones-incremento-2025,5655,"Cervi, Pablo",Neuquen,NEGATIVO,negativo,REC57
HCDN2911,jubilaciones-incremento-2025,5655,"Chaher, Leila",Jujuy,AFIRMATIVO,afirmativo,REC42
HCDN3085,jubilaciones-incremento-2025,5655,"Chica, Jorge",San Juan,AFIRMATIVO,afirmativo,REC2001
HCDN2885,jubilaciones-incremento-2025,5655,"Chomiak, Maria Luisa",Chaco,AFIRMATIVO,afirmativo,REC72
HCDN2919,jubilaciones-incremento-2025,5655,"Chumpitaz, Gabriel Felipe",Santa Fe,NEGATIVO,negativo,REC32
HCDN2803,jubilaciones-incremento-2025,5655,"Cipolini, Gerardo",Chaco,AUSENTE,ausente,A51196
HCDN2765,jubilaciones-incremento-2025,5655,"Cisneros, Carlos",Tucuman,AFIRMATIVO,afirmativo,A51152
HCDN1066,jubilaciones-incremento-2025,5655,"Cobos, Julio",Mendoza,AFIRMATIVO,afirmativo,A50843
HCDN3034,jubilaciones-incremento-2025,5655,"Coletta, Mariela",CABA,AFIRMATIVO,afirmativo,REC1961
HCDN2894,jubilaciones-incremento-2025,5655,"Coli, Marcela",La Pampa,AUSENTE,ausente,REC45
HCDN3072,jubilaciones-incremento-2025,5655,"Correa Llano, Facundo",Mendoza,NEGATIVO,negativo,REC1990
HCDN3060,jubilaciones-incremento-2025,5655,"D'alessandro, Carlos",San Luis,AUSENTE,ausente,REC1958
HCDN2822,jubilaciones-incremento-2025,5655,"Daives, Ricardo",Santiago Del Estero,AFIRMATIVO,afirmativo,A51182
HCDN2928,jubilaciones-incremento-2025,5655,"De la Sota, Natalia",Cordoba,AFIRMATIVO,afirmativo,REC30
HCDN2942,jubilaciones-incremento-2025,5655,"De Loredo, Rodrigo",Cordoba,ABSTENCION,abstencion,REC26
HCDN3101,jubilaciones-incremento-2025,5655,"De Sensi, Maria Florencia",Buenos Aires,NEGATIVO,negativo,REC2039
HCDN1383,jubilaciones-incremento-2025,5655,"Del Caño, Nicolas",Buenos Aires,AFIRMATIVO,afirmativo,A50844
HCDN3041,jubilaciones-incremento-2025,5655,"Diez, Romina",Santa Fe,NEGATIVO,negativo,REC2012
HCDN2954,jubilaciones-incremento-2025,5655,"Domingo, Agustin",Rio Negro,AUSENTE,ausente,REC58
HCDN3024,jubilaciones-incremento-2025,5655,"Emma, Nicolas",CABA,NEGATIVO,negativo,REC2042
HCDN2901,jubilaciones-incremento-2025,5655,"Espert, Jose Luis",Buenos Aires,NEGATIVO,negativo,REC4
HCDN1514,jubilaciones-incremento-2025,5655,"Estevez, Gabriela Beatriz",Cordoba,AFIRMATIVO,afirmativo,A50936
HCDN2884,jubilaciones-incremento-2025,5655,"Estrada, Emiliano",Salta,AFIRMATIVO,afirmativo,REC61
HCDN3089,jubilaciones-incremento-2025,5655,"Falcone, Eduardo",Buenos Aires,AUSENTE,ausente,REC1969
HCDN2891,jubilaciones-incremento-2025,5655,"Fein, Monica",Santa Fe,AFIRMATIVO,afirmativo,A4629
HCDN2985,jubilaciones-incremento-2025,5655,"Fernandez, Carlos Alberto",Misiones,AUSENTE,ausente,REC52
HCDN3020,jubilaciones-incremento-2025,5655,"Fernandez, Elia Marina",Tucuman,AFIRMATIVO,afirmativo,REC1951
HCDN2903,jubilaciones-incremento-2025,5655,"Fernandez, Agustin",Tucuman,AFIRMATIVO,afirmativo,REC81
HCDN3057,jubilaciones-incremento-2025,5655,"Fernandez Molero, Daiana",CABA,NEGATIVO,negativo,REC1964
HCDN2376,jubilaciones-incremento-2025,5655,"Fernandez Patri, Ramiro",Formosa,AFIRMATIVO,afirmativo,A51050
HCDN2787,jubilaciones-incremento-2025,5655,"Ferraro, Maximiliano",CABA,AFIRMATIVO,afirmativo,A51181
HCDN3139,jubilaciones-incremento-2025,5655,"Ferreyra, Alida",CABA,NEGATIVO,negativo,REC2046
HCDN2888,jubilaciones-incremento-2025,5655,"Figueroa Casas, Germana",Santa Fe,ABSTENCION,abstencion,REC70
HCDN2955,jubilaciones-incremento-2025,5655,"Finocchiaro, Alejandro",Buenos Aires,NEGATIVO,negativo,REC2
HCDN2810,jubilaciones-incremento-2025,5655,"Frade, Monica",Buenos Aires,AFIRMATIVO,afirmativo,A51199
HCDN3087,jubilaciones-incremento-2025,5655,"Freites, Andrea",Tierra Del Fuego,AFIRMATIVO,afirmativo,REC1973
HCDN1375,jubilaciones-incremento-2025,5655,"Gaillard, Ana Carolina",Entre Rios,AFIRMATIVO,afirmativo,A50833
HCDN3106,jubilaciones-incremento-2025,5655,"Garcia, Carlos",Chaco,NEGATIVO,negativo,REC1993
HCDN2910,jubilaciones-incremento-2025,5655,"Garcia Aresca, Ignacio",Cordoba,AFIRMATIVO,afirmativo,REC31
HCDN3146,jubilaciones-incremento-2025,5655,"Garramuño, Ricardo",Tierra Del Fuego,NEGATIVO,negativo,REC2050
HCDN3099,jubilaciones-incremento-2025,5655,"Garrido, Jose Luis",Santa Cruz,ABSTENCION,abstencion,REC1962
HCDN2382,jubilaciones-incremento-2025,5655,"Ginocchio, Silvana Micaela",Catamarca,AFIRMATIVO,afirmativo,A51051
HCDN3026,jubilaciones-incremento-2025,5655,"Giorgi, Melina",Santa Fe,AFIRMATIVO,afirmativo,REC2040
HCDN3043,jubilaciones-incremento-2025,5655,"Giudici, Silvana",CABA,NEGATIVO,negativo,A4356
HCDN3074,jubilaciones-incremento-2025,5655,"Giuliano, Diego A.",Santa Fe,AFIRMATIVO,afirmativo,REC2014
HCDN3053,jubilaciones-incremento-2025,5655,"Glinski, Jose",Chubut,AFIRMATIVO,afirmativo,REC2004
HCDN2926,jubilaciones-incremento-2025,5655,"Gollan, Daniel",Buenos Aires,AFIRMATIVO,afirmativo,REC18
HCDN3062,jubilaciones-incremento-2025,5655,"Gomez, Jose",Santiago Del Estero,AUSENTE,ausente,REC2027
HCDN2979,jubilaciones-incremento-2025,5655,"Gonzalez, Gustavo Carlos Miguel",Santa Cruz,AFIRMATIVO,afirmativo,REC68
HCDN1466,jubilaciones-incremento-2025,5655,"Gonzalez, Alvaro",CABA,AUSENTE,ausente,A50919
HCDN3055,jubilaciones-incremento-2025,5655,"Gonzalez, Gerardo Gustavo",Formosa,NEGATIVO,negativo,REC2030
HCDN2768,jubilaciones-incremento-2025,5655,"Gutierrez, Carlos",Cordoba,AFIRMATIVO,afirmativo,A51185
HCDN2775,jubilaciones-incremento-2025,5655,"Gutierrez, Ramiro",Buenos Aires,AFIRMATIVO,afirmativo,A51201
HCDN2804,jubilaciones-incremento-2025,5655,"Hagman, Itai",CABA,AUSENTE,ausente,A51202
HCDN1180,jubilaciones-incremento-2025,5655,"Heller, Carlos",CABA,AFIRMATIVO,afirmativo,A4763
HCDN2949,jubilaciones-incremento-2025,5655,"Herrera, Ricardo",La Rioja,AFIRMATIVO,afirmativo,REC48
HCDN2445,jubilaciones-incremento-2025,5655,"Herrera, Bernardo Jose",Santiago Del Estero,AFIRMATIVO,afirmativo,A51138
HCDN3098,jubilaciones-incremento-2025,5655,"Huesen, Gerardo",Tucuman,NEGATIVO,negativo,REC2028
HCDN1272,jubilaciones-incremento-2025,5655,"Ianni, Ana Maria",Santa Cruz,AFIRMATIVO,afirmativo,A50751
HCDN3092,jubilaciones-incremento-2025,5655,"Ibañez, Maria Cecilia",Cordoba,NEGATIVO,negativo,REC2031
HCDN1031,jubilaciones-incremento-2025,5655,"Iglesias, Fernando Adolfo",CABA,NEGATIVO,negativo,A4666
HCDN2950,jubilaciones-incremento-2025,5655,"Iparraguirre, Rogelio",Buenos Aires,AFIRMATIVO,afirmativo,REC15
HCDN3068,jubilaciones-incremento-2025,5655,"Juliano, Pablo",Buenos Aires,AFIRMATIVO,afirmativo,REC1972
HCDN1489,jubilaciones-incremento-2025,5655,"Kirchner, Maximo Carlos",Buenos Aires,AFIRMATIVO,afirmativo,A50966
HCDN2941,jubilaciones-incremento-2025,5655,"Klipauka Lewtak, Florencia",Misiones,NEGATIVO,negativo,REC54
HCDN1433,jubilaciones-incremento-2025,5655,"Laspina, Luciano Andres",Santa Fe,ABSTENCION,abstencion,A50884
HCDN2886,jubilaciones-incremento-2025,5655,"Ledesma, Tomas",Entre Rios,AFIRMATIVO,afirmativo,REC84
HCDN2799,jubilaciones-incremento-2025,5655,"Leiva, Aldo",Chaco,AUSENTE,ausente,A51210
HCDN3084,jubilaciones-incremento-2025,5655,"Lemoine, Lilia",Buenos Aires,NEGATIVO,negativo,REC1994
HCDN2936,jubilaciones-incremento-2025,5655,"Litza, Monica",Buenos Aires,AFIRMATIVO,afirmativo,A51022
HCDN3025,jubilaciones-incremento-2025,5655,"Llancafilo, Osvaldo",Neuquen,AFIRMATIVO,afirmativo,REC2044
HCDN3070,jubilaciones-incremento-2025,5655,"Llano, Mercedes",Mendoza,NEGATIVO,negativo,REC1992
HCDN2401,jubilaciones-incremento-2025,5655,"Lopez, Juan Manuel",Buenos Aires,AFIRMATIVO,afirmativo,A51044
HCDN2898,jubilaciones-incremento-2025,5655,"Lopez Murphy, Ricardo Hipolito",CABA,AUSENTE,ausente,REC11
HCDN2791,jubilaciones-incremento-2025,5655,"Lopez Rodriguez, Dante",Catamarca,AFIRMATIVO,afirmativo,A51235
HCDN1439,jubilaciones-incremento-2025,5655,"Lospennato, Silvia",Buenos Aires,ABSTENCION,abstencion,A50900
HCDN2402,jubilaciones-incremento-2025,5655,"Macha, Monica",Buenos Aires,AFIRMATIVO,afirmativo,A51094
HCDN3075,jubilaciones-incremento-2025,5655,"Macyszyn, Lorena",Buenos Aires,NEGATIVO,negativo,REC1975
HCDN2908,jubilaciones-incremento-2025,5655,"Manes, Facundo",Buenos Aires,AFIRMATIVO,afirmativo,REC22
HCDN3081,jubilaciones-incremento-2025,5655,"Manrique, Mario",Buenos Aires,AFIRMATIVO,afirmativo,REC2010
HCDN1565,jubilaciones-incremento-2025,5655,"Maquieyra, Martin",La Pampa,NEGATIVO,negativo,A51017
HCDN2944,jubilaciones-incremento-2025,5655,"Marin, Varinia Lis",La Pampa,AFIRMATIVO,afirmativo,REC46
HCDN3007,jubilaciones-incremento-2025,5655,"Marino, Juan",Buenos Aires,AFIRMATIVO,afirmativo,REC1936
HCDN3063,jubilaciones-incremento-2025,5655,"Marquez, Nadia",Neuquen,NEGATIVO,negativo,REC1956
HCDN2938,jubilaciones-incremento-2025,5655,"Martinez, Alvaro",Mendoza,NEGATIVO,negativo,REC51
HCDN2789,jubilaciones-incremento-2025,5655,"Martinez, German Pedro",Santa Fe,AFIRMATIVO,afirmativo,A51215
HCDN2860,jubilaciones-incremento-2025,5655,"Marziotta, Gisela",CABA,AFIRMATIVO,afirmativo,A51262
HCDN1512,jubilaciones-incremento-2025,5655,"Massot, Nicolas",Buenos Aires,AFIRMATIVO,afirmativo,A50934
HCDN2948,jubilaciones-incremento-2025,5655,"Mastaler, Magali",Santa Fe,AFIRMATIVO,afirmativo,REC34
HCDN3071,jubilaciones-incremento-2025,5655,"Mayoraz, Nicolas",Santa Fe,NEGATIVO,negativo,REC2017
HCDN2392,jubilaciones-incremento-2025,5655,"Medina, Gladys",Tucuman,AFIRMATIVO,afirmativo,A51113
HCDN3107,jubilaciones-incremento-2025,5655,"Menem, Martin",La Rioja,PRESIDENTE,presidente,REC2023
HCDN1192,jubilaciones-incremento-2025,5655,"Milman, Gerardo",Buenos Aires,NEGATIVO,negativo,A4769
HCDN2738,jubilaciones-incremento-2025,5655,"Mirabella, Roberto",Santa Fe,AFIRMATIVO,afirmativo,REC33
HCDN3056,jubilaciones-incremento-2025,5655,"Molle, Matias",Buenos Aires,AFIRMATIVO,afirmativo,REC2018
HCDN3095,jubilaciones-incremento-2025,5655,"Montenegro, Guillermo",Buenos Aires,NEGATIVO,negativo,REC1980
HCDN2927,jubilaciones-incremento-2025,5655,"Monti, Francisco",Catamarca,NEGATIVO,negativo,REC77
HCDN2808,jubilaciones-incremento-2025,5655,"Montoto, Maria Luisa",Santiago Del Estero,AFIRMATIVO,afirmativo,A51238
HCDN1440,jubilaciones-incremento-2025,5655,"Monzo, Emilio",Buenos Aires,AFIRMATIVO,afirmativo,A50901
HCDN3045,jubilaciones-incremento-2025,5655,"Monzon, Roxana",Buenos Aires,AFIRMATIVO,afirmativo,REC1976
HCDN3008,jubilaciones-incremento-2025,5655,"Moran, Micaela",Buenos Aires,AFIRMATIVO,afirmativo,REC1937
HCDN3046,jubilaciones-incremento-2025,5655,"Morchio, Francisco",Entre Rios,NEGATIVO,negativo,REC2026
vote-moreau-leopoldo,jubilaciones-incremento-2025,5655,"Moreau, Leopoldo",,AFIRMATIVO,afirmativo,A51098
HCDN1463,jubilaciones-incremento-2025,5655,"Moreau, Cecilia",Buenos Aires,AFIRMATIVO,afirmativo,A50898
HCDN3104,jubilaciones-incremento-2025,5655,"Moreno, Maria de los Angeles",San Juan,AUSENTE,ausente,REC2041
HCDN3103,jubilaciones-incremento-2025,5655,"Moreno Ovalle, Julio",Salta,NEGATIVO,negativo,REC1984
HCDN2980,jubilaciones-incremento-2025,5655,"Moyano, Nilda",Santiago Del Estero,AFIRMATIVO,afirmativo,REC85
HCDN2340,jubilaciones-incremento-2025,5655,"Neder, Estela Mary",Santiago Del Estero,AFIRMATIVO,afirmativo,A51059
HCDN2983,jubilaciones-incremento-2025,5655,"Nieri, Lisandro",Mendoza,ABSTENCION,abstencion,REC86
HCDN3076,jubilaciones-incremento-2025,5655,"Noblega, Sebastian",Catamarca,AFIRMATIVO,afirmativo,REC1989
HCDN1500,jubilaciones-incremento-2025,5655,"Nuñez, Jose",Santa Fe,AUSENTE,ausente,A50973
HCDN2400,jubilaciones-incremento-2025,5655,"Oliveto Lago, Paula",CABA,AFIRMATIVO,afirmativo,A51115
HCDN2909,jubilaciones-incremento-2025,5655,"Omodeo, Paula",Tucuman,NEGATIVO,negativo,REC79
HCDN3096,jubilaciones-incremento-2025,5655,"Orozco, Emilia",Salta,NEGATIVO,negativo,REC1987
HCDN0633,jubilaciones-incremento-2025,5655,"Osuna, Blanca Ines",Entre Rios,AFIRMATIVO,afirmativo,A51218
HCDN3100,jubilaciones-incremento-2025,5655,"Outes, Pablo",Salta,AUSENTE,ausente,REC1991
HCDN3061,jubilaciones-incremento-2025,5655,"Pagano, Marcela Marina",Buenos Aires,AUSENTE,ausente,REC1968
HCDN2904,jubilaciones-incremento-2025,5655,"Palazzo, Sergio Omar",Buenos Aires,AFIRMATIVO,afirmativo,REC19
HCDN2922,jubilaciones-incremento-2025,5655,"Paponet, Liliana",Mendoza,AFIRMATIVO,afirmativo,REC49
HCDN2784,jubilaciones-incremento-2025,5655,"Parola, Maria Graciela",Formosa,AFIRMATIVO,afirmativo,A51173
HCDN1460,jubilaciones-incremento-2025,5655,"Passo, Marcela Fabiana",Buenos Aires,AFIRMATIVO,afirmativo,A50912
HCDN3105,jubilaciones-incremento-2025,5655,"Pauli, Santiago",Tierra Del Fuego,NEGATIVO,negativo,REC1978
HCDN3108,jubilaciones-incremento-2025,5655,"Paulon, Esteban",Santa Fe,AFIRMATIVO,afirmativo,REC2019
HCDN2902,jubilaciones-incremento-2025,5655,"Pedrali, Gabriela",La Rioja,AFIRMATIVO,afirmativo,REC47
HCDN1356,jubilaciones-incremento-2025,5655,"Pedrini, Juan Manuel",Chaco,AFIRMATIVO,afirmativo,A50816
HCDN3040,jubilaciones-incremento-2025,5655,"Peluc, Jose",San Juan,NEGATIVO,negativo,REC2002
HCDN2821,jubilaciones-incremento-2025,5655,"Penacca, Paula Andrea",CABA,AFIRMATIVO,afirmativo,A51180
HCDN2915,jubilaciones-incremento-2025,5655,"Pereyra, Julio",Buenos Aires,AFIRMATIVO,afirmativo,REC13
HCDN3051,jubilaciones-incremento-2025,5655,"Picat, Luis Albino",Cordoba,NEGATIVO,negativo,REC2032
HCDN0022,jubilaciones-incremento-2025,5655,"Pichetto, Miguel Angel",Buenos Aires,AFIRMATIVO,afirmativo,REC1965
HCDN3050,jubilaciones-incremento-2025,5655,"Picon Martinez, Nancy Viviana",San Juan,AFIRMATIVO,afirmativo,REC2006
HCDN2940,jubilaciones-incremento-2025,5655,"Piparo, Carolina",Buenos Aires,NEGATIVO,negativo,REC5
HCDN3082,jubilaciones-incremento-2025,5655,"Pokoik, Lorena",CABA,AFIRMATIVO,afirmativo,REC2011
HCDN2929,jubilaciones-incremento-2025,5655,"Polini, Juan Carlos",Chaco,AUSENTE,ausente,REC73
HCDN3069,jubilaciones-incremento-2025,5655,"Ponce, Maria Celeste",Cordoba,NEGATIVO,negativo,REC2034
HCDN3078,jubilaciones-incremento-2025,5655,"Potenza, Luciana",Buenos Aires,AFIRMATIVO,afirmativo,REC1960
HCDN2905,jubilaciones-incremento-2025,5655,"Propato, Agustina Lucrecia",Buenos Aires,AFIRMATIVO,afirmativo,REC20
HCDN2406,jubilaciones-incremento-2025,5655,"Quetglas, Fabio Jose",Buenos Aires,AFIRMATIVO,afirmativo,A51096
HCDN3097,jubilaciones-incremento-2025,5655,"Quintar, Manuel",Jujuy,NEGATIVO,negativo,REC2033
HCDN2945,jubilaciones-incremento-2025,5655,"Quiroz, Marilu",Chaco,NEGATIVO,negativo,REC74
HCDN1042,jubilaciones-incremento-2025,5655,"Randazzo, Florencio",Buenos Aires,AFIRMATIVO,afirmativo,REC82
HCDN2408,jubilaciones-incremento-2025,5655,"Rauschenberger, Ariel",La Pampa,AFIRMATIVO,afirmativo,A51103
HCDN3110,jubilaciones-incremento-2025,5655,"Razzini, Veronica",Santa Fe,AUSENTE,ausente,REC2022
vote-reyes-roxana,jubilaciones-incremento-2025,5655,"Reyes, Roxana",,ABSTENCION,abstencion,A51077
HCDN3149,jubilaciones-incremento-2025,5655,"Ripoll, Vilma",Buenos Aires,AFIRMATIVO,afirmativo,REC2053
HCDN0788,jubilaciones-incremento-2025,5655,"Ritondo, Cristian A.",Buenos Aires,NEGATIVO,negativo,A51221
HCDN2754,jubilaciones-incremento-2025,5655,"Rizzotti, Jorge",Jujuy,AFIRMATIVO,afirmativo,A51183
vote-rodriguez-machado-laura,jubilaciones-incremento-2025,5655,"Rodriguez Machado, Laura",,NEGATIVO,negativo,REC27
HCDN2412,jubilaciones-incremento-2025,5655,"Romero, Jorge Antonio",Corrientes,AFIRMATIVO,afirmativo,A51084
HCDN2952,jubilaciones-incremento-2025,5655,"Romero, Ana Clara",Chubut,ABSTENCION,abstencion,REC75
HCDN3036,jubilaciones-incremento-2025,5655,"Ruiz, Yamila",Misiones,AUSENTE,ausente,REC2005
HCDN2887,jubilaciones-incremento-2025,5655,"Sanchez, Roberto Antonio",Tucuman,AFIRMATIVO,afirmativo,REC78
HCDN3148,jubilaciones-incremento-2025,5655,"Sanchez Wrba, Javier",Buenos Aires,NEGATIVO,negativo,REC2052
HCDN2817,jubilaciones-incremento-2025,5655,"Sand, Nancy",Corrientes,AFIRMATIVO,afirmativo,A51162
HCDN3039,jubilaciones-incremento-2025,5655,"Santillan Juarez Brahim, Juliana",Buenos Aires,NEGATIVO,negativo,REC1954
HCDN2951,jubilaciones-incremento-2025,5655,"Santilli, Diego",Buenos Aires,NEGATIVO,negativo,REC16
HCDN2892,jubilaciones-incremento-2025,5655,"Santoro, Leandro",CABA,AFIRMATIVO,afirmativo,REC8
HCDN3065,jubilaciones-incremento-2025,5655,"Santurio, Santiago",Buenos Aires,NEGATIVO,negativo,REC2003
HCDN3016,jubilaciones-incremento-2025,5655,"Sarapura, Natalia Silvina",Jujuy,AFIRMATIVO,afirmativo,REC1944
HCDN3054,jubilaciones-incremento-2025,5655,"Selva, Sabrina",Buenos Aires,AFIRMATIVO,afirmativo,REC1998
HCDN2421,jubilaciones-incremento-2025,5655,"Siley, Vanesa Raquel",Buenos Aires,AFIRMATIVO,afirmativo,A51120
HCDN1524,jubilaciones-incremento-2025,5655,"Snopek, Guillermo",Jujuy,AFIRMATIVO,afirmativo,A50947
HCDN2773,jubilaciones-incremento-2025,5655,"Soria, Martin",Rio Negro,AFIRMATIVO,afirmativo,A51225
HCDN2914,jubilaciones-incremento-2025,5655,"Sotolano, Maria",Buenos Aires,ABSTENCION,abstencion,REC24
HCDN2925,jubilaciones-incremento-2025,5655,"Stolbizer, Margarita",Buenos Aires,AFIRMATIVO,afirmativo,A1460
HCDN3033,jubilaciones-incremento-2025,5655,"Strada, Julia",Buenos Aires,AFIRMATIVO,afirmativo,REC1995
HCDN1455,jubilaciones-incremento-2025,5655,"Tailhade, Rodolfo",Buenos Aires,AFIRMATIVO,afirmativo,A50897
HCDN2895,jubilaciones-incremento-2025,5655,"Tavela, Danya",Buenos Aires,AFIRMATIVO,afirmativo,REC23
HCDN2943,jubilaciones-incremento-2025,5655,"Tetaz, Martin Alberto",CABA,ABSTENCION,abstencion,REC10
HCDN3083,jubilaciones-incremento-2025,5655,"Todero, Pablo",Neuquen,AFIRMATIVO,afirmativo,REC1959
HCDN2896,jubilaciones-incremento-2025,5655,"Tolosa Paz, Victoria",Buenos Aires,AFIRMATIVO,afirmativo,REC17
HCDN2889,jubilaciones-incremento-2025,5655,"Toniolli, Eduardo",Santa Fe,AFIRMATIVO,afirmativo,REC35
HCDN3109,jubilaciones-incremento-2025,5655,"Torres, Alejandra",Cordoba,AFIRMATIVO,afirmativo,REC2036
HCDN2924,jubilaciones-incremento-2025,5655,"Tortoriello, Anibal",Rio Negro,NEGATIVO,negativo,REC59
HCDN3142,jubilaciones-incremento-2025,5655,"Tournier, Jose Federico",Corrientes,NEGATIVO,negativo,REC2048
HCDN3102,jubilaciones-incremento-2025,5655,"Treffinger, Cesar",Chubut,NEGATIVO,negativo,REC1955
HCDN2825,jubilaciones-incremento-2025,5655,"Valdes, Eduardo Felix",CABA,AFIRMATIVO,afirmativo,A51237
HCDN3031,jubilaciones-incremento-2025,5655,"Vancsik, Daniel",Misiones,AUSENTE,ausente,REC2008
HCDN2899,jubilaciones-incremento-2025,5655,"Vargas Matyi, Brenda",Buenos Aires,AFIRMATIVO,afirmativo,REC14
HCDN3037,jubilaciones-incremento-2025,5655,"Vasquez, Patricia",Buenos Aires,NEGATIVO,negativo,REC1986
HCDN3038,jubilaciones-incremento-2025,5655,"Vega, Yolanda",Salta,AFIRMATIVO,afirmativo,REC1997
HCDN1555,jubilaciones-incremento-2025,5655,"Verasay, Pamela Fernanda",Mendoza,ABSTENCION,abstencion,REC50
HCDN2953,jubilaciones-incremento-2025,5655,"Vidal, Maria Eugenia",CABA,ABSTENCION,abstencion,REC9
HCDN2935,jubilaciones-incremento-2025,5655,"Vilca, Alejandro",Jujuy,AFIRMATIVO,afirmativo,REC43
HCDN3091,jubilaciones-incremento-2025,5655,"Villaverde, Lorena",Rio Negro,NEGATIVO,negativo,REC1967
HCDN1456,jubilaciones-incremento-2025,5655,"Volnovich, Luana",Buenos Aires,AFIRMATIVO,afirmativo,A50899
HCDN2429,jubilaciones-incremento-2025,5655,"Yasky, Hugo",Buenos Aires,AFIRMATIVO,afirmativo,A51095
HCDN2431,jubilaciones-incremento-2025,5655,"Yedlin, Pablo Raul",Tucuman,AFIRMATIVO,afirmativo,A51126
HCDN3086,jubilaciones-incremento-2025,5655,"Yeza, Martin",Buenos Aires,NEGATIVO,negativo,REC1982
HCDN2856,jubilaciones-incremento-2025,5655,"Yutrovic, Carolina",Tierra Del Fuego,AFIRMATIVO,afirmativo,A51244
HCDN2986,jubilaciones-incremento-2025,5655,"Zabala Chacur, Natalia",San Luis,AFIRMATIVO,afirmativo,REC102
HCDN3073,jubilaciones-incremento-2025,5655,"Zago, Oscar",CABA,AUSENTE,ausente,REC2016
HCDN2900,jubilaciones-incremento-2025,5655,"Zapata, Carlos Raul",Salta,NEGATIVO,negativo,REC60
HCDN2976,jubilaciones-incremento-2025,5655,"Zaracho, Natalia",Buenos Aires,AFIRMATIVO,afirmativo,REC101
HCDN3077,jubilaciones-incremento-2025,5655,"Zulli, Christian Alejandro",Corrientes,AFIRMATIVO,afirmativo,REC2038
vote-acevedo-sergio-edgardo,moratoria-previsional-2025,5660,"Acevedo, Sergio Edgardo",,AFIRMATIVO,afirmativo,REC2043
HCDN3018,moratoria-previsional-2025,5660,"Agost Carreño, Oscar",Cordoba,NEGATIVO,negativo,REC1948
HCDN0972,moratoria-previsional-2025,5660,"Aguirre, Hilda",La Rioja,AFIRMATIVO,afirmativo,A4608
HCDN2959,moratoria-previsional-2025,5660,"Aguirre, Manuel Ignacio",Corrientes,AUSENTE,ausente,REC37
HCDN2916,moratoria-previsional-2025,5660,"Ajmechet, Sabrina",CABA,NEGATIVO,negativo,REC71
HCDN3140,moratoria-previsional-2025,5660,"Ali, Ernesto Pipi",San Luis,AFIRMATIVO,afirmativo,REC2009
HCDN2912,moratoria-previsional-2025,5660,"Alianiello, Eugenia",Chubut,AFIRMATIVO,afirmativo,REC76
HCDN2350,moratoria-previsional-2025,5660,"Allende, Walberto",San Juan,AFIRMATIVO,afirmativo,A51078
HCDN3029,moratoria-previsional-2025,5660,"Almiron, Lisandro",Corrientes,NEGATIVO,negativo,REC2035
HCDN2937,moratoria-previsional-2025,5660,"Alonso, Constanza Maria",Buenos Aires,AFIRMATIVO,afirmativo,REC12
HCDN2354,moratoria-previsional-2025,5660,"Ansaloni, Pablo",Buenos Aires,NEGATIVO,negativo,A51049
HCDN2893,moratoria-previsional-2025,5660,"Antola, Marcela",Entre Rios,ABSTENCION,abstencion,REC38
HCDN3032,moratoria-previsional-2025,5660,"Arabia, Damian",CABA,NEGATIVO,negativo,REC1957
HCDN3022,moratoria-previsional-2025,5660,"Arancibia Rodriguez, Alberto Gustavo",San Luis,NEGATIVO,negativo,REC1952
HCDN3023,moratoria-previsional-2025,5660,"Araujo, Maria Fernanda",CABA,NEGATIVO,negativo,REC2045
HCDN3047,moratoria-previsional-2025,5660,"Araujo Hernandez, Jorge Neri",Tierra Del Fuego,AFIRMATIVO,afirmativo,REC1970
HCDN3049,moratoria-previsional-2025,5660,"Ardohain, Martin",La Pampa,NEGATIVO,negativo,REC2029
HCDN2934,moratoria-previsional-2025,5660,"Arjol, Martin",Misiones,AUSENTE,ausente,REC53
HCDN3059,moratoria-previsional-2025,5660,"Arrieta, Lourdes Micaela",Mendoza,AFIRMATIVO,afirmativo,REC1983
HCDN2356,moratoria-previsional-2025,5660,"Arroyo, Daniel",Buenos Aires,AFIRMATIVO,afirmativo,A51073
HCDN3030,moratoria-previsional-2025,5660,"Arrua, Alberto",Misiones,AUSENTE,ausente,REC1996
HCDN2921,moratoria-previsional-2025,5660,"Aubone, Ana Fabiola",San Juan,AFIRMATIVO,afirmativo,REC64
HCDN3028,moratoria-previsional-2025,5660,"Aveiro, Martin",Mendoza,AFIRMATIVO,afirmativo,REC1985
HCDN3058,moratoria-previsional-2025,5660,"Avico, Belen",Cordoba,NEGATIVO,negativo,REC2021
HCDN3094,moratoria-previsional-2025,5660,"Avila, Jorge Antonio",Chubut,AUSENTE,ausente,REC2000
HCDN3052,moratoria-previsional-2025,5660,"Avila, Fernanda",Catamarca,AUSENTE,ausente,REC1981
HCDN2947,moratoria-previsional-2025,5660,"Bachey, Karina Ethel",San Luis,NEGATIVO,negativo,REC83
HCDN1364,moratoria-previsional-2025,5660,"Baldassi, Hector W.",Cordoba,NEGATIVO,negativo,A50820
HCDN3143,moratoria-previsional-2025,5660,"Ballejos, Nancy",Entre Rios,NEGATIVO,negativo,REC2049
HCDN1447,moratoria-previsional-2025,5660,"Banfi, Karina",Buenos Aires,NEGATIVO,negativo,A50906
HCDN2906,moratoria-previsional-2025,5660,"Barletta, Mario",Santa Fe,NEGATIVO,negativo,A50864
HCDN1240,moratoria-previsional-2025,5660,"Basterra, Luis Eugenio",Formosa,AFIRMATIVO,afirmativo,A50726
HCDN1148,moratoria-previsional-2025,5660,"Benedetti, Atilio",Entre Rios,NEGATIVO,negativo,A4774
HCDN3111,moratoria-previsional-2025,5660,"Benedit, Beltran",Entre Rios,NEGATIVO,negativo,REC2015
HCDN3064,moratoria-previsional-2025,5660,"Benegas Lynch, Bertie",Buenos Aires,NEGATIVO,negativo,REC1988
HCDN2917,moratoria-previsional-2025,5660,"Bermejo, Adolfo",Mendoza,AFIRMATIVO,afirmativo,REC65
HCDN2907,moratoria-previsional-2025,5660,"Bertoldi, Tanya",Neuquen,AFIRMATIVO,afirmativo,REC56
HCDN2881,moratoria-previsional-2025,5660,"Besana, Gabriela",Buenos Aires,NEGATIVO,negativo,REC25
HCDN3079,moratoria-previsional-2025,5660,"Bianchetti, Emmanuel",Misiones,AUSENTE,ausente,REC1999
HCDN3141,moratoria-previsional-2025,5660,"Biasi, Vanina",CABA,AFIRMATIVO,afirmativo,REC2047
HCDN3088,moratoria-previsional-2025,5660,"Bonacci, Rocio",Santa Fe,NEGATIVO,negativo,REC1966
HCDN3048,moratoria-previsional-2025,5660,"Bongiovanni, Alejandro",Santa Fe,NEGATIVO,negativo,REC1974
HCDN3035,moratoria-previsional-2025,5660,"Bordet, Gustavo",Entre Rios,AFIRMATIVO,afirmativo,REC2020
HCDN3042,moratoria-previsional-2025,5660,"Bornoroni, Gabriel",Cordoba,NEGATIVO,negativo,REC2024
HCDN2913,moratoria-previsional-2025,5660,"Borrego, Victoria",Buenos Aires,NEGATIVO,negativo,REC3
HCDN2361,moratoria-previsional-2025,5660,"Brambilla, Sofia",Corrientes,NEGATIVO,negativo,A51039
HCDN2956,moratoria-previsional-2025,5660,"Brouwer de Koning, Gabriela",Cordoba,NEGATIVO,negativo,REC29
HCDN1577,moratoria-previsional-2025,5660,"Brügge, Juan Fernando",Cordoba,AUSENTE,ausente,A51013
HCDN2831,moratoria-previsional-2025,5660,"Cafiero, Santiago",Buenos Aires,AFIRMATIVO,afirmativo,REC1953
HCDN2946,moratoria-previsional-2025,5660,"Calletti, Pamela",Salta,AFIRMATIVO,afirmativo,REC62
HCDN2362,moratoria-previsional-2025,5660,"Campagnoli, Marcela",Buenos Aires,NEGATIVO,negativo,A51061
HCDN3044,moratoria-previsional-2025,5660,"Campero, Mariano",Tucuman,AUSENTE,ausente,REC2013
HCDN3093,moratoria-previsional-2025,5660,"Campitelli, Celia",Santiago Del Estero,AUSENTE,ausente,REC2025
HCDN3080,moratoria-previsional-2025,5660,"Capozzi, Sergio Eduardo",Rio Negro,NEGATIVO,negativo,REC1963
HCDN2923,moratoria-previsional-2025,5660,"Carbajal, Fernando",Formosa,ABSTENCION,abstencion,REC41
HCDN3090,moratoria-previsional-2025,5660,"Carignano, Florencia",Santa Fe,AFIRMATIVO,afirmativo,REC1979
HCDN1361,moratoria-previsional-2025,5660,"Carrizo, Ana Carla",CABA,ABSTENCION,abstencion,A50810
HCDN1365,moratoria-previsional-2025,5660,"Carrizo, Soledad",Cordoba,NEGATIVO,negativo,A50821
HCDN2366,moratoria-previsional-2025,5660,"Carro, Pablo",Cordoba,AFIRMATIVO,afirmativo,A51112
HCDN2780,moratoria-previsional-2025,5660,"Casas, Sergio Guillermo",La Rioja,AFIRMATIVO,afirmativo,A51161
HCDN1454,moratoria-previsional-2025,5660,"Castagneto, Carlos Daniel",Buenos Aires,AFIRMATIVO,afirmativo,A50896
HCDN3066,moratoria-previsional-2025,5660,"Castillo, Christian",Buenos Aires,AFIRMATIVO,afirmativo,REC2007
HCDN2930,moratoria-previsional-2025,5660,"Cervi, Pablo",Neuquen,NEGATIVO,negativo,REC57
HCDN2911,moratoria-previsional-2025,5660,"Chaher, Leila",Jujuy,AFIRMATIVO,afirmativo,REC42
HCDN3085,moratoria-previsional-2025,5660,"Chica, Jorge",San Juan,AFIRMATIVO,afirmativo,REC2001
HCDN2885,moratoria-previsional-2025,5660,"Chomiak, Maria Luisa",Chaco,AFIRMATIVO,afirmativo,REC72
HCDN2919,moratoria-previsional-2025,5660,"Chumpitaz, Gabriel Felipe",Santa Fe,NEGATIVO,negativo,REC32
HCDN2803,moratoria-previsional-2025,5660,"Cipolini, Gerardo",Chaco,AUSENTE,ausente,A51196
HCDN2765,moratoria-previsional-2025,5660,"Cisneros, Carlos",Tucuman,AFIRMATIVO,afirmativo,A51152
HCDN1066,moratoria-previsional-2025,5660,"Cobos, Julio",Mendoza,NEGATIVO,negativo,A50843
HCDN3034,moratoria-previsional-2025,5660,"Coletta, Mariela",CABA,ABSTENCION,abstencion,REC1961
HCDN2894,moratoria-previsional-2025,5660,"Coli, Marcela",La Pampa,AUSENTE,ausente,REC45
HCDN3072,moratoria-previsional-2025,5660,"Correa Llano, Facundo",Mendoza,NEGATIVO,negativo,REC1990
HCDN3060,moratoria-previsional-2025,5660,"D'alessandro, Carlos",San Luis,AUSENTE,ausente,REC1958
HCDN2822,moratoria-previsional-2025,5660,"Daives, Ricardo",Santiago Del Estero,AFIRMATIVO,afirmativo,A51182
HCDN2928,moratoria-previsional-2025,5660,"De la Sota, Natalia",Cordoba,AFIRMATIVO,afirmativo,REC30
HCDN2942,moratoria-previsional-2025,5660,"De Loredo, Rodrigo",Cordoba,NEGATIVO,negativo,REC26
HCDN3101,moratoria-previsional-2025,5660,"De Sensi, Maria Florencia",Buenos Aires,NEGATIVO,negativo,REC2039
HCDN1383,moratoria-previsional-2025,5660,"Del Caño, Nicolas",Buenos Aires,AFIRMATIVO,afirmativo,A50844
HCDN3041,moratoria-previsional-2025,5660,"Diez, Romina",Santa Fe,NEGATIVO,negativo,REC2012
HCDN2954,moratoria-previsional-2025,5660,"Domingo, Agustin",Rio Negro,AUSENTE,ausente,REC58
HCDN3024,moratoria-previsional-2025,5660,"Emma, Nicolas",CABA,NEGATIVO,negativo,REC2042
HCDN2901,moratoria-previsional-2025,5660,"Espert, Jose Luis",Buenos Aires,NEGATIVO,negativo,REC4
HCDN1514,moratoria-previsional-2025,5660,"Estevez, Gabriela Beatriz",Cordoba,AFIRMATIVO,afirmativo,A50936
HCDN2884,moratoria-previsional-2025,5660,"Estrada, Emiliano",Salta,AFIRMATIVO,afirmativo,REC61
HCDN3089,moratoria-previsional-2025,5660,"Falcone, Eduardo",Buenos Aires,AUSENTE,ausente,REC1969
HCDN2891,moratoria-previsional-2025,5660,"Fein, Monica",Santa Fe,AFIRMATIVO,afirmativo,A4629
HCDN2985,moratoria-previsional-2025,5660,"Fernandez, Carlos Alberto",Misiones,AUSENTE,ausente,REC52
HCDN3020,moratoria-previsional-2025,5660,"Fernandez, Elia Marina",Tucuman,AFIRMATIVO,afirmativo,REC1951
HCDN2903,moratoria-previsional-2025,5660,"Fernandez, Agustin",Tucuman,AFIRMATIVO,afirmativo,REC81
HCDN3057,moratoria-previsional-2025,5660,"Fernandez Molero, Daiana",CABA,NEGATIVO,negativo,REC1964
HCDN2376,moratoria-previsional-2025,5660,"Fernandez Patri, Ramiro",Formosa,AFIRMATIVO,afirmativo,A51050
HCDN2787,moratoria-previsional-2025,5660,"Ferraro, Maximiliano",CABA,NEGATIVO,negativo,A51181
HCDN3139,moratoria-previsional-2025,5660,"Ferreyra, Alida",CABA,NEGATIVO,negativo,REC2046
HCDN2888,moratoria-previsional-2025,5660,"Figueroa Casas, Germana",Santa Fe,NEGATIVO,negativo,REC70
HCDN2955,moratoria-previsional-2025,5660,"Finocchiaro, Alejandro",Buenos Aires,NEGATIVO,negativo,REC2
HCDN2810,moratoria-previsional-2025,5660,"Frade, Monica",Buenos Aires,AUSENTE,ausente,A51199
HCDN3087,moratoria-previsional-2025,5660,"Freites, Andrea",Tierra Del Fuego,AFIRMATIVO,afirmativo,REC1973
HCDN1375,moratoria-previsional-2025,5660,"Gaillard, Ana Carolina",Entre Rios,AFIRMATIVO,afirmativo,A50833
HCDN3106,moratoria-previsional-2025,5660,"Garcia, Carlos",Chaco,NEGATIVO,negativo,REC1993
HCDN2910,moratoria-previsional-2025,5660,"Garcia Aresca, Ignacio",Cordoba,AUSENTE,ausente,REC31
HCDN3146,moratoria-previsional-2025,5660,"Garramuño, Ricardo",Tierra Del Fuego,NEGATIVO,negativo,REC2050
HCDN3099,moratoria-previsional-2025,5660,"Garrido, Jose Luis",Santa Cruz,ABSTENCION,abstencion,REC1962
HCDN2382,moratoria-previsional-2025,5660,"Ginocchio, Silvana Micaela",Catamarca,AFIRMATIVO,afirmativo,A51051
HCDN3026,moratoria-previsional-2025,5660,"Giorgi, Melina",Santa Fe,ABSTENCION,abstencion,REC2040
HCDN3043,moratoria-previsional-2025,5660,"Giudici, Silvana",CABA,NEGATIVO,negativo,A4356
HCDN3074,moratoria-previsional-2025,5660,"Giuliano, Diego A.",Santa Fe,AFIRMATIVO,afirmativo,REC2014
HCDN3053,moratoria-previsional-2025,5660,"Glinski, Jose",Chubut,AFIRMATIVO,afirmativo,REC2004
HCDN2926,moratoria-previsional-2025,5660,"Gollan, Daniel",Buenos Aires,AFIRMATIVO,afirmativo,REC18
HCDN3062,moratoria-previsional-2025,5660,"Gomez, Jose",Santiago Del Estero,AUSENTE,ausente,REC2027
HCDN2979,moratoria-previsional-2025,5660,"Gonzalez, Gustavo Carlos Miguel",Santa Cruz,AFIRMATIVO,afirmativo,REC68
HCDN1466,moratoria-previsional-2025,5660,"Gonzalez, Alvaro",CABA,AUSENTE,ausente,A50919
HCDN3055,moratoria-previsional-2025,5660,"Gonzalez, Gerardo Gustavo",Formosa,NEGATIVO,negativo,REC2030
HCDN2768,moratoria-previsional-2025,5660,"Gutierrez, Carlos",Cordoba,NEGATIVO,negativo,A51185
HCDN2775,moratoria-previsional-2025,5660,"Gutierrez, Ramiro",Buenos Aires,AFIRMATIVO,afirmativo,A51201
HCDN2804,moratoria-previsional-2025,5660,"Hagman, Itai",CABA,AFIRMATIVO,afirmativo,A51202
HCDN1180,moratoria-previsional-2025,5660,"Heller, Carlos",CABA,AFIRMATIVO,afirmativo,A4763
HCDN2949,moratoria-previsional-2025,5660,"Herrera, Ricardo",La Rioja,AFIRMATIVO,afirmativo,REC48
HCDN2445,moratoria-previsional-2025,5660,"Herrera, Bernardo Jose",Santiago Del Estero,AFIRMATIVO,afirmativo,A51138
HCDN3098,moratoria-previsional-2025,5660,"Huesen, Gerardo",Tucuman,NEGATIVO,negativo,REC2028
HCDN1272,moratoria-previsional-2025,5660,"Ianni, Ana Maria",Santa Cruz,AFIRMATIVO,afirmativo,A50751
HCDN3092,moratoria-previsional-2025,5660,"Ibañez, Maria Cecilia",Cordoba,NEGATIVO,negativo,REC2031
HCDN1031,moratoria-previsional-2025,5660,"Iglesias, Fernando Adolfo",CABA,NEGATIVO,negativo,A4666
HCDN2950,moratoria-previsional-2025,5660,"Iparraguirre, Rogelio",Buenos Aires,AFIRMATIVO,afirmativo,REC15
HCDN3068,moratoria-previsional-2025,5660,"Juliano, Pablo",Buenos Aires,ABSTENCION,abstencion,REC1972
HCDN1489,moratoria-previsional-2025,5660,"Kirchner, Maximo Carlos",Buenos Aires,AFIRMATIVO,afirmativo,A50966
HCDN2941,moratoria-previsional-2025,5660,"Klipauka Lewtak, Florencia",Misiones,NEGATIVO,negativo,REC54
HCDN1433,moratoria-previsional-2025,5660,"Laspina, Luciano Andres",Santa Fe,NEGATIVO,negativo,A50884
HCDN2886,moratoria-previsional-2025,5660,"Ledesma, Tomas",Entre Rios,AFIRMATIVO,afirmativo,REC84
HCDN2799,moratoria-previsional-2025,5660,"Leiva, Aldo",Chaco,AUSENTE,ausente,A51210
HCDN3084,moratoria-previsional-2025,5660,"Lemoine, Lilia",Buenos Aires,NEGATIVO,negativo,REC1994
HCDN2936,moratoria-previsional-2025,5660,"Litza, Monica",Buenos Aires,AFIRMATIVO,afirmativo,A51022
HCDN3025,moratoria-previsional-2025,5660,"Llancafilo, Osvaldo",Neuquen,ABSTENCION,abstencion,REC2044
HCDN3070,moratoria-previsional-2025,5660,"Llano, Mercedes",Mendoza,NEGATIVO,negativo,REC1992
HCDN2401,moratoria-previsional-2025,5660,"Lopez, Juan Manuel",Buenos Aires,NEGATIVO,negativo,A51044
HCDN2898,moratoria-previsional-2025,5660,"Lopez Murphy, Ricardo Hipolito",CABA,AUSENTE,ausente,REC11
HCDN2791,moratoria-previsional-2025,5660,"Lopez Rodriguez, Dante",Catamarca,AFIRMATIVO,afirmativo,A51235
HCDN1439,moratoria-previsional-2025,5660,"Lospennato, Silvia",Buenos Aires,NEGATIVO,negativo,A50900
HCDN2402,moratoria-previsional-2025,5660,"Macha, Monica",Buenos Aires,AFIRMATIVO,afirmativo,A51094
HCDN3075,moratoria-previsional-2025,5660,"Macyszyn, Lorena",Buenos Aires,NEGATIVO,negativo,REC1975
HCDN2908,moratoria-previsional-2025,5660,"Manes, Facundo",Buenos Aires,ABSTENCION,abstencion,REC22
HCDN3081,moratoria-previsional-2025,5660,"Manrique, Mario",Buenos Aires,AFIRMATIVO,afirmativo,REC2010
HCDN1565,moratoria-previsional-2025,5660,"Maquieyra, Martin",La Pampa,NEGATIVO,negativo,A51017
HCDN2944,moratoria-previsional-2025,5660,"Marin, Varinia Lis",La Pampa,AFIRMATIVO,afirmativo,REC46
HCDN3007,moratoria-previsional-2025,5660,"Marino, Juan",Buenos Aires,AFIRMATIVO,afirmativo,REC1936
HCDN3063,moratoria-previsional-2025,5660,"Marquez, Nadia",Neuquen,NEGATIVO,negativo,REC1956
HCDN2938,moratoria-previsional-2025,5660,"Martinez, Alvaro",Mendoza,NEGATIVO,negativo,REC51
HCDN2789,moratoria-previsional-2025,5660,"Martinez, German Pedro",Santa Fe,AFIRMATIVO,afirmativo,A51215
HCDN2860,moratoria-previsional-2025,5660,"Marziotta, Gisela",CABA,AFIRMATIVO,afirmativo,A51262
HCDN1512,moratoria-previsional-2025,5660,"Massot, Nicolas",Buenos Aires,NEGATIVO,negativo,A50934
HCDN2948,moratoria-previsional-2025,5660,"Mastaler, Magali",Santa Fe,AFIRMATIVO,afirmativo,REC34
HCDN3071,moratoria-previsional-2025,5660,"Mayoraz, Nicolas",Santa Fe,NEGATIVO,negativo,REC2017
HCDN2392,moratoria-previsional-2025,5660,"Medina, Gladys",Tucuman,AFIRMATIVO,afirmativo,A51113
HCDN3107,moratoria-previsional-2025,5660,"Menem, Martin",La Rioja,PRESIDENTE,presidente,REC2023
HCDN1192,moratoria-previsional-2025,5660,"Milman, Gerardo",Buenos Aires,NEGATIVO,negativo,A4769
HCDN2738,moratoria-previsional-2025,5660,"Mirabella, Roberto",Santa Fe,AFIRMATIVO,afirmativo,REC33
HCDN3056,moratoria-previsional-2025,5660,"Molle, Matias",Buenos Aires,AFIRMATIVO,afirmativo,REC2018
HCDN3095,moratoria-previsional-2025,5660,"Montenegro, Guillermo",Buenos Aires,NEGATIVO,negativo,REC1980
HCDN2927,moratoria-previsional-2025,5660,"Monti, Francisco",Catamarca,NEGATIVO,negativo,REC77
HCDN2808,moratoria-previsional-2025,5660,"Montoto, Maria Luisa",Santiago Del Estero,AFIRMATIVO,afirmativo,A51238
HCDN1440,moratoria-previsional-2025,5660,"Monzo, Emilio",Buenos Aires,ABSTENCION,abstencion,A50901
HCDN3045,moratoria-previsional-2025,5660,"Monzon, Roxana",Buenos Aires,AFIRMATIVO,afirmativo,REC1976
HCDN3008,moratoria-previsional-2025,5660,"Moran, Micaela",Buenos Aires,AFIRMATIVO,afirmativo,REC1937
HCDN3046,moratoria-previsional-2025,5660,"Morchio, Francisco",Entre Rios,NEGATIVO,negativo,REC2026
vote-moreau-leopoldo,moratoria-previsional-2025,5660,"Moreau, Leopoldo",,AFIRMATIVO,afirmativo,A51098
HCDN1463,moratoria-previsional-2025,5660,"Moreau, Cecilia",Buenos Aires,AFIRMATIVO,afirmativo,A50898
HCDN3104,moratoria-previsional-2025,5660,"Moreno, Maria de los Angeles",San Juan,AUSENTE,ausente,REC2041
HCDN3103,moratoria-previsional-2025,5660,"Moreno Ovalle, Julio",Salta,NEGATIVO,negativo,REC1984
HCDN2980,moratoria-previsional-2025,5660,"Moyano, Nilda",Santiago Del Estero,AFIRMATIVO,afirmativo,REC85
HCDN2340,moratoria-previsional-2025,5660,"Neder, Estela Mary",Santiago Del Estero,AFIRMATIVO,afirmativo,A51059
HCDN2983,moratoria-previsional-2025,5660,"Nieri, Lisandro",Mendoza,NEGATIVO,negativo,REC86
HCDN3076,moratoria-previsional-2025,5660,"Noblega, Sebastian",Catamarca,AFIRMATIVO,afirmativo,REC1989
HCDN1500,moratoria-previsional-2025,5660,"Nuñez, Jose",Santa Fe,AUSENTE,ausente,A50973
HCDN2400,moratoria-previsional-2025,5660,"Oliveto Lago, Paula",CABA,NEGATIVO,negativo,A51115
HCDN2909,moratoria-previsional-2025,5660,"Omodeo, Paula",Tucuman,NEGATIVO,negativo,REC79
HCDN3096,moratoria-previsional-2025,5660,"Orozco, Emilia",Salta,NEGATIVO,negativo,REC1987
HCDN0633,moratoria-previsional-2025,5660,"Osuna, Blanca Ines",Entre Rios,AFIRMATIVO,afirmativo,A51218
HCDN3100,moratoria-previsional-2025,5660,"Outes, Pablo",Salta,AUSENTE,ausente,REC1991
HCDN3061,moratoria-previsional-2025,5660,"Pagano, Marcela Marina",Buenos Aires,AUSENTE,ausente,REC1968
HCDN2904,moratoria-previsional-2025,5660,"Palazzo, Sergio Omar",Buenos Aires,AFIRMATIVO,afirmativo,REC19
HCDN2922,moratoria-previsional-2025,5660,"Paponet, Liliana",Mendoza,AFIRMATIVO,afirmativo,REC49
HCDN2784,moratoria-previsional-2025,5660,"Parola, Maria Graciela",Formosa,AFIRMATIVO,afirmativo,A51173
HCDN1460,moratoria-previsional-2025,5660,"Passo, Marcela Fabiana",Buenos Aires,AFIRMATIVO,afirmativo,A50912
HCDN3105,moratoria-previsional-2025,5660,"Pauli, Santiago",Tierra Del Fuego,NEGATIVO,negativo,REC1978
HCDN3108,moratoria-previsional-2025,5660,"Paulon, Esteban",Santa Fe,AFIRMATIVO,afirmativo,REC2019
HCDN2902,moratoria-previsional-2025,5660,"Pedrali, Gabriela",La Rioja,AFIRMATIVO,afirmativo,REC47
HCDN1356,moratoria-previsional-2025,5660,"Pedrini, Juan Manuel",Chaco,AFIRMATIVO,afirmativo,A50816
HCDN3040,moratoria-previsional-2025,5660,"Peluc, Jose",San Juan,NEGATIVO,negativo,REC2002
HCDN2821,moratoria-previsional-2025,5660,"Penacca, Paula Andrea",CABA,AFIRMATIVO,afirmativo,A51180
HCDN2915,moratoria-previsional-2025,5660,"Pereyra, Julio",Buenos Aires,AFIRMATIVO,afirmativo,REC13
HCDN3051,moratoria-previsional-2025,5660,"Picat, Luis Albino",Cordoba,NEGATIVO,negativo,REC2032
HCDN0022,moratoria-previsional-2025,5660,"Pichetto, Miguel Angel",Buenos Aires,NEGATIVO,negativo,REC1965
HCDN3050,moratoria-previsional-2025,5660,"Picon Martinez, Nancy Viviana",San Juan,AFIRMATIVO,afirmativo,REC2006
HCDN2940,moratoria-previsional-2025,5660,"Piparo, Carolina",Buenos Aires,NEGATIVO,negativo,REC5
HCDN3082,moratoria-previsional-2025,5660,"Pokoik, Lorena",CABA,AFIRMATIVO,afirmativo,REC2011
HCDN2929,moratoria-previsional-2025,5660,"Polini, Juan Carlos",Chaco,AUSENTE,ausente,REC73
HCDN3069,moratoria-previsional-2025,5660,"Ponce, Maria Celeste",Cordoba,NEGATIVO,negativo,REC2034
HCDN3078,moratoria-previsional-2025,5660,"Potenza, Luciana",Buenos Aires,AFIRMATIVO,afirmativo,REC1960
HCDN2905,moratoria-previsional-2025,5660,"Propato, Agustina Lucrecia",Buenos Aires,AFIRMATIVO,afirmativo,REC20
HCDN2406,moratoria-previsional-2025,5660,"Quetglas, Fabio Jose",Buenos Aires,NEGATIVO,negativo,A51096
HCDN3097,moratoria-previsional-2025,5660,"Quintar, Manuel",Jujuy,NEGATIVO,negativo,REC2033
HCDN2945,moratoria-previsional-2025,5660,"Quiroz, Marilu",Chaco,NEGATIVO,negativo,REC74
HCDN1042,moratoria-previsional-2025,5660,"Randazzo, Florencio",Buenos Aires,ABSTENCION,abstencion,REC82
HCDN2408,moratoria-previsional-2025,5660,"Rauschenberger, Ariel",La Pampa,AFIRMATIVO,afirmativo,A51103
HCDN3110,moratoria-previsional-2025,5660,"Razzini, Veronica",Santa Fe,AUSENTE,ausente,REC2022
vote-reyes-roxana,moratoria-previsional-2025,5660,"Reyes, Roxana",,NEGATIVO,negativo,A51077
HCDN3149,moratoria-previsional-2025,5660,"Ripoll, Vilma",Buenos Aires,AFIRMATIVO,afirmativo,REC2053
HCDN0788,moratoria-previsional-2025,5660,"Ritondo, Cristian A.",Buenos Aires,NEGATIVO,negativo,A51221
HCDN2754,moratoria-previsional-2025,5660,"Rizzotti, Jorge",Jujuy,ABSTENCION,abstencion,A51183
vote-rodriguez-machado-laura,moratoria-previsional-2025,5660,"Rodriguez Machado, Laura",,NEGATIVO,negativo,REC27
HCDN2412,moratoria-previsional-2025,5660,"Romero, Jorge Antonio",Corrientes,AFIRMATIVO,afirmativo,A51084
HCDN2952,moratoria-previsional-2025,5660,"Romero, Ana Clara",Chubut,NEGATIVO,negativo,REC75
HCDN3036,moratoria-previsional-2025,5660,"Ruiz, Yamila",Misiones,AUSENTE,ausente,REC2005
HCDN2887,moratoria-previsional-2025,5660,"Sanchez, Roberto Antonio",Tucuman,NEGATIVO,negativo,REC78
HCDN3148,moratoria-previsional-2025,5660,"Sanchez Wrba, Javier",Buenos Aires,NEGATIVO,negativo,REC2052
HCDN2817,moratoria-previsional-2025,5660,"Sand, Nancy",Corrientes,AFIRMATIVO,afirmativo,A51162
HCDN3039,moratoria-previsional-2025,5660,"Santillan Juarez Brahim, Juliana",Buenos Aires,NEGATIVO,negativo,REC1954
HCDN2951,moratoria-previsional-2025,5660,"Santilli, Diego",Buenos Aires,NEGATIVO,negativo,REC16
HCDN2892,moratoria-previsional-2025,5660,"Santoro, Leandro",CABA,AFIRMATIVO,afirmativo,REC8
HCDN3065,moratoria-previsional-2025,5660,"Santurio, Santiago",Buenos Aires,NEGATIVO,negativo,REC2003
HCDN3016,moratoria-previsional-2025,5660,"Sarapura, Natalia Silvina",Jujuy,NEGATIVO,negativo,REC1944
HCDN3054,moratoria-previsional-2025,5660,"Selva, Sabrina",Buenos Aires,AFIRMATIVO,afirmativo,REC1998
HCDN2421,moratoria-previsional-2025,5660,"Siley, Vanesa Raquel",Buenos Aires,AFIRMATIVO,afirmativo,A51120
HCDN1524,moratoria-previsional-2025,5660,"Snopek, Guillermo",Jujuy,AFIRMATIVO,afirmativo,A50947
HCDN2773,moratoria-previsional-2025,5660,"Soria, Martin",Rio Negro,AFIRMATIVO,afirmativo,A51225
HCDN2914,moratoria-previsional-2025,5660,"Sotolano, Maria",Buenos Aires,NEGATIVO,negativo,REC24
HCDN2925,moratoria-previsional-2025,5660,"Stolbizer, Margarita",Buenos Aires,ABSTENCION,abstencion,A1460
HCDN3033,moratoria-previsional-2025,5660,"Strada, Julia",Buenos Aires,AFIRMATIVO,afirmativo,REC1995
HCDN1455,moratoria-previsional-2025,5660,"Tailhade, Rodolfo",Buenos Aires,AFIRMATIVO,afirmativo,A50897
HCDN2895,moratoria-previsional-2025,5660,"Tavela, Danya",Buenos Aires,ABSTENCION,abstencion,REC23
HCDN2943,moratoria-previsional-2025,5660,"Tetaz, Martin Alberto",CABA,NEGATIVO,negativo,REC10
HCDN3083,moratoria-previsional-2025,5660,"Todero, Pablo",Neuquen,AFIRMATIVO,afirmativo,REC1959
HCDN2896,moratoria-previsional-2025,5660,"Tolosa Paz, Victoria",Buenos Aires,AFIRMATIVO,afirmativo,REC17
HCDN2889,moratoria-previsional-2025,5660,"Toniolli, Eduardo",Santa Fe,AFIRMATIVO,afirmativo,REC35
HCDN3109,moratoria-previsional-2025,5660,"Torres, Alejandra",Cordoba,ABSTENCION,abstencion,REC2036
HCDN2924,moratoria-previsional-2025,5660,"Tortoriello, Anibal",Rio Negro,NEGATIVO,negativo,REC59
HCDN3142,moratoria-previsional-2025,5660,"Tournier, Jose Federico",Corrientes,NEGATIVO,negativo,REC2048
HCDN3102,moratoria-previsional-2025,5660,"Treffinger, Cesar",Chubut,NEGATIVO,negativo,REC1955
HCDN2825,moratoria-previsional-2025,5660,"Valdes, Eduardo Felix",CABA,AFIRMATIVO,afirmativo,A51237
HCDN3031,moratoria-previsional-2025,5660,"Vancsik, Daniel",Misiones,AUSENTE,ausente,REC2008
HCDN2899,moratoria-previsional-2025,5660,"Vargas Matyi, Brenda",Buenos Aires,AFIRMATIVO,afirmativo,REC14
HCDN3037,moratoria-previsional-2025,5660,"Vasquez, Patricia",Buenos Aires,NEGATIVO,negativo,REC1986
HCDN3038,moratoria-previsional-2025,5660,"Vega, Yolanda",Salta,AFIRMATIVO,afirmativo,REC1997
HCDN1555,moratoria-previsional-2025,5660,"Verasay, Pamela Fernanda",Mendoza,NEGATIVO,negativo,REC50
HCDN2953,moratoria-previsional-2025,5660,"Vidal, Maria Eugenia",CABA,NEGATIVO,negativo,REC9
HCDN2935,moratoria-previsional-2025,5660,"Vilca, Alejandro",Jujuy,AFIRMATIVO,afirmativo,REC43
HCDN3091,moratoria-previsional-2025,5660,"Villaverde, Lorena",Rio Negro,NEGATIVO,negativo,REC1967
HCDN1456,moratoria-previsional-2025,5660,"Volnovich, Luana",Buenos Aires,AFIRMATIVO,afirmativo,A50899
HCDN2429,moratoria-previsional-2025,5660,"Yasky, Hugo",Buenos Aires,AFIRMATIVO,afirmativo,A51095
HCDN2431,moratoria-previsional-2025,5660,"Yedlin, Pablo Raul",Tucuman,AFIRMATIVO,afirmativo,A51126
HCDN3086,moratoria-previsional-2025,5660,"Yeza, Martin",Buenos Aires,NEGATIVO,negativo,REC1982
HCDN2856,moratoria-previsional-2025,5660,"Yutrovic, Carolina",Tierra Del Fuego,AFIRMATIVO,afirmativo,A51244
HCDN2986,moratoria-previsional-2025,5660,"Zabala Chacur, Natalia",San Luis,AFIRMATIVO,afirmativo,REC102
HCDN3073,moratoria-previsional-2025,5660,"Zago, Oscar",CABA,AUSENTE,ausente,REC2016
HCDN2900,moratoria-previsional-2025,5660,"Zapata, Carlos Raul",Salta,NEGATIVO,negativo,REC60
HCDN2976,moratoria-previsional-2025,5660,"Zaracho, Natalia",Buenos Aires,AFIRMATIVO,afirmativo,REC101
HCDN3077,moratoria-previsional-2025,5660,"Zulli, Christian Alejandro",Corrientes,AFIRMATIVO,afirmativo,REC2038
HCDN1148,emergencia-discapacidad-2025,5667,"Benedetti, Atilio",Entre Rios,AFIRMATIVO,afirmativo,A4774
HCDN2431,emergencia-discapacidad-2025,5667,"Yedlin, Pablo Raul",Tucuman,AFIRMATIVO,afirmativo,A51126
HCDN2429,emergencia-discapacidad-2025,5667,"Yasky, Hugo",Buenos Aires,AFIRMATIVO,afirmativo,A51095
HCDN2445,emergencia-discapacidad-2025,5667,"Herrera, Bernardo Jose",Santiago Del Estero,AFIRMATIVO,afirmativo,A51138
HCDN2340,emergencia-discapacidad-2025,5667,"Neder, Estela Mary",Santiago Del Estero,AFIRMATIVO,afirmativo,A51059
HCDN2754,emergencia-discapacidad-2025,5667,"Rizzotti, Jorge",Jujuy,AFIRMATIVO,afirmativo,A51183
HCDN0972,emergencia-discapacidad-2025,5667,"Aguirre, Hilda",La Rioja,AFIRMATIVO,afirmativo,A4608
HCDN1463,emergencia-discapacidad-2025,5667,"Moreau, Cecilia",Buenos Aires,AFIRMATIVO,afirmativo,A50898
HCDN1514,emergencia-discapacidad-2025,5667,"Estevez, Gabriela Beatriz",Cordoba,AFIRMATIVO,afirmativo,A50936
HCDN2765,emergencia-discapacidad-2025,5667,"Cisneros, Carlos",Tucuman,AFIRMATIVO,afirmativo,A51152
HCDN2768,emergencia-discapacidad-2025,5667,"Gutierrez, Carlos",Cordoba,AFIRMATIVO,afirmativo,A51185
HCDN2773,emergencia-discapacidad-2025,5667,"Soria, Martin",Rio Negro,AFIRMATIVO,afirmativo,A51225
HCDN2775,emergencia-discapacidad-2025,5667,"Gutierrez, Ramiro",Buenos Aires,AFIRMATIVO,afirmativo,A51201
HCDN1447,emergencia-discapacidad-2025,5667,"Banfi, Karina",Buenos Aires,AFIRMATIVO,afirmativo,A50906
HCDN1466,emergencia-discapacidad-2025,5667,"Gonzalez, Alvaro",CABA,AUSENTE,ausente,A50919
HCDN2780,emergencia-discapacidad-2025,5667,"Casas, Sergio Guillermo",La Rioja,AFIRMATIVO,afirmativo,A51161
HCDN2980,emergencia-discapacidad-2025,5667,"Moyano, Nilda",Santiago Del Estero,AFIRMATIVO,afirmativo,REC85
HCDN3007,emergencia-discapacidad-2025,5667,"Marino, Juan",Buenos Aires,AFIRMATIVO,afirmativo,REC1936
HCDN2784,emergencia-discapacidad-2025,5667,"Parola, Maria Graciela",Formosa,AFIRMATIVO,afirmativo,A51173
HCDN2787,emergencia-discapacidad-2025,5667,"Ferraro, Maximiliano",CABA,AFIRMATIVO,afirmativo,A51181
HCDN2789,emergencia-discapacidad-2025,5667,"Martinez, German Pedro",Santa Fe,AFIRMATIVO,afirmativo,A51215
HCDN2791,emergencia-discapacidad-2025,5667,"Lopez Rodriguez, Dante",Catamarca,AFIRMATIVO,afirmativo,A51235
HCDN1439,emergencia-discapacidad-2025,5667,"Lospennato, Silvia",Buenos Aires,AUSENTE,ausente,A50900
HCDN0633,emergencia-discapacidad-2025,5667,"Osuna, Blanca Ines",Entre Rios,AFIRMATIVO,afirmativo,A51218
HCDN2799,emergencia-discapacidad-2025,5667,"Leiva, Aldo",Chaco,AUSENTE,ausente,A51210
HCDN1489,emergencia-discapacidad-2025,5667,"Kirchner, Maximo Carlos",Buenos Aires,AFIRMATIVO,afirmativo,A50966
HCDN2803,emergencia-discapacidad-2025,5667,"Cipolini, Gerardo",Chaco,AUSENTE,ausente,A51196
HCDN2804,emergencia-discapacidad-2025,5667,"Hagman, Itai",CABA,AFIRMATIVO,afirmativo,A51202
HCDN2808,emergencia-discapacidad-2025,5667,"Montoto, Maria Luisa",Santiago Del Estero,AFIRMATIVO,afirmativo,A51238
HCDN2810,emergencia-discapacidad-2025,5667,"Frade, Monica",Buenos Aires,AFIRMATIVO,afirmativo,A51199
HCDN1455,emergencia-discapacidad-2025,5667,"Tailhade, Rodolfo",Buenos Aires,AFIRMATIVO,afirmativo,A50897
HCDN1500,emergencia-discapacidad-2025,5667,"Nuñez, Jose",Santa Fe,AUSENTE,ausente,A50973
HCDN2817,emergencia-discapacidad-2025,5667,"Sand, Nancy",Corrientes,AFIRMATIVO,afirmativo,A51162
HCDN2821,emergencia-discapacidad-2025,5667,"Penacca, Paula Andrea",CABA,AUSENTE,ausente,A51180
HCDN2822,emergencia-discapacidad-2025,5667,"Daives, Ricardo",Santiago Del Estero,AFIRMATIVO,afirmativo,A51182
HCDN2825,emergencia-discapacidad-2025,5667,"Valdes, Eduardo Felix",CABA,AFIRMATIVO,afirmativo,A51237
HCDN0788,emergencia-discapacidad-2025,5667,"Ritondo, Cristian A.",Buenos Aires,NEGATIVO,negativo,A51221
HCDN1180,emergencia-discapacidad-2025,5667,"Heller, Carlos",CABA,AFIRMATIVO,afirmativo,A4763
HCDN2856,emergencia-discapacidad-2025,5667,"Yutrovic, Carolina",Tierra Del Fuego,AFIRMATIVO,afirmativo,A51244
HCDN1375,emergencia-discapacidad-2025,5667,"Gaillard, Ana Carolina",Entre Rios,AFIRMATIVO,afirmativo,A50833
HCDN2860,emergencia-discapacidad-2025,5667,"Marziotta, Gisela",CABA,AUSENTE,ausente,A51262
HCDN1524,emergencia-discapacidad-2025,5667,"Snopek, Guillermo",Jujuy,AFIRMATIVO,afirmativo,A50947
HCDN2831,emergencia-discapacidad-2025,5667,"Cafiero, Santiago",Buenos Aires,AFIRMATIVO,afirmativo,REC1953
HCDN2983,emergencia-discapacidad-2025,5667,"Nieri, Lisandro",Mendoza,AFIRMATIVO,afirmativo,REC86
HCDN1361,emergencia-discapacidad-2025,5667,"Carrizo, Ana Carla",CABA,AFIRMATIVO,afirmativo,A50810
HCDN1365,emergencia-discapacidad-2025,5667,"Carrizo, Soledad",Cordoba,AFIRMATIVO,afirmativo,A50821
HCDN2362,emergencia-discapacidad-2025,5667,"Campagnoli, Marcela",Buenos Aires,AFIRMATIVO,afirmativo,A51061
HCDN1364,emergencia-discapacidad-2025,5667,"Baldassi, Hector W.",Cordoba,AFIRMATIVO,afirmativo,A50820
HCDN2361,emergencia-discapacidad-2025,5667,"Brambilla, Sofia",Corrientes,NEGATIVO,negativo,A51039
HCDN2354,emergencia-discapacidad-2025,5667,"Ansaloni, Pablo",Buenos Aires,NEGATIVO,negativo,A51049
HCDN2366,emergencia-discapacidad-2025,5667,"Carro, Pablo",Cordoba,AFIRMATIVO,afirmativo,A51112
HCDN2350,emergencia-discapacidad-2025,5667,"Allende, Walberto",San Juan,AFIRMATIVO,afirmativo,A51078
HCDN2376,emergencia-discapacidad-2025,5667,"Fernandez Patri, Ramiro",Formosa,AFIRMATIVO,afirmativo,A51050
HCDN2401,emergencia-discapacidad-2025,5667,"Lopez, Juan Manuel",Buenos Aires,AFIRMATIVO,afirmativo,A51044
HCDN2402,emergencia-discapacidad-2025,5667,"Macha, Monica",Buenos Aires,AFIRMATIVO,afirmativo,A51094
vote-moreau-leopoldo,emergencia-discapacidad-2025,5667,"Moreau, Leopoldo",,AFIRMATIVO,afirmativo,A51098
HCDN2400,emergencia-discapacidad-2025,5667,"Oliveto Lago, Paula",CABA,AFIRMATIVO,afirmativo,A51115
HCDN1031,emergencia-discapacidad-2025,5667,"Iglesias, Fernando Adolfo",CABA,NEGATIVO,negativo,A4666
HCDN2382,emergencia-discapacidad-2025,5667,"Ginocchio, Silvana Micaela",Catamarca,AFIRMATIVO,afirmativo,A51051
HCDN1433,emergencia-discapacidad-2025,5667,"Laspina, Luciano Andres",Santa Fe,NEGATIVO,negativo,A50884
HCDN1565,emergencia-discapacidad-2025,5667,"Maquieyra, Martin",La Pampa,NEGATIVO,negativo,A51017
vote-reyes-roxana,emergencia-discapacidad-2025,5667,"Reyes, Roxana",,AFIRMATIVO,afirmativo,A51077
HCDN2406,emergencia-discapacidad-2025,5667,"Quetglas, Fabio Jose",Buenos Aires,AFIRMATIVO,afirmativo,A51096
HCDN2408,emergencia-discapacidad-2025,5667,"Rauschenberger, Ariel",La Pampa,AFIRMATIVO,afirmativo,A51103
HCDN2421,emergencia-discapacidad-2025,5667,"Siley, Vanesa Raquel",Buenos Aires,AFIRMATIVO,afirmativo,A51120
HCDN2392,emergencia-discapacidad-2025,5667,"Medina, Gladys",Tucuman,AFIRMATIVO,afirmativo,A51113
HCDN2412,emergencia-discapacidad-2025,5667,"Romero, Jorge Antonio",Corrientes,AFIRMATIVO,afirmativo,A51084
HCDN1383,emergencia-discapacidad-2025,5667,"Del Caño, Nicolas",Buenos Aires,AFIRMATIVO,afirmativo,A50844
HCDN2986,emergencia-discapacidad-2025,5667,"Zabala Chacur, Natalia",San Luis,AFIRMATIVO,afirmativo,REC102
HCDN2925,emergencia-discapacidad-2025,5667,"Stolbizer, Margarita",Buenos Aires,AFIRMATIVO,afirmativo,A1460
HCDN2955,emergencia-discapacidad-2025,5667,"Finocchiaro, Alejandro",Buenos Aires,NEGATIVO,negativo,REC2
HCDN2913,emergencia-discapacidad-2025,5667,"Borrego, Victoria",Buenos Aires,AFIRMATIVO,afirmativo,REC3
HCDN2901,emergencia-discapacidad-2025,5667,"Espert, Jose Luis",Buenos Aires,NEGATIVO,negativo,REC4
HCDN2940,emergencia-discapacidad-2025,5667,"Piparo, Carolina",Buenos Aires,NEGATIVO,negativo,REC5
HCDN2892,emergencia-discapacidad-2025,5667,"Santoro, Leandro",CABA,AFIRMATIVO,afirmativo,REC8
HCDN2953,emergencia-discapacidad-2025,5667,"Vidal, Maria Eugenia",CABA,NEGATIVO,negativo,REC9
HCDN2943,emergencia-discapacidad-2025,5667,"Tetaz, Martin Alberto",CABA,AFIRMATIVO,afirmativo,REC10
HCDN2898,emergencia-discapacidad-2025,5667,"Lopez Murphy, Ricardo Hipolito",CABA,AUSENTE,ausente,REC11
HCDN2937,emergencia-discapacidad-2025,5667,"Alonso, Constanza Maria",Buenos Aires,AFIRMATIVO,afirmativo,REC12
HCDN2915,emergencia-discapacidad-2025,5667,"Pereyra, Julio",Buenos Aires,AFIRMATIVO,afirmativo,REC13
HCDN2936,emergencia-discapacidad-2025,5667,"Litza, Monica",Buenos Aires,AFIRMATIVO,afirmativo,A51022
HCDN2356,emergencia-discapacidad-2025,5667,"Arroyo, Daniel",Buenos Aires,AFIRMATIVO,afirmativo,A51073
HCDN2899,emergencia-discapacidad-2025,5667,"Vargas Matyi, Brenda",Buenos Aires,AFIRMATIVO,afirmativo,REC14
HCDN2950,emergencia-discapacidad-2025,5667,"Iparraguirre, Rogelio",Buenos Aires,AFIRMATIVO,afirmativo,REC15
HCDN2951,emergencia-discapacidad-2025,5667,"Santilli, Diego",Buenos Aires,NEGATIVO,negativo,REC16
HCDN2896,emergencia-discapacidad-2025,5667,"Tolosa Paz, Victoria",Buenos Aires,AFIRMATIVO,afirmativo,REC17
HCDN2926,emergencia-discapacidad-2025,5667,"Gollan, Daniel",Buenos Aires,AFIRMATIVO,afirmativo,REC18
HCDN1460,emergencia-discapacidad-2025,5667,"Passo, Marcela Fabiana",Buenos Aires,AFIRMATIVO,afirmativo,A50912
HCDN2904,emergencia-discapacidad-2025,5667,"Palazzo, Sergio Omar",Buenos Aires,AFIRMATIVO,afirmativo,REC19
HCDN2905,emergencia-discapacidad-2025,5667,"Propato, Agustina Lucrecia",Buenos Aires,AFIRMATIVO,afirmativo,REC20
HCDN2908,emergencia-discapacidad-2025,5667,"Manes, Facundo",Buenos Aires,AFIRMATIVO,afirmativo,REC22
HCDN2895,emergencia-discapacidad-2025,5667,"Tavela, Danya",Buenos Aires,AFIRMATIVO,afirmativo,REC23
HCDN1192,emergencia-discapacidad-2025,5667,"Milman, Gerardo",Buenos Aires,NEGATIVO,negativo,A4769
HCDN2914,emergencia-discapacidad-2025,5667,"Sotolano, Maria",Buenos Aires,NEGATIVO,negativo,REC24
HCDN1440,emergencia-discapacidad-2025,5667,"Monzo, Emilio",Buenos Aires,AFIRMATIVO,afirmativo,A50901
HCDN2881,emergencia-discapacidad-2025,5667,"Besana, Gabriela",Buenos Aires,NEGATIVO,negativo,REC25
HCDN2942,emergencia-discapacidad-2025,5667,"De Loredo, Rodrigo",Cordoba,AUSENTE,ausente,REC26
vote-rodriguez-machado-laura,emergencia-discapacidad-2025,5667,"Rodriguez Machado, Laura",,NEGATIVO,negativo,REC27
HCDN2956,emergencia-discapacidad-2025,5667,"Brouwer de Koning, Gabriela",Cordoba,AFIRMATIVO,afirmativo,REC29
HCDN2928,emergencia-discapacidad-2025,5667,"De la Sota, Natalia",Cordoba,AFIRMATIVO,afirmativo,REC30
HCDN2910,emergencia-discapacidad-2025,5667,"Garcia Aresca, Ignacio",Cordoba,AFIRMATIVO,afirmativo,REC31
HCDN2919,emergencia-discapacidad-2025,5667,"Chumpitaz, Gabriel Felipe",Santa Fe,AUSENTE,ausente,REC32
HCDN2738,emergencia-discapacidad-2025,5667,"Mirabella, Roberto",Santa Fe,AFIRMATIVO,afirmativo,REC33
HCDN2948,emergencia-discapacidad-2025,5667,"Mastaler, Magali",Santa Fe,AFIRMATIVO,afirmativo,REC34
HCDN2889,emergencia-discapacidad-2025,5667,"Toniolli, Eduardo",Santa Fe,AFIRMATIVO,afirmativo,REC35
HCDN2891,emergencia-discapacidad-2025,5667,"Fein, Monica",Santa Fe,AFIRMATIVO,afirmativo,A4629
HCDN2959,emergencia-discapacidad-2025,5667,"Aguirre, Manuel Ignacio",Corrientes,AUSENTE,ausente,REC37
HCDN2893,emergencia-discapacidad-2025,5667,"Antola, Marcela",Entre Rios,AFIRMATIVO,afirmativo,REC38
HCDN2923,emergencia-discapacidad-2025,5667,"Carbajal, Fernando",Formosa,AFIRMATIVO,afirmativo,REC41
HCDN2911,emergencia-discapacidad-2025,5667,"Chaher, Leila",Jujuy,AFIRMATIVO,afirmativo,REC42
HCDN2935,emergencia-discapacidad-2025,5667,"Vilca, Alejandro",Jujuy,AFIRMATIVO,afirmativo,REC43
HCDN2894,emergencia-discapacidad-2025,5667,"Coli, Marcela",La Pampa,AUSENTE,ausente,REC45
HCDN2944,emergencia-discapacidad-2025,5667,"Marin, Varinia Lis",La Pampa,AFIRMATIVO,afirmativo,REC46
HCDN2902,emergencia-discapacidad-2025,5667,"Pedrali, Gabriela",La Rioja,AFIRMATIVO,afirmativo,REC47
HCDN2949,emergencia-discapacidad-2025,5667,"Herrera, Ricardo",La Rioja,AFIRMATIVO,afirmativo,REC48
HCDN2922,emergencia-discapacidad-2025,5667,"Paponet, Liliana",Mendoza,AFIRMATIVO,afirmativo,REC49
HCDN1066,emergencia-discapacidad-2025,5667,"Cobos, Julio",Mendoza,AFIRMATIVO,afirmativo,A50843
HCDN1555,emergencia-discapacidad-2025,5667,"Verasay, Pamela Fernanda",Mendoza,AFIRMATIVO,afirmativo,REC50
HCDN2938,emergencia-discapacidad-2025,5667,"Martinez, Alvaro",Mendoza,NEGATIVO,negativo,REC51
HCDN2985,emergencia-discapacidad-2025,5667,"Fernandez, Carlos Alberto",Misiones,AUSENTE,ausente,REC52
HCDN2934,emergencia-discapacidad-2025,5667,"Arjol, Martin",Misiones,AUSENTE,ausente,REC53
HCDN2941,emergencia-discapacidad-2025,5667,"Klipauka Lewtak, Florencia",Misiones,NEGATIVO,negativo,REC54
HCDN2907,emergencia-discapacidad-2025,5667,"Bertoldi, Tanya",Neuquen,AFIRMATIVO,afirmativo,REC56
HCDN2930,emergencia-discapacidad-2025,5667,"Cervi, Pablo",Neuquen,NEGATIVO,negativo,REC57
HCDN2954,emergencia-discapacidad-2025,5667,"Domingo, Agustin",Rio Negro,AUSENTE,ausente,REC58
HCDN2924,emergencia-discapacidad-2025,5667,"Tortoriello, Anibal",Rio Negro,NEGATIVO,negativo,REC59
HCDN2900,emergencia-discapacidad-2025,5667,"Zapata, Carlos Raul",Salta,NEGATIVO,negativo,REC60
HCDN2884,emergencia-discapacidad-2025,5667,"Estrada, Emiliano",Salta,AFIRMATIVO,afirmativo,REC61
HCDN2946,emergencia-discapacidad-2025,5667,"Calletti, Pamela",Salta,AFIRMATIVO,afirmativo,REC62
HCDN2921,emergencia-discapacidad-2025,5667,"Aubone, Ana Fabiola",San Juan,AFIRMATIVO,afirmativo,REC64
HCDN2917,emergencia-discapacidad-2025,5667,"Bermejo, Adolfo",Mendoza,AFIRMATIVO,afirmativo,REC65
HCDN2979,emergencia-discapacidad-2025,5667,"Gonzalez, Gustavo Carlos Miguel",Santa Cruz,AFIRMATIVO,afirmativo,REC68
HCDN2906,emergencia-discapacidad-2025,5667,"Barletta, Mario",Santa Fe,AFIRMATIVO,afirmativo,A50864
HCDN2888,emergencia-discapacidad-2025,5667,"Figueroa Casas, Germana",Santa Fe,NEGATIVO,negativo,REC70
HCDN2916,emergencia-discapacidad-2025,5667,"Ajmechet, Sabrina",CABA,NEGATIVO,negativo,REC71
HCDN1356,emergencia-discapacidad-2025,5667,"Pedrini, Juan Manuel",Chaco,AFIRMATIVO,afirmativo,A50816
HCDN2885,emergencia-discapacidad-2025,5667,"Chomiak, Maria Luisa",Chaco,AFIRMATIVO,afirmativo,REC72
HCDN2929,emergencia-discapacidad-2025,5667,"Polini, Juan Carlos",Chaco,AUSENTE,ausente,REC73
HCDN2945,emergencia-discapacidad-2025,5667,"Quiroz, Marilu",Chaco,NEGATIVO,negativo,REC74
HCDN2952,emergencia-discapacidad-2025,5667,"Romero, Ana Clara",Chubut,NEGATIVO,negativo,REC75
HCDN2912,emergencia-discapacidad-2025,5667,"Alianiello, Eugenia",Chubut,AFIRMATIVO,afirmativo,REC76
HCDN2927,emergencia-discapacidad-2025,5667,"Monti, Francisco",Catamarca,NEGATIVO,negativo,REC77
HCDN2887,emergencia-discapacidad-2025,5667,"Sanchez, Roberto Antonio",Tucuman,AFIRMATIVO,afirmativo,REC78
HCDN2909,emergencia-discapacidad-2025,5667,"Omodeo, Paula",Tucuman,NEGATIVO,negativo,REC79
HCDN2903,emergencia-discapacidad-2025,5667,"Fernandez, Agustin",Tucuman,AFIRMATIVO,afirmativo,REC81
HCDN1042,emergencia-discapacidad-2025,5667,"Randazzo, Florencio",Buenos Aires,AFIRMATIVO,afirmativo,REC82
HCDN2947,emergencia-discapacidad-2025,5667,"Bachey, Karina Ethel",San Luis,ABSTENCION,abstencion,REC83
HCDN2886,emergencia-discapacidad-2025,5667,"Ledesma, Tomas",Entre Rios,AFIRMATIVO,afirmativo,REC84
HCDN2976,emergencia-discapacidad-2025,5667,"Zaracho, Natalia",Buenos Aires,AFIRMATIVO,afirmativo,REC101
HCDN3008,emergencia-discapacidad-2025,5667,"Moran, Micaela",Buenos Aires,AFIRMATIVO,afirmativo,REC1937
HCDN3039,emergencia-discapacidad-2025,5667,"Santillan Juarez Brahim, Juliana",Buenos Aires,NEGATIVO,negativo,REC1954
HCDN3102,emergencia-discapacidad-2025,5667,"Treffinger, Cesar",Chubut,NEGATIVO,negativo,REC1955
HCDN3063,emergencia-discapacidad-2025,5667,"Marquez, Nadia",Neuquen,NEGATIVO,negativo,REC1956
HCDN3032,emergencia-discapacidad-2025,5667,"Arabia, Damian",CABA,NEGATIVO,negativo,REC1957
HCDN3060,emergencia-discapacidad-2025,5667,"D'alessandro, Carlos",San Luis,AUSENTE,ausente,REC1958
HCDN3083,emergencia-discapacidad-2025,5667,"Todero, Pablo",Neuquen,AFIRMATIVO,afirmativo,REC1959
HCDN3078,emergencia-discapacidad-2025,5667,"Potenza, Luciana",Buenos Aires,AFIRMATIVO,afirmativo,REC1960
HCDN3034,emergencia-discapacidad-2025,5667,"Coletta, Mariela",CABA,AFIRMATIVO,afirmativo,REC1961
HCDN3099,emergencia-discapacidad-2025,5667,"Garrido, Jose Luis",Santa Cruz,AFIRMATIVO,afirmativo,REC1962
HCDN3080,emergencia-discapacidad-2025,5667,"Capozzi, Sergio Eduardo",Rio Negro,NEGATIVO,negativo,REC1963
HCDN3057,emergencia-discapacidad-2025,5667,"Fernandez Molero, Daiana",CABA,NEGATIVO,negativo,REC1964
HCDN1272,emergencia-discapacidad-2025,5667,"Ianni, Ana Maria",Santa Cruz,AFIRMATIVO,afirmativo,A50751
HCDN0022,emergencia-discapacidad-2025,5667,"Pichetto, Miguel Angel",Buenos Aires,AUSENTE,ausente,REC1965
HCDN3043,emergencia-discapacidad-2025,5667,"Giudici, Silvana",CABA,NEGATIVO,negativo,A4356
HCDN3088,emergencia-discapacidad-2025,5667,"Bonacci, Rocio",Santa Fe,NEGATIVO,negativo,REC1966
HCDN3091,emergencia-discapacidad-2025,5667,"Villaverde, Lorena",Rio Negro,NEGATIVO,negativo,REC1967
HCDN3061,emergencia-discapacidad-2025,5667,"Pagano, Marcela Marina",Buenos Aires,AUSENTE,ausente,REC1968
HCDN3089,emergencia-discapacidad-2025,5667,"Falcone, Eduardo",Buenos Aires,AUSENTE,ausente,REC1969
HCDN3047,emergencia-discapacidad-2025,5667,"Araujo Hernandez, Jorge Neri",Tierra Del Fuego,AFIRMATIVO,afirmativo,REC1970
HCDN3068,emergencia-discapacidad-2025,5667,"Juliano, Pablo",Buenos Aires,AFIRMATIVO,afirmativo,REC1972
HCDN3087,emergencia-discapacidad-2025,5667,"Freites, Andrea",Tierra Del Fuego,AFIRMATIVO,afirmativo,REC1973
HCDN3048,emergencia-discapacidad-2025,5667,"Bongiovanni, Alejandro",Santa Fe,NEGATIVO,negativo,REC1974
HCDN3075,emergencia-discapacidad-2025,5667,"Macyszyn, Lorena",Buenos Aires,NEGATIVO,negativo,REC1975
HCDN3045,emergencia-discapacidad-2025,5667,"Monzon, Roxana",Buenos Aires,AFIRMATIVO,afirmativo,REC1976
HCDN3105,emergencia-discapacidad-2025,5667,"Pauli, Santiago",Tierra Del Fuego,NEGATIVO,negativo,REC1978
HCDN3090,emergencia-discapacidad-2025,5667,"Carignano, Florencia",Santa Fe,AFIRMATIVO,afirmativo,REC1979
HCDN3095,emergencia-discapacidad-2025,5667,"Montenegro, Guillermo",Buenos Aires,NEGATIVO,negativo,REC1980
HCDN3101,emergencia-discapacidad-2025,5667,"De Sensi, Maria Florencia",Buenos Aires,NEGATIVO,negativo,REC2039
HCDN3139,emergencia-discapacidad-2025,5667,"Ferreyra, Alida",CABA,NEGATIVO,negativo,REC2046
HCDN3141,emergencia-discapacidad-2025,5667,"Biasi, Vanina",CABA,AFIRMATIVO,afirmativo,REC2047
HCDN3142,emergencia-discapacidad-2025,5667,"Tournier, Jose Federico",Corrientes,NEGATIVO,negativo,REC2048
HCDN3148,emergencia-discapacidad-2025,5667,"Sanchez Wrba, Javier",Buenos Aires,NEGATIVO,negativo,REC2052
HCDN3149,emergencia-discapacidad-2025,5667,"Ripoll, Vilma",Buenos Aires,AFIRMATIVO,afirmativo,REC2053
HCDN3026,emergencia-discapacidad-2025,5667,"Giorgi, Melina",Santa Fe,AFIRMATIVO,afirmativo,REC2040
HCDN3024,emergencia-discapacidad-2025,5667,"Emma, Nicolas",CABA,NEGATIVO,negativo,REC2042
vote-acevedo-sergio-edgardo,emergencia-discapacidad-2025,5667,"Acevedo, Sergio Edgardo",,AFIRMATIVO,afirmativo,REC2043
HCDN3025,emergencia-discapacidad-2025,5667,"Llancafilo, Osvaldo",Neuquen,AFIRMATIVO,afirmativo,REC2044
HCDN3016,emergencia-discapacidad-2025,5667,"Sarapura, Natalia Silvina",Jujuy,AFIRMATIVO,afirmativo,REC1944
HCDN3052,emergencia-discapacidad-2025,5667,"Avila, Fernanda",Catamarca,AUSENTE,ausente,REC1981
HCDN3086,emergencia-discapacidad-2025,5667,"Yeza, Martin",Buenos Aires,NEGATIVO,negativo,REC1982
HCDN3059,emergencia-discapacidad-2025,5667,"Arrieta, Lourdes Micaela",Mendoza,AFIRMATIVO,afirmativo,REC1983
HCDN1456,emergencia-discapacidad-2025,5667,"Volnovich, Luana",Buenos Aires,AFIRMATIVO,afirmativo,A50899
HCDN3103,emergencia-discapacidad-2025,5667,"Moreno Ovalle, Julio",Salta,NEGATIVO,negativo,REC1984
HCDN3028,emergencia-discapacidad-2025,5667,"Aveiro, Martin",Mendoza,AFIRMATIVO,afirmativo,REC1985
HCDN3037,emergencia-discapacidad-2025,5667,"Vasquez, Patricia",Buenos Aires,NEGATIVO,negativo,REC1986
HCDN3096,emergencia-discapacidad-2025,5667,"Orozco, Emilia",Salta,NEGATIVO,negativo,REC1987
HCDN3064,emergencia-discapacidad-2025,5667,"Benegas Lynch, Bertie",Buenos Aires,NEGATIVO,negativo,REC1988
HCDN3076,emergencia-discapacidad-2025,5667,"Noblega, Sebastian",Catamarca,AFIRMATIVO,afirmativo,REC1989
HCDN3072,emergencia-discapacidad-2025,5667,"Correa Llano, Facundo",Mendoza,NEGATIVO,negativo,REC1990
HCDN3100,emergencia-discapacidad-2025,5667,"Outes, Pablo",Salta,AUSENTE,ausente,REC1991
HCDN3070,emergencia-discapacidad-2025,5667,"Llano, Mercedes",Mendoza,NEGATIVO,negativo,REC1992
HCDN3106,emergencia-discapacidad-2025,5667,"Garcia, Carlos",Chaco,NEGATIVO,negativo,REC1993
HCDN3084,emergencia-discapacidad-2025,5667,"Lemoine, Lilia",Buenos Aires,NEGATIVO,negativo,REC1994
HCDN3033,emergencia-discapacidad-2025,5667,"Strada, Julia",Buenos Aires,AFIRMATIVO,afirmativo,REC1995
HCDN3030,emergencia-discapacidad-2025,5667,"Arrua, Alberto",Misiones,AUSENTE,ausente,REC1996
HCDN3038,emergencia-discapacidad-2025,5667,"Vega, Yolanda",Salta,AFIRMATIVO,afirmativo,REC1997
HCDN3054,emergencia-discapacidad-2025,5667,"Selva, Sabrina",Buenos Aires,AFIRMATIVO,afirmativo,REC1998
HCDN3079,emergencia-discapacidad-2025,5667,"Bianchetti, Emmanuel",Misiones,AUSENTE,ausente,REC1999
HCDN3094,emergencia-discapacidad-2025,5667,"Avila, Jorge Antonio",Chubut,AUSENTE,ausente,REC2000
HCDN3085,emergencia-discapacidad-2025,5667,"Chica, Jorge",San Juan,AFIRMATIVO,afirmativo,REC2001
HCDN1454,emergencia-discapacidad-2025,5667,"Castagneto, Carlos Daniel",Buenos Aires,AFIRMATIVO,afirmativo,A50896
HCDN3040,emergencia-discapacidad-2025,5667,"Peluc, Jose",San Juan,NEGATIVO,negativo,REC2002
HCDN3065,emergencia-discapacidad-2025,5667,"Santurio, Santiago",Buenos Aires,NEGATIVO,negativo,REC2003
HCDN3053,emergencia-discapacidad-2025,5667,"Glinski, Jose",Chubut,AFIRMATIVO,afirmativo,REC2004
HCDN3036,emergencia-discapacidad-2025,5667,"Ruiz, Yamila",Misiones,AUSENTE,ausente,REC2005
HCDN3050,emergencia-discapacidad-2025,5667,"Picon Martinez, Nancy Viviana",San Juan,AFIRMATIVO,afirmativo,REC2006
HCDN3066,emergencia-discapacidad-2025,5667,"Castillo, Christian",Buenos Aires,AFIRMATIVO,afirmativo,REC2007
HCDN3031,emergencia-discapacidad-2025,5667,"Vancsik, Daniel",Misiones,AUSENTE,ausente,REC2008
HCDN3140,emergencia-discapacidad-2025,5667,"Ali, Ernesto Pipi",San Luis,AFIRMATIVO,afirmativo,REC2009
HCDN3081,emergencia-discapacidad-2025,5667,"Manrique, Mario",Buenos Aires,AFIRMATIVO,afirmativo,REC2010
HCDN3082,emergencia-discapacidad-2025,5667,"Pokoik, Lorena",CABA,AFIRMATIVO,afirmativo,REC2011
HCDN3041,emergencia-discapacidad-2025,5667,"Diez, Romina",Santa Fe,NEGATIVO,negativo,REC2012
HCDN3044,emergencia-discapacidad-2025,5667,"Campero, Mariano",Tucuman,AUSENTE,ausente,REC2013
HCDN1512,emergencia-discapacidad-2025,5667,"Massot, Nicolas",Buenos Aires,AFIRMATIVO,afirmativo,A50934
HCDN3074,emergencia-discapacidad-2025,5667,"Giuliano, Diego A.",Santa Fe,AFIRMATIVO,afirmativo,REC2014
HCDN3111,emergencia-discapacidad-2025,5667,"Benedit, Beltran",Entre Rios,NEGATIVO,negativo,REC2015
HCDN3073,emergencia-discapacidad-2025,5667,"Zago, Oscar",CABA,AUSENTE,ausente,REC2016
HCDN3071,emergencia-discapacidad-2025,5667,"Mayoraz, Nicolas",Santa Fe,NEGATIVO,negativo,REC2017
HCDN3056,emergencia-discapacidad-2025,5667,"Molle, Matias",Buenos Aires,AFIRMATIVO,afirmativo,REC2018
HCDN3108,emergencia-discapacidad-2025,5667,"Paulon, Esteban",Santa Fe,AFIRMATIVO,afirmativo,REC2019
HCDN3035,emergencia-discapacidad-2025,5667,"Bordet, Gustavo",Entre Rios,AFIRMATIVO,afirmativo,REC2020
HCDN3058,emergencia-discapacidad-2025,5667,"Avico, Belen",Cordoba,NEGATIVO,negativo,REC2021
HCDN3110,emergencia-discapacidad-2025,5667,"Razzini, Veronica",Santa Fe,AUSENTE,ausente,REC2022
HCDN3107,emergencia-discapacidad-2025,5667,"Menem, Martin",La Rioja,PRESIDENTE,presidente,REC2023
HCDN3042,emergencia-discapacidad-2025,5667,"Bornoroni, Gabriel",Cordoba,NEGATIVO,negativo,REC2024
HCDN3093,emergencia-discapacidad-2025,5667,"Campitelli, Celia",Santiago Del Estero,AUSENTE,ausente,REC2025
HCDN3046,emergencia-discapacidad-2025,5667,"Morchio, Francisco",Entre Rios,ABSTENCION,abstencion,REC2026
HCDN3062,emergencia-discapacidad-2025,5667,"Gomez, Jose",Santiago Del Estero,AUSENTE,ausente,REC2027
HCDN1240,emergencia-discapacidad-2025,5667,"Basterra, Luis Eugenio",Formosa,AFIRMATIVO,afirmativo,A50726
HCDN1577,emergencia-discapacidad-2025,5667,"Brügge, Juan Fernando",Cordoba,AFIRMATIVO,afirmativo,A51013
HCDN3098,emergencia-discapacidad-2025,5667,"Huesen, Gerardo",Tucuman,NEGATIVO,negativo,REC2028
HCDN3049,emergencia-discapacidad-2025,5667,"Ardohain, Martin",La Pampa,NEGATIVO,negativo,REC2029
HCDN3055,emergencia-discapacidad-2025,5667,"Gonzalez, Gerardo Gustavo",Formosa,AUSENTE,ausente,REC2030
HCDN3092,emergencia-discapacidad-2025,5667,"Ibañez, Maria Cecilia",Cordoba,NEGATIVO,negativo,REC2031
HCDN3051,emergencia-discapacidad-2025,5667,"Picat, Luis Albino",Cordoba,NEGATIVO,negativo,REC2032
HCDN3097,emergencia-discapacidad-2025,5667,"Quintar, Manuel",Jujuy,NEGATIVO,negativo,REC2033
HCDN3069,emergencia-discapacidad-2025,5667,"Ponce, Maria Celeste",Cordoba,NEGATIVO,negativo,REC2034
HCDN3029,emergencia-discapacidad-2025,5667,"Almiron, Lisandro",Corrientes,NEGATIVO,negativo,REC2035
HCDN3109,emergencia-discapacidad-2025,5667,"Torres, Alejandra",Cordoba,ABSTENCION,abstencion,REC2036
HCDN3077,emergencia-discapacidad-2025,5667,"Zulli, Christian Alejandro",Corrientes,AFIRMATIVO,afirmativo,REC2038
HCDN3018,emergencia-discapacidad-2025,5667,"Agost Carreño, Oscar",Cordoba,AFIRMATIVO,afirmativo,REC1948
HCDN3020,emergencia-discapacidad-2025,5667,"Fernandez, Elia Marina",Tucuman,AFIRMATIVO,afirmativo,REC1951
HCDN3022,emergencia-discapacidad-2025,5667,"Arancibia Rodriguez, Alberto Gustavo",San Luis,NEGATIVO,negativo,REC1952
HCDN3104,emergencia-discapacidad-2025,5667,"Moreno, Maria de los Angeles",San Juan,AUSENTE,ausente,REC2041
HCDN3023,emergencia-discapacidad-2025,5667,"Araujo, Maria Fernanda",CABA,NEGATIVO,negativo,REC2045
HCDN3143,emergencia-discapacidad-2025,5667,"Ballejos, Nancy",Entre Rios,NEGATIVO,negativo,REC2049
HCDN3146,emergencia-discapacidad-2025,5667,"Garramuño, Ricardo",Tierra Del Fuego,NEGATIVO,negativo,REC2050
HCDN1148,regimen-dnu-2025,5774,"Benedetti, Atilio",Entre Rios,ABSTENCION,abstencion,A4774
HCDN2431,regimen-dnu-2025,5774,"Yedlin, Pablo Raul",Tucuman,AFIRMATIVO,afirmativo,A51126
HCDN2429,regimen-dnu-2025,5774,"Yasky, Hugo",Buenos Aires,AFIRMATIVO,afirmativo,A51095
HCDN2445,regimen-dnu-2025,5774,"Herrera, Bernardo Jose",Santiago Del Estero,AFIRMATIVO,afirmativo,A51138
HCDN2340,regimen-dnu-2025,5774,"Neder, Estela Mary",Santiago Del Estero,AFIRMATIVO,afirmativo,A51059
HCDN2754,regimen-dnu-2025,5774,"Rizzotti, Jorge",Jujuy,AUSENTE,ausente,A51183
HCDN0972,regimen-dnu-2025,5774,"Aguirre, Hilda",La Rioja,AFIRMATIVO,afirmativo,A4608
HCDN1463,regimen-dnu-2025,5774,"Moreau, Cecilia",Buenos Aires,AFIRMATIVO,afirmativo,A50898
HCDN1514,regimen-dnu-2025,5774,"Estevez, Gabriela Beatriz",Cordoba,AFIRMATIVO,afirmativo,A50936
HCDN2765,regimen-dnu-2025,5774,"Cisneros, Carlos",Tucuman,AFIRMATIVO,afirmativo,A51152
HCDN2768,regimen-dnu-2025,5774,"Gutierrez, Carlos",Cordoba,AFIRMATIVO,afirmativo,A51185
HCDN2773,regimen-dnu-2025,5774,"Soria, Martin",Rio Negro,AFIRMATIVO,afirmativo,A51225
HCDN2775,regimen-dnu-2025,5774,"Gutierrez, Ramiro",Buenos Aires,AFIRMATIVO,afirmativo,A51201
HCDN1447,regimen-dnu-2025,5774,"Banfi, Karina",Buenos Aires,AFIRMATIVO,afirmativo,A50906
HCDN1466,regimen-dnu-2025,5774,"Gonzalez, Alvaro",CABA,AFIRMATIVO,afirmativo,A50919
HCDN2780,regimen-dnu-2025,5774,"Casas, Sergio Guillermo",La Rioja,AFIRMATIVO,afirmativo,A51161
HCDN2980,regimen-dnu-2025,5774,"Moyano, Nilda",Santiago Del Estero,AFIRMATIVO,afirmativo,REC85
HCDN3007,regimen-dnu-2025,5774,"Marino, Juan",Buenos Aires,AFIRMATIVO,afirmativo,REC1936
HCDN2784,regimen-dnu-2025,5774,"Parola, Maria Graciela",Formosa,AFIRMATIVO,afirmativo,A51173
HCDN2787,regimen-dnu-2025,5774,"Ferraro, Maximiliano",CABA,AFIRMATIVO,afirmativo,A51181
HCDN2789,regimen-dnu-2025,5774,"Martinez, German Pedro",Santa Fe,AFIRMATIVO,afirmativo,A51215
HCDN2791,regimen-dnu-2025,5774,"Lopez Rodriguez, Dante",Catamarca,AFIRMATIVO,afirmativo,A51235
HCDN1439,regimen-dnu-2025,5774,"Lospennato, Silvia",Buenos Aires,AUSENTE,ausente,A50900
HCDN0633,regimen-dnu-2025,5774,"Osuna, Blanca Ines",Entre Rios,AFIRMATIVO,afirmativo,A51218
HCDN2799,regimen-dnu-2025,5774,"Leiva, Aldo",Chaco,AFIRMATIVO,afirmativo,A51210
HCDN1489,regimen-dnu-2025,5774,"Kirchner, Maximo Carlos",Buenos Aires,AFIRMATIVO,afirmativo,A50966
HCDN2803,regimen-dnu-2025,5774,"Cipolini, Gerardo",Chaco,ABSTENCION,abstencion,A51196
HCDN2804,regimen-dnu-2025,5774,"Hagman, Itai",CABA,AFIRMATIVO,afirmativo,A51202
HCDN2808,regimen-dnu-2025,5774,"Montoto, Maria Luisa",Santiago Del Estero,AFIRMATIVO,afirmativo,A51238
HCDN2810,regimen-dnu-2025,5774,"Frade, Monica",Buenos Aires,AFIRMATIVO,afirmativo,A51199
HCDN1455,regimen-dnu-2025,5774,"Tailhade, Rodolfo",Buenos Aires,AFIRMATIVO,afirmativo,A50897
HCDN1500,regimen-dnu-2025,5774,"Nuñez, Jose",Santa Fe,AUSENTE,ausente,A50973
HCDN2817,regimen-dnu-2025,5774,"Sand, Nancy",Corrientes,AFIRMATIVO,afirmativo,A51162
HCDN2821,regimen-dnu-2025,5774,"Penacca, Paula Andrea",CABA,AFIRMATIVO,afirmativo,A51180
HCDN2822,regimen-dnu-2025,5774,"Daives, Ricardo",Santiago Del Estero,AFIRMATIVO,afirmativo,A51182
HCDN2825,regimen-dnu-2025,5774,"Valdes, Eduardo Felix",CABA,AFIRMATIVO,afirmativo,A51237
HCDN0788,regimen-dnu-2025,5774,"Ritondo, Cristian A.",Buenos Aires,NEGATIVO,negativo,A51221
HCDN1180,regimen-dnu-2025,5774,"Heller, Carlos",CABA,AFIRMATIVO,afirmativo,A4763
HCDN2856,regimen-dnu-2025,5774,"Yutrovic, Carolina",Tierra Del Fuego,AFIRMATIVO,afirmativo,A51244
HCDN1375,regimen-dnu-2025,5774,"Gaillard, Ana Carolina",Entre Rios,AFIRMATIVO,afirmativo,A50833
HCDN2860,regimen-dnu-2025,5774,"Marziotta, Gisela",CABA,AFIRMATIVO,afirmativo,A51262
HCDN1524,regimen-dnu-2025,5774,"Snopek, Guillermo",Jujuy,AFIRMATIVO,afirmativo,A50947
HCDN2831,regimen-dnu-2025,5774,"Cafiero, Santiago",Buenos Aires,AFIRMATIVO,afirmativo,REC1953
HCDN2983,regimen-dnu-2025,5774,"Nieri, Lisandro",Mendoza,NEGATIVO,negativo,REC86
HCDN2278,regimen-dnu-2025,5774,"Giordano, Juan Carlos",Buenos Aires,AFIRMATIVO,afirmativo,A51028
HCDN1361,regimen-dnu-2025,5774,"Carrizo, Ana Carla",CABA,AFIRMATIVO,afirmativo,A50810
HCDN1365,regimen-dnu-2025,5774,"Carrizo, Soledad",Cordoba,ABSTENCION,abstencion,A50821
HCDN2362,regimen-dnu-2025,5774,"Campagnoli, Marcela",Buenos Aires,AFIRMATIVO,afirmativo,A51061
HCDN1364,regimen-dnu-2025,5774,"Baldassi, Hector W.",Cordoba,AFIRMATIVO,afirmativo,A50820
HCDN2361,regimen-dnu-2025,5774,"Brambilla, Sofia",Corrientes,AFIRMATIVO,afirmativo,A51039
HCDN2354,regimen-dnu-2025,5774,"Ansaloni, Pablo",Buenos Aires,NEGATIVO,negativo,A51049
HCDN2366,regimen-dnu-2025,5774,"Carro, Pablo",Cordoba,AFIRMATIVO,afirmativo,A51112
HCDN2350,regimen-dnu-2025,5774,"Allende, Walberto",San Juan,AFIRMATIVO,afirmativo,A51078
HCDN2376,regimen-dnu-2025,5774,"Fernandez Patri, Ramiro",Formosa,AFIRMATIVO,afirmativo,A51050
HCDN2401,regimen-dnu-2025,5774,"Lopez, Juan Manuel",Buenos Aires,AFIRMATIVO,afirmativo,A51044
HCDN2402,regimen-dnu-2025,5774,"Macha, Monica",Buenos Aires,AFIRMATIVO,afirmativo,A51094
vote-moreau-leopoldo,regimen-dnu-2025,5774,"Moreau, Leopoldo",,AFIRMATIVO,afirmativo,A51098
HCDN2400,regimen-dnu-2025,5774,"Oliveto Lago, Paula",CABA,AFIRMATIVO,afirmativo,A51115
HCDN1031,regimen-dnu-2025,5774,"Iglesias, Fernando Adolfo",CABA,NEGATIVO,negativo,A4666
HCDN2382,regimen-dnu-2025,5774,"Ginocchio, Silvana Micaela",Catamarca,AFIRMATIVO,afirmativo,A51051
HCDN1433,regimen-dnu-2025,5774,"Laspina, Luciano Andres",Santa Fe,NEGATIVO,negativo,A50884
HCDN1565,regimen-dnu-2025,5774,"Maquieyra, Martin",La Pampa,NEGATIVO,negativo,A51017
vote-reyes-roxana,regimen-dnu-2025,5774,"Reyes, Roxana",,ABSTENCION,abstencion,A51077
HCDN2406,regimen-dnu-2025,5774,"Quetglas, Fabio Jose",Buenos Aires,AFIRMATIVO,afirmativo,A51096
HCDN2408,regimen-dnu-2025,5774,"Rauschenberger, Ariel",La Pampa,AFIRMATIVO,afirmativo,A51103
HCDN2421,regimen-dnu-2025,5774,"Siley, Vanesa Raquel",Buenos Aires,AFIRMATIVO,afirmativo,A51120
HCDN2392,regimen-dnu-2025,5774,"Medina, Gladys",Tucuman,AUSENTE,ausente,A51113
HCDN2412,regimen-dnu-2025,5774,"Romero, Jorge Antonio",Corrientes,AFIRMATIVO,afirmativo,A51084
HCDN2986,regimen-dnu-2025,5774,"Zabala Chacur, Natalia",San Luis,AFIRMATIVO,afirmativo,REC102
HCDN2925,regimen-dnu-2025,5774,"Stolbizer, Margarita",Buenos Aires,AFIRMATIVO,afirmativo,A1460
HCDN2955,regimen-dnu-2025,5774,"Finocchiaro, Alejandro",Buenos Aires,NEGATIVO,negativo,REC2
HCDN2913,regimen-dnu-2025,5774,"Borrego, Victoria",Buenos Aires,AFIRMATIVO,afirmativo,REC3
HCDN2901,regimen-dnu-2025,5774,"Espert, Jose Luis",Buenos Aires,AUSENTE,ausente,REC4
HCDN2940,regimen-dnu-2025,5774,"Piparo, Carolina",Buenos Aires,NEGATIVO,negativo,REC5
HCDN2892,regimen-dnu-2025,5774,"Santoro, Leandro",CABA,AFIRMATIVO,afirmativo,REC8
HCDN2953,regimen-dnu-2025,5774,"Vidal, Maria Eugenia",CABA,NEGATIVO,negativo,REC9
HCDN2943,regimen-dnu-2025,5774,"Tetaz, Martin Alberto",CABA,ABSTENCION,abstencion,REC10
HCDN2898,regimen-dnu-2025,5774,"Lopez Murphy, Ricardo Hipolito",CABA,ABSTENCION,abstencion,REC11
HCDN2937,regimen-dnu-2025,5774,"Alonso, Constanza Maria",Buenos Aires,AFIRMATIVO,afirmativo,REC12
HCDN2915,regimen-dnu-2025,5774,"Pereyra, Julio",Buenos Aires,AFIRMATIVO,afirmativo,REC13
HCDN2936,regimen-dnu-2025,5774,"Litza, Monica",Buenos Aires,AFIRMATIVO,afirmativo,A51022
HCDN2356,regimen-dnu-2025,5774,"Arroyo, Daniel",Buenos Aires,AFIRMATIVO,afirmativo,A51073
HCDN2899,regimen-dnu-2025,5774,"Vargas Matyi, Brenda",Buenos Aires,AFIRMATIVO,afirmativo,REC14
HCDN2950,regimen-dnu-2025,5774,"Iparraguirre, Rogelio",Buenos Aires,AFIRMATIVO,afirmativo,REC15
HCDN2951,regimen-dnu-2025,5774,"Santilli, Diego",Buenos Aires,NEGATIVO,negativo,REC16
HCDN2896,regimen-dnu-2025,5774,"Tolosa Paz, Victoria",Buenos Aires,AFIRMATIVO,afirmativo,REC17
HCDN2926,regimen-dnu-2025,5774,"Gollan, Daniel",Buenos Aires,AFIRMATIVO,afirmativo,REC18
HCDN1460,regimen-dnu-2025,5774,"Passo, Marcela Fabiana",Buenos Aires,AFIRMATIVO,afirmativo,A50912
HCDN2904,regimen-dnu-2025,5774,"Palazzo, Sergio Omar",Buenos Aires,AFIRMATIVO,afirmativo,REC19
HCDN2905,regimen-dnu-2025,5774,"Propato, Agustina Lucrecia",Buenos Aires,AFIRMATIVO,afirmativo,REC20
HCDN2908,regimen-dnu-2025,5774,"Manes, Facundo",Buenos Aires,AFIRMATIVO,afirmativo,REC22
HCDN2895,regimen-dnu-2025,5774,"Tavela, Danya",Buenos Aires,AFIRMATIVO,afirmativo,REC23
HCDN1192,regimen-dnu-2025,5774,"Milman, Gerardo",Buenos Aires,NEGATIVO,negativo,A4769
HCDN2914,regimen-dnu-2025,5774,"Sotolano, Maria",Buenos Aires,NEGATIVO,negativo,REC24
HCDN1440,regimen-dnu-2025,5774,"Monzo, Emilio",Buenos Aires,AFIRMATIVO,afirmativo,A50901
HCDN2881,regimen-dnu-2025,5774,"Besana, Gabriela",Buenos Aires,NEGATIVO,negativo,REC25
HCDN2942,regimen-dnu-2025,5774,"De Loredo, Rodrigo",Cordoba,ABSTENCION,abstencion,REC26
vote-rodriguez-machado-laura,regimen-dnu-2025,5774,"Rodriguez Machado, Laura",,NEGATIVO,negativo,REC27
HCDN2956,regimen-dnu-2025,5774,"Brouwer de Koning, Gabriela",Cordoba,ABSTENCION,abstencion,REC29
HCDN2928,regimen-dnu-2025,5774,"De la Sota, Natalia",Cordoba,AFIRMATIVO,afirmativo,REC30
HCDN2910,regimen-dnu-2025,5774,"Garcia Aresca, Ignacio",Cordoba,AFIRMATIVO,afirmativo,REC31
HCDN2919,regimen-dnu-2025,5774,"Chumpitaz, Gabriel Felipe",Santa Fe,NEGATIVO,negativo,REC32
HCDN2738,regimen-dnu-2025,5774,"Mirabella, Roberto",Santa Fe,AFIRMATIVO,afirmativo,REC33
HCDN2948,regimen-dnu-2025,5774,"Mastaler, Magali",Santa Fe,AFIRMATIVO,afirmativo,REC34
HCDN2889,regimen-dnu-2025,5774,"Toniolli, Eduardo",Santa Fe,AFIRMATIVO,afirmativo,REC35
HCDN2891,regimen-dnu-2025,5774,"Fein, Monica",Santa Fe,AFIRMATIVO,afirmativo,A4629
HCDN2959,regimen-dnu-2025,5774,"Aguirre, Manuel Ignacio",Corrientes,AUSENTE,ausente,REC37
HCDN2893,regimen-dnu-2025,5774,"Antola, Marcela",Entre Rios,AUSENTE,ausente,REC38
HCDN2923,regimen-dnu-2025,5774,"Carbajal, Fernando",Formosa,AFIRMATIVO,afirmativo,REC41
HCDN2911,regimen-dnu-2025,5774,"Chaher, Leila",Jujuy,AFIRMATIVO,afirmativo,REC42
HCDN2935,regimen-dnu-2025,5774,"Vilca, Alejandro",Jujuy,AFIRMATIVO,afirmativo,REC43
HCDN2894,regimen-dnu-2025,5774,"Coli, Marcela",La Pampa,AFIRMATIVO,afirmativo,REC45
HCDN2944,regimen-dnu-2025,5774,"Marin, Varinia Lis",La Pampa,AFIRMATIVO,afirmativo,REC46
HCDN2902,regimen-dnu-2025,5774,"Pedrali, Gabriela",La Rioja,AFIRMATIVO,afirmativo,REC47
HCDN2949,regimen-dnu-2025,5774,"Herrera, Ricardo",La Rioja,AFIRMATIVO,afirmativo,REC48
HCDN2922,regimen-dnu-2025,5774,"Paponet, Liliana",Mendoza,AFIRMATIVO,afirmativo,REC49
HCDN1066,regimen-dnu-2025,5774,"Cobos, Julio",Mendoza,AFIRMATIVO,afirmativo,A50843
HCDN1555,regimen-dnu-2025,5774,"Verasay, Pamela Fernanda",Mendoza,NEGATIVO,negativo,REC50
HCDN2938,regimen-dnu-2025,5774,"Martinez, Alvaro",Mendoza,NEGATIVO,negativo,REC51
HCDN2985,regimen-dnu-2025,5774,"Fernandez, Carlos Alberto",Misiones,ABSTENCION,abstencion,REC52
HCDN2934,regimen-dnu-2025,5774,"Arjol, Martin",Misiones,NEGATIVO,negativo,REC53
HCDN2941,regimen-dnu-2025,5774,"Klipauka Lewtak, Florencia",Misiones,NEGATIVO,negativo,REC54
HCDN2907,regimen-dnu-2025,5774,"Bertoldi, Tanya",Neuquen,AFIRMATIVO,afirmativo,REC56
HCDN2930,regimen-dnu-2025,5774,"Cervi, Pablo",Neuquen,NEGATIVO,negativo,REC57
HCDN2954,regimen-dnu-2025,5774,"Domingo, Agustin",Rio Negro,AUSENTE,ausente,REC58
HCDN2924,regimen-dnu-2025,5774,"Tortoriello, Anibal",Rio Negro,NEGATIVO,negativo,REC59
HCDN2900,regimen-dnu-2025,5774,"Zapata, Carlos Raul",Salta,NEGATIVO,negativo,REC60
HCDN2884,regimen-dnu-2025,5774,"Estrada, Emiliano",Salta,AFIRMATIVO,afirmativo,REC61
HCDN2946,regimen-dnu-2025,5774,"Calletti, Pamela",Salta,AUSENTE,ausente,REC62
HCDN2921,regimen-dnu-2025,5774,"Aubone, Ana Fabiola",San Juan,AFIRMATIVO,afirmativo,REC64
HCDN2917,regimen-dnu-2025,5774,"Bermejo, Adolfo",Mendoza,AUSENTE,ausente,REC65
HCDN2979,regimen-dnu-2025,5774,"Gonzalez, Gustavo Carlos Miguel",Santa Cruz,AFIRMATIVO,afirmativo,REC68
HCDN2906,regimen-dnu-2025,5774,"Barletta, Mario",Santa Fe,ABSTENCION,abstencion,A50864
HCDN2888,regimen-dnu-2025,5774,"Figueroa Casas, Germana",Santa Fe,NEGATIVO,negativo,REC70
HCDN2916,regimen-dnu-2025,5774,"Ajmechet, Sabrina",CABA,NEGATIVO,negativo,REC71
HCDN1356,regimen-dnu-2025,5774,"Pedrini, Juan Manuel",Chaco,AFIRMATIVO,afirmativo,A50816
HCDN2885,regimen-dnu-2025,5774,"Chomiak, Maria Luisa",Chaco,AFIRMATIVO,afirmativo,REC72
HCDN2929,regimen-dnu-2025,5774,"Polini, Juan Carlos",Chaco,AFIRMATIVO,afirmativo,REC73
HCDN2945,regimen-dnu-2025,5774,"Quiroz, Marilu",Chaco,NEGATIVO,negativo,REC74
HCDN2952,regimen-dnu-2025,5774,"Romero, Ana Clara",Chubut,ABSTENCION,abstencion,REC75
HCDN2912,regimen-dnu-2025,5774,"Alianiello, Eugenia",Chubut,AFIRMATIVO,afirmativo,REC76
HCDN2927,regimen-dnu-2025,5774,"Monti, Francisco",Catamarca,NEGATIVO,negativo,REC77
HCDN2887,regimen-dnu-2025,5774,"Sanchez, Roberto Antonio",Tucuman,AFIRMATIVO,afirmativo,REC78
HCDN2909,regimen-dnu-2025,5774,"Omodeo, Paula",Tucuman,NEGATIVO,negativo,REC79
HCDN2903,regimen-dnu-2025,5774,"Fernandez, Agustin",Tucuman,AUSENTE,ausente,REC81
HCDN1042,regimen-dnu-2025,5774,"Randazzo, Florencio",Buenos Aires,AFIRMATIVO,afirmativo,REC82
HCDN2947,regimen-dnu-2025,5774,"Bachey, Karina Ethel",San Luis,NEGATIVO,negativo,REC83
HCDN2886,regimen-dnu-2025,5774,"Ledesma, Tomas",Entre Rios,AFIRMATIVO,afirmativo,REC84
HCDN2976,regimen-dnu-2025,5774,"Zaracho, Natalia",Buenos Aires,AFIRMATIVO,afirmativo,REC101
HCDN3008,regimen-dnu-2025,5774,"Moran, Micaela",Buenos Aires,AFIRMATIVO,afirmativo,REC1937
HCDN3039,regimen-dnu-2025,5774,"Santillan Juarez Brahim, Juliana",Buenos Aires,NEGATIVO,negativo,REC1954
HCDN3102,regimen-dnu-2025,5774,"Treffinger, Cesar",Chubut,NEGATIVO,negativo,REC1955
HCDN3063,regimen-dnu-2025,5774,"Marquez, Nadia",Neuquen,NEGATIVO,negativo,REC1956
HCDN3032,regimen-dnu-2025,5774,"Arabia, Damian",CABA,NEGATIVO,negativo,REC1957
HCDN3060,regimen-dnu-2025,5774,"D'alessandro, Carlos",San Luis,AFIRMATIVO,afirmativo,REC1958
HCDN3083,regimen-dnu-2025,5774,"Todero, Pablo",Neuquen,AFIRMATIVO,afirmativo,REC1959
HCDN3078,regimen-dnu-2025,5774,"Potenza, Luciana",Buenos Aires,AFIRMATIVO,afirmativo,REC1960
HCDN3034,regimen-dnu-2025,5774,"Coletta, Mariela",CABA,AFIRMATIVO,afirmativo,REC1961
HCDN3099,regimen-dnu-2025,5774,"Garrido, Jose Luis",Santa Cruz,NEGATIVO,negativo,REC1962
HCDN3080,regimen-dnu-2025,5774,"Capozzi, Sergio Eduardo",Rio Negro,NEGATIVO,negativo,REC1963
HCDN3057,regimen-dnu-2025,5774,"Fernandez Molero, Daiana",CABA,NEGATIVO,negativo,REC1964
HCDN1272,regimen-dnu-2025,5774,"Ianni, Ana Maria",Santa Cruz,AFIRMATIVO,afirmativo,A50751
HCDN0022,regimen-dnu-2025,5774,"Pichetto, Miguel Angel",Buenos Aires,AFIRMATIVO,afirmativo,REC1965
HCDN3043,regimen-dnu-2025,5774,"Giudici, Silvana",CABA,NEGATIVO,negativo,A4356
HCDN3088,regimen-dnu-2025,5774,"Bonacci, Rocio",Santa Fe,NEGATIVO,negativo,REC1966
HCDN3091,regimen-dnu-2025,5774,"Villaverde, Lorena",Rio Negro,NEGATIVO,negativo,REC1967
HCDN3061,regimen-dnu-2025,5774,"Pagano, Marcela Marina",Buenos Aires,AFIRMATIVO,afirmativo,REC1968
HCDN3089,regimen-dnu-2025,5774,"Falcone, Eduardo",Buenos Aires,AFIRMATIVO,afirmativo,REC1969
HCDN3047,regimen-dnu-2025,5774,"Araujo Hernandez, Jorge Neri",Tierra Del Fuego,AFIRMATIVO,afirmativo,REC1970
HCDN3068,regimen-dnu-2025,5774,"Juliano, Pablo",Buenos Aires,AFIRMATIVO,afirmativo,REC1972
HCDN3087,regimen-dnu-2025,5774,"Freites, Andrea",Tierra Del Fuego,AFIRMATIVO,afirmativo,REC1973
HCDN3048,regimen-dnu-2025,5774,"Bongiovanni, Alejandro",Santa Fe,NEGATIVO,negativo,REC1974
HCDN3075,regimen-dnu-2025,5774,"Macyszyn, Lorena",Buenos Aires,NEGATIVO,negativo,REC1975
HCDN3045,regimen-dnu-2025,5774,"Monzon, Roxana",Buenos Aires,AFIRMATIVO,afirmativo,REC1976
HCDN3105,regimen-dnu-2025,5774,"Pauli, Santiago",Tierra Del Fuego,NEGATIVO,negativo,REC1978
HCDN3090,regimen-dnu-2025,5774,"Carignano, Florencia",Santa Fe,AFIRMATIVO,afirmativo,REC1979
HCDN3095,regimen-dnu-2025,5774,"Montenegro, Guillermo",Buenos Aires,NEGATIVO,negativo,REC1980
HCDN3101,regimen-dnu-2025,5774,"De Sensi, Maria Florencia",Buenos Aires,NEGATIVO,negativo,REC2039
HCDN3139,regimen-dnu-2025,5774,"Ferreyra, Alida",CABA,NEGATIVO,negativo,REC2046
HCDN3142,regimen-dnu-2025,5774,"Tournier, Jose Federico",Corrientes,NEGATIVO,negativo,REC2048
HCDN3148,regimen-dnu-2025,5774,"Sanchez Wrba, Javier",Buenos Aires,NEGATIVO,negativo,REC2052
HCDN3149,regimen-dnu-2025,5774,"Ripoll, Vilma",Buenos Aires,AFIRMATIVO,afirmativo,REC2053
HCDN3150,regimen-dnu-2025,5774,"De Mendieta, Mercedes",CABA,AFIRMATIVO,afirmativo,REC2054
HCDN3026,regimen-dnu-2025,5774,"Giorgi, Melina",Santa Fe,ABSTENCION,abstencion,REC2040
HCDN3024,regimen-dnu-2025,5774,"Emma, Nicolas",CABA,NEGATIVO,negativo,REC2042
HCDN3025,regimen-dnu-2025,5774,"Llancafilo, Osvaldo",Neuquen,AUSENTE,ausente,REC2044
HCDN3016,regimen-dnu-2025,5774,"Sarapura, Natalia Silvina",Jujuy,ABSTENCION,abstencion,REC1944
HCDN3052,regimen-dnu-2025,5774,"Avila, Fernanda",Catamarca,AFIRMATIVO,afirmativo,REC1981
HCDN3086,regimen-dnu-2025,5774,"Yeza, Martin",Buenos Aires,NEGATIVO,negativo,REC1982
HCDN3059,regimen-dnu-2025,5774,"Arrieta, Lourdes Micaela",Mendoza,AFIRMATIVO,afirmativo,REC1983
HCDN1456,regimen-dnu-2025,5774,"Volnovich, Luana",Buenos Aires,AFIRMATIVO,afirmativo,A50899
HCDN3103,regimen-dnu-2025,5774,"Moreno Ovalle, Julio",Salta,NEGATIVO,negativo,REC1984
HCDN3028,regimen-dnu-2025,5774,"Aveiro, Martin",Mendoza,AFIRMATIVO,afirmativo,REC1985
HCDN3037,regimen-dnu-2025,5774,"Vasquez, Patricia",Buenos Aires,NEGATIVO,negativo,REC1986
HCDN3096,regimen-dnu-2025,5774,"Orozco, Emilia",Salta,NEGATIVO,negativo,REC1987
HCDN3064,regimen-dnu-2025,5774,"Benegas Lynch, Bertie",Buenos Aires,NEGATIVO,negativo,REC1988
HCDN3076,regimen-dnu-2025,5774,"Noblega, Sebastian",Catamarca,AFIRMATIVO,afirmativo,REC1989
HCDN3072,regimen-dnu-2025,5774,"Correa Llano, Facundo",Mendoza,NEGATIVO,negativo,REC1990
HCDN3100,regimen-dnu-2025,5774,"Outes, Pablo",Salta,AUSENTE,ausente,REC1991
HCDN3070,regimen-dnu-2025,5774,"Llano, Mercedes",Mendoza,NEGATIVO,negativo,REC1992
HCDN3106,regimen-dnu-2025,5774,"Garcia, Carlos",Chaco,NEGATIVO,negativo,REC1993
HCDN3084,regimen-dnu-2025,5774,"Lemoine, Lilia",Buenos Aires,NEGATIVO,negativo,REC1994
HCDN3033,regimen-dnu-2025,5774,"Strada, Julia",Buenos Aires,AFIRMATIVO,afirmativo,REC1995
HCDN3030,regimen-dnu-2025,5774,"Arrua, Alberto",Misiones,ABSTENCION,abstencion,REC1996
HCDN3038,regimen-dnu-2025,5774,"Vega, Yolanda",Salta,AUSENTE,ausente,REC1997
HCDN3054,regimen-dnu-2025,5774,"Selva, Sabrina",Buenos Aires,AFIRMATIVO,afirmativo,REC1998
HCDN3079,regimen-dnu-2025,5774,"Bianchetti, Emmanuel",Misiones,NEGATIVO,negativo,REC1999
HCDN3094,regimen-dnu-2025,5774,"Avila, Jorge Antonio",Chubut,ABSTENCION,abstencion,REC2000
HCDN3085,regimen-dnu-2025,5774,"Chica, Jorge",San Juan,AFIRMATIVO,afirmativo,REC2001
HCDN1454,regimen-dnu-2025,5774,"Castagneto, Carlos Daniel",Buenos Aires,AFIRMATIVO,afirmativo,A50896
HCDN3040,regimen-dnu-2025,5774,"Peluc, Jose",San Juan,NEGATIVO,negativo,REC2002
HCDN3065,regimen-dnu-2025,5774,"Santurio, Santiago",Buenos Aires,NEGATIVO,negativo,REC2003
HCDN3053,regimen-dnu-2025,5774,"Glinski, Jose",Chubut,AFIRMATIVO,afirmativo,REC2004
HCDN3036,regimen-dnu-2025,5774,"Ruiz, Yamila",Misiones,ABSTENCION,abstencion,REC2005
HCDN3050,regimen-dnu-2025,5774,"Picon Martinez, Nancy Viviana",San Juan,NEGATIVO,negativo,REC2006
HCDN3066,regimen-dnu-2025,5774,"Castillo, Christian",Buenos Aires,AFIRMATIVO,afirmativo,REC2007
HCDN3031,regimen-dnu-2025,5774,"Vancsik, Daniel",Misiones,ABSTENCION,abstencion,REC2008
HCDN3140,regimen-dnu-2025,5774,"Ali, Ernesto Pipi",San Luis,AFIRMATIVO,afirmativo,REC2009
HCDN3081,regimen-dnu-2025,5774,"Manrique, Mario",Buenos Aires,AFIRMATIVO,afirmativo,REC2010
HCDN3082,regimen-dnu-2025,5774,"Pokoik, Lorena",CABA,AFIRMATIVO,afirmativo,REC2011
HCDN3041,regimen-dnu-2025,5774,"Diez, Romina",Santa Fe,NEGATIVO,negativo,REC2012
HCDN3044,regimen-dnu-2025,5774,"Campero, Mariano",Tucuman,NEGATIVO,negativo,REC2013
HCDN1512,regimen-dnu-2025,5774,"Massot, Nicolas",Buenos Aires,AFIRMATIVO,afirmativo,A50934
HCDN3074,regimen-dnu-2025,5774,"Giuliano, Diego A.",Santa Fe,AFIRMATIVO,afirmativo,REC2014
HCDN3111,regimen-dnu-2025,5774,"Benedit, Beltran",Entre Rios,NEGATIVO,negativo,REC2015
HCDN3073,regimen-dnu-2025,5774,"Zago, Oscar",CABA,AFIRMATIVO,afirmativo,REC2016
HCDN3071,regimen-dnu-2025,5774,"Mayoraz, Nicolas",Santa Fe,NEGATIVO,negativo,REC2017
HCDN3056,regimen-dnu-2025,5774,"Molle, Matias",Buenos Aires,AFIRMATIVO,afirmativo,REC2018
HCDN3108,regimen-dnu-2025,5774,"Paulon, Esteban",Santa Fe,AFIRMATIVO,afirmativo,REC2019
HCDN3035,regimen-dnu-2025,5774,"Bordet, Gustavo",Entre Rios,AUSENTE,ausente,REC2020
HCDN3058,regimen-dnu-2025,5774,"Avico, Belen",Cordoba,NEGATIVO,negativo,REC2021
HCDN3110,regimen-dnu-2025,5774,"Razzini, Veronica",Santa Fe,NEGATIVO,negativo,REC2022
HCDN3107,regimen-dnu-2025,5774,"Menem, Martin",La Rioja,NEGATIVO,negativo,REC2023
HCDN3042,regimen-dnu-2025,5774,"Bornoroni, Gabriel",Cordoba,NEGATIVO,negativo,REC2024
HCDN3093,regimen-dnu-2025,5774,"Campitelli, Celia",Santiago Del Estero,AFIRMATIVO,afirmativo,REC2025
HCDN3046,regimen-dnu-2025,5774,"Morchio, Francisco",Entre Rios,AUSENTE,ausente,REC2026
HCDN3062,regimen-dnu-2025,5774,"Gomez, Jose",Santiago Del Estero,AUSENTE,ausente,REC2027
HCDN1240,regimen-dnu-2025,5774,"Basterra, Luis Eugenio",Formosa,AFIRMATIVO,afirmativo,A50726
HCDN1577,regimen-dnu-2025,5774,"Brügge, Juan Fernando",Cordoba,AFIRMATIVO,afirmativo,A51013
HCDN3098,regimen-dnu-2025,5774,"Huesen, Gerardo",Tucuman,NEGATIVO,negativo,REC2028
HCDN3049,regimen-dnu-2025,5774,"Ardohain, Martin",La Pampa,NEGATIVO,negativo,REC2029
HCDN3055,regimen-dnu-2025,5774,"Gonzalez, Gerardo Gustavo",Formosa,AFIRMATIVO,afirmativo,REC2030
HCDN3092,regimen-dnu-2025,5774,"Ibañez, Maria Cecilia",Cordoba,NEGATIVO,negativo,REC2031
HCDN3051,regimen-dnu-2025,5774,"Picat, Luis Albino",Cordoba,NEGATIVO,negativo,REC2032
HCDN3097,regimen-dnu-2025,5774,"Quintar, Manuel",Jujuy,NEGATIVO,negativo,REC2033
HCDN3069,regimen-dnu-2025,5774,"Ponce, Maria Celeste",Cordoba,AUSENTE,ausente,REC2034
HCDN3029,regimen-dnu-2025,5774,"Almiron, Lisandro",Corrientes,NEGATIVO,negativo,REC2035
HCDN3109,regimen-dnu-2025,5774,"Torres, Alejandra",Cordoba,AUSENTE,ausente,REC2036
HCDN3077,regimen-dnu-2025,5774,"Zulli, Christian Alejandro",Corrientes,AFIRMATIVO,afirmativo,REC2038
HCDN3018,regimen-dnu-2025,5774,"Agost Carreño, Oscar",Cordoba,AFIRMATIVO,afirmativo,REC1948
HCDN3020,regimen-dnu-2025,5774,"Fernandez, Elia Marina",Tucuman,AUSENTE,ausente,REC1951
HCDN3022,regimen-dnu-2025,5774,"Arancibia Rodriguez, Alberto Gustavo",San Luis,NEGATIVO,negativo,REC1952
HCDN3104,regimen-dnu-2025,5774,"Moreno, Maria de los Angeles",San Juan,NEGATIVO,negativo,REC2041
HCDN3023,regimen-dnu-2025,5774,"Araujo, Maria Fernanda",CABA,NEGATIVO,negativo,REC2045
HCDN3143,regimen-dnu-2025,5774,"Ballejos, Nancy",Entre Rios,NEGATIVO,negativo,REC2049
HCDN3146,regimen-dnu-2025,5774,"Garramuño, Ricardo",Tierra Del Fuego,NEGATIVO,negativo,REC2050
HCDN3151,regimen-dnu-2025,5774,"Prades, C. Facundo",Santa Cruz,NEGATIVO,negativo,REC2055
HCDN1148,ludopatia-2024,5484,"Benedetti, Atilio",Entre Rios,ABSTENCION,abstencion,A4774
HCDN2431,ludopatia-2024,5484,"Yedlin, Pablo Raul",Tucuman,AFIRMATIVO,afirmativo,A51126
HCDN2429,ludopatia-2024,5484,"Yasky, Hugo",Buenos Aires,AFIRMATIVO,afirmativo,A51095
HCDN2445,ludopatia-2024,5484,"Herrera, Bernardo Jose",Santiago Del Estero,AFIRMATIVO,afirmativo,A51138
HCDN2340,ludopatia-2024,5484,"Neder, Estela Mary",Santiago Del Estero,AFIRMATIVO,afirmativo,A51059
HCDN2754,ludopatia-2024,5484,"Rizzotti, Jorge",Jujuy,AFIRMATIVO,afirmativo,A51183
HCDN0972,ludopatia-2024,5484,"Aguirre, Hilda",La Rioja,AFIRMATIVO,afirmativo,A4608
HCDN1463,ludopatia-2024,5484,"Moreau, Cecilia",Buenos Aires,AFIRMATIVO,afirmativo,A50898
vote-estevez-gabriela,ludopatia-2024,5484,"Estevez, Gabriela",,AFIRMATIVO,afirmativo,A50936
HCDN2765,ludopatia-2024,5484,"Cisneros, Carlos",Tucuman,AFIRMATIVO,afirmativo,A51152
HCDN2768,ludopatia-2024,5484,"Gutierrez, Carlos",Cordoba,AFIRMATIVO,afirmativo,A51185
HCDN2773,ludopatia-2024,5484,"Soria, Martin",Rio Negro,AFIRMATIVO,afirmativo,A51225
HCDN2775,ludopatia-2024,5484,"Gutierrez, Ramiro",Buenos Aires,AFIRMATIVO,afirmativo,A51201
HCDN1447,ludopatia-2024,5484,"Banfi, Karina",Buenos Aires,ABSTENCION,abstencion,A50906
HCDN1466,ludopatia-2024,5484,"Gonzalez, Alvaro",CABA,ABSTENCION,abstencion,A50919
HCDN2780,ludopatia-2024,5484,"Casas, Sergio Guillermo",La Rioja,AFIRMATIVO,afirmativo,A51161
HCDN2980,ludopatia-2024,5484,"Moyano, Nilda",Santiago Del Estero,AFIRMATIVO,afirmativo,REC85
HCDN3007,ludopatia-2024,5484,"Marino, Juan",Buenos Aires,AFIRMATIVO,afirmativo,REC1936
HCDN2444,ludopatia-2024,5484,"Schlotthauer, Monica Leticia",Buenos Aires,AUSENTE,ausente,A51139
HCDN2784,ludopatia-2024,5484,"Parola, Maria Graciela",Formosa,AFIRMATIVO,afirmativo,A51173
HCDN2787,ludopatia-2024,5484,"Ferraro, Maximiliano",CABA,AFIRMATIVO,afirmativo,A51181
HCDN2789,ludopatia-2024,5484,"Martinez, German Pedro",Santa Fe,AFIRMATIVO,afirmativo,A51215
HCDN2791,ludopatia-2024,5484,"Lopez Rodriguez, Dante",Catamarca,AFIRMATIVO,afirmativo,A51235
HCDN1439,ludopatia-2024,5484,"Lospennato, Silvia",Buenos Aires,ABSTENCION,abstencion,A50900
HCDN0633,ludopatia-2024,5484,"Osuna, Blanca Ines",Entre Rios,AFIRMATIVO,afirmativo,A51218
HCDN2799,ludopatia-2024,5484,"Leiva, Aldo",Chaco,AFIRMATIVO,afirmativo,A51210
HCDN1489,ludopatia-2024,5484,"Kirchner, Maximo Carlos",Buenos Aires,AFIRMATIVO,afirmativo,A50966
HCDN2803,ludopatia-2024,5484,"Cipolini, Gerardo",Chaco,ABSTENCION,abstencion,A51196
HCDN2804,ludopatia-2024,5484,"Hagman, Itai",CABA,AFIRMATIVO,afirmativo,A51202
HCDN2808,ludopatia-2024,5484,"Montoto, Maria Luisa",Santiago Del Estero,AFIRMATIVO,afirmativo,A51238
HCDN2810,ludopatia-2024,5484,"Frade, Monica",Buenos Aires,AFIRMATIVO,afirmativo,A51199
HCDN1455,ludopatia-2024,5484,"Tailhade, Rodolfo",Buenos Aires,AFIRMATIVO,afirmativo,A50897
HCDN1500,ludopatia-2024,5484,"Nuñez, Jose",Santa Fe,ABSTENCION,abstencion,A50973
HCDN2817,ludopatia-2024,5484,"Sand, Nancy",Corrientes,AFIRMATIVO,afirmativo,A51162
HCDN2821,ludopatia-2024,5484,"Penacca, Paula Andrea",CABA,AFIRMATIVO,afirmativo,A51180
HCDN2822,ludopatia-2024,5484,"Daives, Ricardo",Santiago Del Estero,AUSENTE,ausente,A51182
HCDN2825,ludopatia-2024,5484,"Valdes, Eduardo Felix",CABA,AFIRMATIVO,afirmativo,A51237
HCDN0788,ludopatia-2024,5484,"Ritondo, Cristian A.",Buenos Aires,ABSTENCION,abstencion,A51221
HCDN1180,ludopatia-2024,5484,"Heller, Carlos",CABA,AFIRMATIVO,afirmativo,A4763
HCDN2856,ludopatia-2024,5484,"Yutrovic, Carolina",Tierra Del Fuego,AFIRMATIVO,afirmativo,A51244
HCDN1375,ludopatia-2024,5484,"Gaillard, Ana Carolina",Entre Rios,AFIRMATIVO,afirmativo,A50833
HCDN2860,ludopatia-2024,5484,"Marziotta, Gisela",CABA,AFIRMATIVO,afirmativo,A51262
HCDN1524,ludopatia-2024,5484,"Snopek, Guillermo",Jujuy,AFIRMATIVO,afirmativo,A50947
HCDN2831,ludopatia-2024,5484,"Cafiero, Santiago",Buenos Aires,AFIRMATIVO,afirmativo,REC1953
HCDN2983,ludopatia-2024,5484,"Nieri, Lisandro",Mendoza,ABSTENCION,abstencion,REC86
HCDN1361,ludopatia-2024,5484,"Carrizo, Ana Carla",CABA,AFIRMATIVO,afirmativo,A50810
HCDN1365,ludopatia-2024,5484,"Carrizo, Soledad",Cordoba,ABSTENCION,abstencion,A50821
HCDN2362,ludopatia-2024,5484,"Campagnoli, Marcela",Buenos Aires,AFIRMATIVO,afirmativo,A51061
HCDN1364,ludopatia-2024,5484,"Baldassi, Hector W.",Cordoba,ABSTENCION,abstencion,A50820
HCDN2361,ludopatia-2024,5484,"Brambilla, Sofia",Corrientes,ABSTENCION,abstencion,A51039
HCDN2354,ludopatia-2024,5484,"Ansaloni, Pablo",Buenos Aires,NEGATIVO,negativo,A51049
HCDN2366,ludopatia-2024,5484,"Carro, Pablo",Cordoba,AFIRMATIVO,afirmativo,A51112
HCDN2350,ludopatia-2024,5484,"Allende, Walberto",San Juan,AFIRMATIVO,afirmativo,A51078
HCDN2376,ludopatia-2024,5484,"Fernandez Patri, Ramiro",Formosa,AFIRMATIVO,afirmativo,A51050
HCDN2401,ludopatia-2024,5484,"Lopez, Juan Manuel",Buenos Aires,AFIRMATIVO,afirmativo,A51044
HCDN2402,ludopatia-2024,5484,"Macha, Monica",Buenos Aires,AFIRMATIVO,afirmativo,A51094
vote-moreau-leopoldo,ludopatia-2024,5484,"Moreau, Leopoldo",,AFIRMATIVO,afirmativo,A51098
HCDN2400,ludopatia-2024,5484,"Oliveto Lago, Paula",CABA,AFIRMATIVO,afirmativo,A51115
HCDN1031,ludopatia-2024,5484,"Iglesias, Fernando Adolfo",CABA,ABSTENCION,abstencion,A4666
HCDN2382,ludopatia-2024,5484,"Ginocchio, Silvana Micaela",Catamarca,AFIRMATIVO,afirmativo,A51051
HCDN1433,ludopatia-2024,5484,"Laspina, Luciano Andres",Santa Fe,ABSTENCION,abstencion,A50884
HCDN1565,ludopatia-2024,5484,"Maquieyra, Martin",La Pampa,ABSTENCION,abstencion,A51017
vote-reyes-roxana,ludopatia-2024,5484,"Reyes, Roxana",,ABSTENCION,abstencion,A51077
HCDN2406,ludopatia-2024,5484,"Quetglas, Fabio Jose",Buenos Aires,ABSTENCION,abstencion,A51096
HCDN2408,ludopatia-2024,5484,"Rauschenberger, Ariel",La Pampa,AFIRMATIVO,afirmativo,A51103
HCDN2421,ludopatia-2024,5484,"Siley, Vanesa Raquel",Buenos Aires,AFIRMATIVO,afirmativo,A51120
HCDN2392,ludopatia-2024,5484,"Medina, Gladys",Tucuman,AFIRMATIVO,afirmativo,A51113
HCDN2412,ludopatia-2024,5484,"Romero, Jorge Antonio",Corrientes,AFIRMATIVO,afirmativo,A51084
HCDN1383,ludopatia-2024,5484,"Del Caño, Nicolas",Buenos Aires,AFIRMATIVO,afirmativo,A50844
HCDN2986,ludopatia-2024,5484,"Zabala Chacur, Natalia",San Luis,AFIRMATIVO,afirmativo,REC102
HCDN0530,ludopatia-2024,5484,"Lombardi, Hernan",Buenos Aires,ABSTENCION,abstencion,REC1
HCDN2925,ludopatia-2024,5484,"Stolbizer, Margarita",Buenos Aires,AFIRMATIVO,afirmativo,A1460
HCDN2955,ludopatia-2024,5484,"Finocchiaro, Alejandro",Buenos Aires,ABSTENCION,abstencion,REC2
HCDN2913,ludopatia-2024,5484,"Borrego, Victoria",Buenos Aires,AFIRMATIVO,afirmativo,REC3
HCDN2901,ludopatia-2024,5484,"Espert, Jose Luis",Buenos Aires,NEGATIVO,negativo,REC4
HCDN2940,ludopatia-2024,5484,"Piparo, Carolina",Buenos Aires,NEGATIVO,negativo,REC5
HCDN2892,ludopatia-2024,5484,"Santoro, Leandro",CABA,AFIRMATIVO,afirmativo,REC8
HCDN2953,ludopatia-2024,5484,"Vidal, Maria Eugenia",CABA,ABSTENCION,abstencion,REC9
HCDN2943,ludopatia-2024,5484,"Tetaz, Martin Alberto",CABA,ABSTENCION,abstencion,REC10
HCDN2898,ludopatia-2024,5484,"Lopez Murphy, Ricardo Hipolito",CABA,AUSENTE,ausente,REC11
HCDN2937,ludopatia-2024,5484,"Alonso, Constanza Maria",Buenos Aires,AFIRMATIVO,afirmativo,REC12
HCDN2915,ludopatia-2024,5484,"Pereyra, Julio",Buenos Aires,AFIRMATIVO,afirmativo,REC13
HCDN2936,ludopatia-2024,5484,"Litza, Monica",Buenos Aires,AFIRMATIVO,afirmativo,A51022
HCDN2356,ludopatia-2024,5484,"Arroyo, Daniel",Buenos Aires,AFIRMATIVO,afirmativo,A51073
HCDN2899,ludopatia-2024,5484,"Vargas Matyi, Brenda",Buenos Aires,AFIRMATIVO,afirmativo,REC14
HCDN2950,ludopatia-2024,5484,"Iparraguirre, Rogelio",Buenos Aires,AFIRMATIVO,afirmativo,REC15
HCDN2951,ludopatia-2024,5484,"Santilli, Diego",Buenos Aires,ABSTENCION,abstencion,REC16
HCDN2896,ludopatia-2024,5484,"Tolosa Paz, Victoria",Buenos Aires,AFIRMATIVO,afirmativo,REC17
HCDN2926,ludopatia-2024,5484,"Gollan, Daniel",Buenos Aires,AFIRMATIVO,afirmativo,REC18
HCDN1460,ludopatia-2024,5484,"Passo, Marcela Fabiana",Buenos Aires,AFIRMATIVO,afirmativo,A50912
HCDN2904,ludopatia-2024,5484,"Palazzo, Sergio Omar",Buenos Aires,AFIRMATIVO,afirmativo,REC19
HCDN2905,ludopatia-2024,5484,"Propato, Agustina Lucrecia",Buenos Aires,AFIRMATIVO,afirmativo,REC20
HCDN2908,ludopatia-2024,5484,"Manes, Facundo",Buenos Aires,AFIRMATIVO,afirmativo,REC22
HCDN2895,ludopatia-2024,5484,"Tavela, Danya",Buenos Aires,AFIRMATIVO,afirmativo,REC23
HCDN1192,ludopatia-2024,5484,"Milman, Gerardo",Buenos Aires,ABSTENCION,abstencion,A4769
HCDN2914,ludopatia-2024,5484,"Sotolano, Maria",Buenos Aires,ABSTENCION,abstencion,REC24
HCDN1440,ludopatia-2024,5484,"Monzo, Emilio",Buenos Aires,AFIRMATIVO,afirmativo,A50901
HCDN2881,ludopatia-2024,5484,"Besana, Gabriela",Buenos Aires,ABSTENCION,abstencion,REC25
HCDN2942,ludopatia-2024,5484,"De Loredo, Rodrigo",Cordoba,ABSTENCION,abstencion,REC26
vote-rodriguez-machado-laura,ludopatia-2024,5484,"Rodriguez Machado, Laura",,ABSTENCION,abstencion,REC27
HCDN2956,ludopatia-2024,5484,"Brouwer de Koning, Gabriela",Cordoba,ABSTENCION,abstencion,REC29
HCDN2928,ludopatia-2024,5484,"De la Sota, Natalia",Cordoba,AUSENTE,ausente,REC30
HCDN2910,ludopatia-2024,5484,"Garcia Aresca, Ignacio",Cordoba,AUSENTE,ausente,REC31
HCDN2919,ludopatia-2024,5484,"Chumpitaz, Gabriel Felipe",Santa Fe,ABSTENCION,abstencion,REC32
HCDN2738,ludopatia-2024,5484,"Mirabella, Roberto",Santa Fe,AFIRMATIVO,afirmativo,REC33
HCDN2948,ludopatia-2024,5484,"Mastaler, Magali",Santa Fe,AFIRMATIVO,afirmativo,REC34
HCDN2889,ludopatia-2024,5484,"Toniolli, Eduardo",Santa Fe,AFIRMATIVO,afirmativo,REC35
HCDN2891,ludopatia-2024,5484,"Fein, Monica",Santa Fe,AFIRMATIVO,afirmativo,A4629
HCDN2959,ludopatia-2024,5484,"Aguirre, Manuel Ignacio",Corrientes,AFIRMATIVO,afirmativo,REC37
HCDN2893,ludopatia-2024,5484,"Antola, Marcela",Entre Rios,AFIRMATIVO,afirmativo,REC38
HCDN2923,ludopatia-2024,5484,"Carbajal, Fernando",Formosa,AFIRMATIVO,afirmativo,REC41
HCDN2911,ludopatia-2024,5484,"Chaher, Leila",Jujuy,AFIRMATIVO,afirmativo,REC42
HCDN2935,ludopatia-2024,5484,"Vilca, Alejandro",Jujuy,AFIRMATIVO,afirmativo,REC43
HCDN2894,ludopatia-2024,5484,"Coli, Marcela",La Pampa,AFIRMATIVO,afirmativo,REC45
HCDN2944,ludopatia-2024,5484,"Marin, Varinia Lis",La Pampa,AFIRMATIVO,afirmativo,REC46
HCDN2902,ludopatia-2024,5484,"Pedrali, Gabriela",La Rioja,AFIRMATIVO,afirmativo,REC47
HCDN2949,ludopatia-2024,5484,"Herrera, Ricardo",La Rioja,AFIRMATIVO,afirmativo,REC48
HCDN2922,ludopatia-2024,5484,"Paponet, Liliana",Mendoza,AFIRMATIVO,afirmativo,REC49
HCDN1066,ludopatia-2024,5484,"Cobos, Julio",Mendoza,ABSTENCION,abstencion,A50843
HCDN1555,ludopatia-2024,5484,"Verasay, Pamela Fernanda",Mendoza,ABSTENCION,abstencion,REC50
HCDN2938,ludopatia-2024,5484,"Martinez, Alvaro",Mendoza,NEGATIVO,negativo,REC51
HCDN2985,ludopatia-2024,5484,"Fernandez, Carlos Alberto",Misiones,AUSENTE,ausente,REC52
HCDN2934,ludopatia-2024,5484,"Arjol, Martin",Misiones,ABSTENCION,abstencion,REC53
HCDN2941,ludopatia-2024,5484,"Klipauka Lewtak, Florencia",Misiones,NEGATIVO,negativo,REC54
HCDN2907,ludopatia-2024,5484,"Bertoldi, Tanya",Neuquen,AFIRMATIVO,afirmativo,REC56
HCDN2930,ludopatia-2024,5484,"Cervi, Pablo",Neuquen,ABSTENCION,abstencion,REC57
HCDN2954,ludopatia-2024,5484,"Domingo, Agustin",Rio Negro,AFIRMATIVO,afirmativo,REC58
HCDN2924,ludopatia-2024,5484,"Tortoriello, Anibal",Rio Negro,AUSENTE,ausente,REC59
HCDN2900,ludopatia-2024,5484,"Zapata, Carlos Raul",Salta,NEGATIVO,negativo,REC60
HCDN2884,ludopatia-2024,5484,"Estrada, Emiliano",Salta,AFIRMATIVO,afirmativo,REC61
HCDN2946,ludopatia-2024,5484,"Calletti, Pamela",Salta,AFIRMATIVO,afirmativo,REC62
HCDN2921,ludopatia-2024,5484,"Aubone, Ana Fabiola",San Juan,AFIRMATIVO,afirmativo,REC64
HCDN2917,ludopatia-2024,5484,"Bermejo, Adolfo",Mendoza,AFIRMATIVO,afirmativo,REC65
HCDN2979,ludopatia-2024,5484,"Gonzalez, Gustavo Carlos Miguel",Santa Cruz,AFIRMATIVO,afirmativo,REC68
HCDN2906,ludopatia-2024,5484,"Barletta, Mario",Santa Fe,AUSENTE,ausente,A50864
HCDN2888,ludopatia-2024,5484,"Figueroa Casas, Germana",Santa Fe,ABSTENCION,abstencion,REC70
HCDN2916,ludopatia-2024,5484,"Ajmechet, Sabrina",CABA,ABSTENCION,abstencion,REC71
HCDN1356,ludopatia-2024,5484,"Pedrini, Juan Manuel",Chaco,AUSENTE,ausente,A50816
HCDN2885,ludopatia-2024,5484,"Chomiak, Maria Luisa",Chaco,AFIRMATIVO,afirmativo,REC72
HCDN2929,ludopatia-2024,5484,"Polini, Juan Carlos",Chaco,AFIRMATIVO,afirmativo,REC73
HCDN2945,ludopatia-2024,5484,"Quiroz, Marilu",Chaco,ABSTENCION,abstencion,REC74
HCDN2952,ludopatia-2024,5484,"Romero, Ana Clara",Chubut,ABSTENCION,abstencion,REC75
HCDN2912,ludopatia-2024,5484,"Alianiello, Eugenia",Chubut,AFIRMATIVO,afirmativo,REC76
HCDN2927,ludopatia-2024,5484,"Monti, Francisco",Catamarca,ABSTENCION,abstencion,REC77
HCDN2887,ludopatia-2024,5484,"Sanchez, Roberto Antonio",Tucuman,ABSTENCION,abstencion,REC78
HCDN2909,ludopatia-2024,5484,"Omodeo, Paula",Tucuman,ABSTENCION,abstencion,REC79
HCDN2903,ludopatia-2024,5484,"Fernandez, Agustin",Tucuman,AFIRMATIVO,afirmativo,REC81
HCDN1042,ludopatia-2024,5484,"Randazzo, Florencio",Buenos Aires,AFIRMATIVO,afirmativo,REC82
HCDN2947,ludopatia-2024,5484,"Bachey, Karina Ethel",San Luis,ABSTENCION,abstencion,REC83
HCDN2886,ludopatia-2024,5484,"Ledesma, Tomas",Entre Rios,AFIRMATIVO,afirmativo,REC84
HCDN2976,ludopatia-2024,5484,"Zaracho, Natalia",Buenos Aires,AFIRMATIVO,afirmativo,REC101
HCDN3008,ludopatia-2024,5484,"Moran, Micaela",Buenos Aires,AFIRMATIVO,afirmativo,REC1937
HCDN3039,ludopatia-2024,5484,"Santillan Juarez Brahim, Juliana",Buenos Aires,NEGATIVO,negativo,REC1954
HCDN3102,ludopatia-2024,5484,"Treffinger, Cesar",Chubut,NEGATIVO,negativo,REC1955
HCDN3063,ludopatia-2024,5484,"Marquez, Nadia",Neuquen,NEGATIVO,negativo,REC1956
HCDN3032,ludopatia-2024,5484,"Arabia, Damian",CABA,ABSTENCION,abstencion,REC1957
HCDN3060,ludopatia-2024,5484,"D'alessandro, Carlos",San Luis,NEGATIVO,negativo,REC1958
HCDN3083,ludopatia-2024,5484,"Todero, Pablo",Neuquen,AFIRMATIVO,afirmativo,REC1959
HCDN3078,ludopatia-2024,5484,"Potenza, Luciana",Buenos Aires,AFIRMATIVO,afirmativo,REC1960
HCDN3034,ludopatia-2024,5484,"Coletta, Mariela",CABA,AUSENTE,ausente,REC1961
HCDN3099,ludopatia-2024,5484,"Garrido, Jose Luis",Santa Cruz,AUSENTE,ausente,REC1962
HCDN3080,ludopatia-2024,5484,"Capozzi, Sergio Eduardo",Rio Negro,ABSTENCION,abstencion,REC1963
HCDN3057,ludopatia-2024,5484,"Fernandez Molero, Daiana",CABA,ABSTENCION,abstencion,REC1964
HCDN1272,ludopatia-2024,5484,"Ianni, Ana Maria",Santa Cruz,AFIRMATIVO,afirmativo,A50751
HCDN0022,ludopatia-2024,5484,"Pichetto, Miguel Angel",Buenos Aires,AFIRMATIVO,afirmativo,REC1965
HCDN3043,ludopatia-2024,5484,"Giudici, Silvana",CABA,ABSTENCION,abstencion,A4356
HCDN3088,ludopatia-2024,5484,"Bonacci, Rocio",Santa Fe,AUSENTE,ausente,REC1966
HCDN3091,ludopatia-2024,5484,"Villaverde, Lorena",Rio Negro,NEGATIVO,negativo,REC1967
HCDN3061,ludopatia-2024,5484,"Pagano, Marcela Marina",Buenos Aires,AUSENTE,ausente,REC1968
HCDN3089,ludopatia-2024,5484,"Falcone, Eduardo",Buenos Aires,ABSTENCION,abstencion,REC1969
HCDN3047,ludopatia-2024,5484,"Araujo Hernandez, Jorge Neri",Tierra Del Fuego,AFIRMATIVO,afirmativo,REC1970
HCDN3068,ludopatia-2024,5484,"Juliano, Pablo",Buenos Aires,AFIRMATIVO,afirmativo,REC1972
HCDN3087,ludopatia-2024,5484,"Freites, Andrea",Tierra Del Fuego,AFIRMATIVO,afirmativo,REC1973
HCDN3048,ludopatia-2024,5484,"Bongiovanni, Alejandro",Santa Fe,ABSTENCION,abstencion,REC1974
HCDN3075,ludopatia-2024,5484,"Macyszyn, Lorena",Buenos Aires,NEGATIVO,negativo,REC1975
HCDN3045,ludopatia-2024,5484,"Monzon, Roxana",Buenos Aires,AFIRMATIVO,afirmativo,REC1976
HCDN3105,ludopatia-2024,5484,"Pauli, Santiago",Tierra Del Fuego,NEGATIVO,negativo,REC1978
HCDN3090,ludopatia-2024,5484,"Carignano, Florencia",Santa Fe,AFIRMATIVO,afirmativo,REC1979
HCDN3095,ludopatia-2024,5484,"Montenegro, Guillermo",Buenos Aires,NEGATIVO,negativo,REC1980
HCDN3101,ludopatia-2024,5484,"De Sensi, Maria Florencia",Buenos Aires,ABSTENCION,abstencion,REC2039
HCDN3139,ludopatia-2024,5484,"Ferreyra, Alida",CABA,NEGATIVO,negativo,REC2046
HCDN3141,ludopatia-2024,5484,"Biasi, Vanina",CABA,AFIRMATIVO,afirmativo,REC2047
HCDN3142,ludopatia-2024,5484,"Tournier, Jose Federico",Corrientes,AFIRMATIVO,afirmativo,REC2048
HCDN3026,ludopatia-2024,5484,"Giorgi, Melina",Santa Fe,AFIRMATIVO,afirmativo,REC2040
HCDN3024,ludopatia-2024,5484,"Emma, Nicolas",CABA,NEGATIVO,negativo,REC2042
vote-acevedo-sergio-edgardo,ludopatia-2024,5484,"Acevedo, Sergio Edgardo",,AFIRMATIVO,afirmativo,REC2043
HCDN3025,ludopatia-2024,5484,"Llancafilo, Osvaldo",Neuquen,AUSENTE,ausente,REC2044
HCDN3016,ludopatia-2024,5484,"Sarapura, Natalia Silvina",Jujuy,ABSTENCION,abstencion,REC1944
vote-dip-pendiente-de-incorporacion,ludopatia-2024,5484,"Dip, Pendiente de Incorporacion",,AUSENTE,ausente,REC2051
HCDN3052,ludopatia-2024,5484,"Avila, Fernanda",Catamarca,AFIRMATIVO,afirmativo,REC1981
HCDN3086,ludopatia-2024,5484,"Yeza, Martin",Buenos Aires,ABSTENCION,abstencion,REC1982
HCDN3059,ludopatia-2024,5484,"Arrieta, Lourdes Micaela",Mendoza,AFIRMATIVO,afirmativo,REC1983
HCDN1456,ludopatia-2024,5484,"Volnovich, Luana",Buenos Aires,AFIRMATIVO,afirmativo,A50899
HCDN3103,ludopatia-2024,5484,"Moreno Ovalle, Julio",Salta,NEGATIVO,negativo,REC1984
HCDN3028,ludopatia-2024,5484,"Aveiro, Martin",Mendoza,AFIRMATIVO,afirmativo,REC1985
HCDN3037,ludopatia-2024,5484,"Vasquez, Patricia",Buenos Aires,ABSTENCION,abstencion,REC1986
HCDN3096,ludopatia-2024,5484,"Orozco, Emilia",Salta,NEGATIVO,negativo,REC1987
HCDN3064,ludopatia-2024,5484,"Benegas Lynch, Bertie",Buenos Aires,NEGATIVO,negativo,REC1988
HCDN3076,ludopatia-2024,5484,"Noblega, Sebastian",Catamarca,AFIRMATIVO,afirmativo,REC1989
HCDN3072,ludopatia-2024,5484,"Correa Llano, Facundo",Mendoza,NEGATIVO,negativo,REC1990
HCDN3100,ludopatia-2024,5484,"Outes, Pablo",Salta,AFIRMATIVO,afirmativo,REC1991
HCDN3070,ludopatia-2024,5484,"Llano, Mercedes",Mendoza,NEGATIVO,negativo,REC1992
HCDN3106,ludopatia-2024,5484,"Garcia, Carlos",Chaco,NEGATIVO,negativo,REC1993
HCDN3084,ludopatia-2024,5484,"Lemoine, Lilia",Buenos Aires,NEGATIVO,negativo,REC1994
HCDN3033,ludopatia-2024,5484,"Strada, Julia",Buenos Aires,AFIRMATIVO,afirmativo,REC1995
HCDN3030,ludopatia-2024,5484,"Arrua, Alberto",Misiones,AUSENTE,ausente,REC1996
HCDN3038,ludopatia-2024,5484,"Vega, Yolanda",Salta,AFIRMATIVO,afirmativo,REC1997
HCDN3054,ludopatia-2024,5484,"Selva, Sabrina",Buenos Aires,AFIRMATIVO,afirmativo,REC1998
HCDN3079,ludopatia-2024,5484,"Bianchetti, Emmanuel",Misiones,ABSTENCION,abstencion,REC1999
HCDN3094,ludopatia-2024,5484,"Avila, Jorge Antonio",Chubut,AUSENTE,ausente,REC2000
HCDN3085,ludopatia-2024,5484,"Chica, Jorge",San Juan,AFIRMATIVO,afirmativo,REC2001
HCDN1454,ludopatia-2024,5484,"Castagneto, Carlos Daniel",Buenos Aires,AFIRMATIVO,afirmativo,A50896
HCDN3040,ludopatia-2024,5484,"Peluc, Jose",San Juan,AUSENTE,ausente,REC2002
HCDN3065,ludopatia-2024,5484,"Santurio, Santiago",Buenos Aires,NEGATIVO,negativo,REC2003
HCDN3053,ludopatia-2024,5484,"Glinski, Jose",Chubut,AFIRMATIVO,afirmativo,REC2004
HCDN3036,ludopatia-2024,5484,"Ruiz, Yamila",Misiones,AUSENTE,ausente,REC2005
HCDN3050,ludopatia-2024,5484,"Picon Martinez, Nancy Viviana",San Juan,NEGATIVO,negativo,REC2006
HCDN3066,ludopatia-2024,5484,"Castillo, Christian",Buenos Aires,AFIRMATIVO,afirmativo,REC2007
HCDN3031,ludopatia-2024,5484,"Vancsik, Daniel",Misiones,AUSENTE,ausente,REC2008
HCDN3140,ludopatia-2024,5484,"Ali, Ernesto Pipi",San Luis,AFIRMATIVO,afirmativo,REC2009
HCDN3081,ludopatia-2024,5484,"Manrique, Mario",Buenos Aires,AFIRMATIVO,afirmativo,REC2010
HCDN3082,ludopatia-2024,5484,"Pokoik, Lorena",CABA,AFIRMATIVO,afirmativo,REC2011
HCDN3041,ludopatia-2024,5484,"Diez, Romina",Santa Fe,NEGATIVO,negativo,REC2012
HCDN3044,ludopatia-2024,5484,"Campero, Mariano",Tucuman,ABSTENCION,abstencion,REC2013
HCDN1512,ludopatia-2024,5484,"Massot, Nicolas",Buenos Aires,AFIRMATIVO,afirmativo,A50934
HCDN3074,ludopatia-2024,5484,"Giuliano, Diego A.",Santa Fe,AFIRMATIVO,afirmativo,REC2014
HCDN3111,ludopatia-2024,5484,"Benedit, Beltran",Entre Rios,NEGATIVO,negativo,REC2015
HCDN3073,ludopatia-2024,5484,"Zago, Oscar",CABA,ABSTENCION,abstencion,REC2016
HCDN3071,ludopatia-2024,5484,"Mayoraz, Nicolas",Santa Fe,NEGATIVO,negativo,REC2017
HCDN3056,ludopatia-2024,5484,"Molle, Matias",Buenos Aires,AFIRMATIVO,afirmativo,REC2018
HCDN3108,ludopatia-2024,5484,"Paulon, Esteban",Santa Fe,AFIRMATIVO,afirmativo,REC2019
HCDN3035,ludopatia-2024,5484,"Bordet, Gustavo",Entre Rios,AFIRMATIVO,afirmativo,REC2020
HCDN3058,ludopatia-2024,5484,"Avico, Belen",Cordoba,ABSTENCION,abstencion,REC2021
HCDN3110,ludopatia-2024,5484,"Razzini, Veronica",Santa Fe,ABSTENCION,abstencion,REC2022
HCDN3107,ludopatia-2024,5484,"Menem, Martin",La Rioja,PRESIDENTE,presidente,REC2023
HCDN3042,ludopatia-2024,5484,"Bornoroni, Gabriel",Cordoba,NEGATIVO,negativo,REC2024
HCDN3093,ludopatia-2024,5484,"Campitelli, Celia",Santiago Del Estero,AFIRMATIVO,afirmativo,REC2025
HCDN3046,ludopatia-2024,5484,"Morchio, Francisco",Entre Rios,AFIRMATIVO,afirmativo,REC2026
HCDN3062,ludopatia-2024,5484,"Gomez, Jose",Santiago Del Estero,AFIRMATIVO,afirmativo,REC2027
HCDN1240,ludopatia-2024,5484,"Basterra, Luis Eugenio",Formosa,AFIRMATIVO,afirmativo,A50726
HCDN1577,ludopatia-2024,5484,"Brügge, Juan Fernando",Cordoba,AFIRMATIVO,afirmativo,A51013
HCDN3098,ludopatia-2024,5484,"Huesen, Gerardo",Tucuman,NEGATIVO,negativo,REC2028
HCDN3049,ludopatia-2024,5484,"Ardohain, Martin",La Pampa,ABSTENCION,abstencion,REC2029
HCDN3055,ludopatia-2024,5484,"Gonzalez, Gerardo Gustavo",Formosa,NEGATIVO,negativo,REC2030
HCDN3092,ludopatia-2024,5484,"Ibañez, Maria Cecilia",Cordoba,ABSTENCION,abstencion,REC2031
HCDN3051,ludopatia-2024,5484,"Picat, Luis Albino",Cordoba,ABSTENCION,abstencion,REC2032
HCDN3097,ludopatia-2024,5484,"Quintar, Manuel",Jujuy,NEGATIVO,negativo,REC2033
HCDN3069,ludopatia-2024,5484,"Ponce, Maria Celeste",Cordoba,NEGATIVO,negativo,REC2034
HCDN3029,ludopatia-2024,5484,"Almiron, Lisandro",Corrientes,NEGATIVO,negativo,REC2035
HCDN3109,ludopatia-2024,5484,"Torres, Alejandra",Cordoba,AUSENTE,ausente,REC2036
HCDN3077,ludopatia-2024,5484,"Zulli, Christian Alejandro",Corrientes,AFIRMATIVO,afirmativo,REC2038
HCDN3018,ludopatia-2024,5484,"Agost Carreño, Oscar",Cordoba,AFIRMATIVO,afirmativo,REC1948
HCDN3020,ludopatia-2024,5484,"Fernandez, Elia Marina",Tucuman,AFIRMATIVO,afirmativo,REC1951
HCDN3022,ludopatia-2024,5484,"Arancibia Rodriguez, Alberto Gustavo",San Luis,NEGATIVO,negativo,REC1952
HCDN3104,ludopatia-2024,5484,"Moreno, Maria de los Angeles",San Juan,AUSENTE,ausente,REC2041
HCDN3023,ludopatia-2024,5484,"Araujo, Maria Fernanda",CABA,NEGATIVO,negativo,REC2045
HCDN3143,ludopatia-2024,5484,"Ballejos, Nancy",Entre Rios,ABSTENCION,abstencion,REC2049
HCDN3166,presupuesto-2026,5822,"Aguero, Guillermo Cesar",Chaco,AFIRMATIVO,afirmativo,REC2056
HCDN0972,presupuesto-2026,5822,"Aguirre, Hilda",La Rioja,NEGATIVO,negativo,A4608
HCDN2916,presupuesto-2026,5822,"Ajmechet, Sabrina",CABA,AFIRMATIVO,afirmativo,REC71
HCDN3140,presupuesto-2026,5822,"Ali, Ernesto Pipi",San Luis,NEGATIVO,negativo,REC2009
HCDN3171,presupuesto-2026,5822,"Almena, Carlos Alberto",San Luis,AFIRMATIVO,afirmativo,REC2057
HCDN3029,presupuesto-2026,5822,"Almiron, Lisandro",Corrientes,AFIRMATIVO,afirmativo,REC2035
HCDN3178,presupuesto-2026,5822,"Alvarez, Claudio",San Luis,AFIRMATIVO,afirmativo,REC2137
HCDN3185,presupuesto-2026,5822,"Andino, Cristian",San Juan,NEGATIVO,negativo,REC2136
HCDN3226,presupuesto-2026,5822,"Andrade, Javier",CABA,NEGATIVO,negativo,REC2135
HCDN3157,presupuesto-2026,5822,"Andreussi, Barbara",Jujuy,AFIRMATIVO,afirmativo,REC2058
HCDN2354,presupuesto-2026,5822,"Ansaloni, Pablo",Buenos Aires,AFIRMATIVO,afirmativo,A51049
HCDN3032,presupuesto-2026,5822,"Arabia, Damian",CABA,AFIRMATIVO,afirmativo,REC1957
HCDN3047,presupuesto-2026,5822,"Araujo Hernandez, Jorge Neri",Tierra Del Fuego,NEGATIVO,negativo,REC1970
HCDN3049,presupuesto-2026,5822,"Ardohain, Martin",La Pampa,AFIRMATIVO,afirmativo,REC2029
HCDN3059,presupuesto-2026,5822,"Arrieta, Lourdes Micaela",Mendoza,ABSTENCION,abstencion,REC1983
HCDN3030,presupuesto-2026,5822,"Arrua, Alberto",Misiones,AFIRMATIVO,afirmativo,REC1996
HCDN3028,presupuesto-2026,5822,"Aveiro, Martin",Mendoza,AUSENTE,ausente,REC1985
HCDN3058,presupuesto-2026,5822,"Avico, Belen",Cordoba,AFIRMATIVO,afirmativo,REC2021
HCDN3052,presupuesto-2026,5822,"Avila, Fernanda",Catamarca,AFIRMATIVO,afirmativo,REC1981
HCDN3094,presupuesto-2026,5822,"Avila, Jorge Antonio",Chubut,ABSTENCION,abstencion,REC2000
HCDN1447,presupuesto-2026,5822,"Banfi, Karina",Buenos Aires,AFIRMATIVO,afirmativo,A50906
HCDN3223,presupuesto-2026,5822,"Barbur, Marcelo",Santiago Del Estero,NEGATIVO,negativo,REC2059
HCDN1240,presupuesto-2026,5822,"Basterra, Luis Eugenio",Formosa,NEGATIVO,negativo,A50726
HCDN3268,presupuesto-2026,5822,"Basualdo, Atilio",Formosa,AFIRMATIVO,afirmativo,REC2138
HCDN3209,presupuesto-2026,5822,"Basualdo, Carolina",Cordoba,ABSTENCION,abstencion,REC2166
HCDN3201,presupuesto-2026,5822,"Becerra, Monica",San Luis,AFIRMATIVO,afirmativo,REC2060
HCDN3111,presupuesto-2026,5822,"Benedit, Beltran",Entre Rios,AFIRMATIVO,afirmativo,REC2015
HCDN3064,presupuesto-2026,5822,"Benegas Lynch, Bertie",Buenos Aires,AFIRMATIVO,afirmativo,REC1988
HCDN3079,presupuesto-2026,5822,"Bianchetti, Emmanuel",Misiones,AFIRMATIVO,afirmativo,REC1999
HCDN3240,presupuesto-2026,5822,"Biella, Bernardo",Salta,AFIRMATIVO,afirmativo,A50745
HCDN3088,presupuesto-2026,5822,"Bonacci, Rocio",Santa Fe,AFIRMATIVO,afirmativo,REC1966
HCDN3048,presupuesto-2026,5822,"Bongiovanni, Alejandro",Santa Fe,AFIRMATIVO,afirmativo,REC1974
HCDN3035,presupuesto-2026,5822,"Bordet, Gustavo",Entre Rios,NEGATIVO,negativo,REC2020
HCDN3183,presupuesto-2026,5822,"Borgatta, Alejandrina",Santa Fe,NEGATIVO,negativo,REC2139
HCDN3042,presupuesto-2026,5822,"Bornoroni, Gabriel",Cordoba,AFIRMATIVO,afirmativo,REC2024
HCDN1435,presupuesto-2026,5822,"Bregman, Myriam",CABA,NEGATIVO,negativo,A50889
HCDN3202,presupuesto-2026,5822,"Brizuela, Adrian",Catamarca,AFIRMATIVO,afirmativo,REC2061
HCDN1577,presupuesto-2026,5822,"Brügge, Juan Fernando",Cordoba,ABSTENCION,abstencion,A51013
HCDN3190,presupuesto-2026,5822,"Bruno, Eliana",Salta,AFIRMATIVO,afirmativo,REC2169
HCDN2831,presupuesto-2026,5822,"Cafiero, Santiago",Buenos Aires,NEGATIVO,negativo,REC1953
HCDN3044,presupuesto-2026,5822,"Campero, Mariano",Tucuman,AFIRMATIVO,afirmativo,REC2013
HCDN3093,presupuesto-2026,5822,"Campitelli, Celia",Santiago Del Estero,NEGATIVO,negativo,REC2025
HCDN3198,presupuesto-2026,5822,"Campo, Julieta Marisol",Chaco,NEGATIVO,negativo,REC2128
HCDN3174,presupuesto-2026,5822,"Campora, Lucia",CABA,NEGATIVO,negativo,REC2062
HCDN3080,presupuesto-2026,5822,"Capozzi, Sergio Eduardo",Rio Negro,ABSTENCION,abstencion,REC1963
HCDN3090,presupuesto-2026,5822,"Carignano, Florencia",Santa Fe,NEGATIVO,negativo,REC1979
HCDN3164,presupuesto-2026,5822,"Carrancio, Alejandro",Buenos Aires,AFIRMATIVO,afirmativo,REC2063
HCDN2780,presupuesto-2026,5822,"Casas, Sergio Guillermo",La Rioja,NEGATIVO,negativo,A51161
HCDN1454,presupuesto-2026,5822,"Castagneto, Carlos Daniel",Buenos Aires,NEGATIVO,negativo,A50896
HCDN3225,presupuesto-2026,5822,"Castelnuovo, Giselle",Buenos Aires,AFIRMATIVO,afirmativo,REC2064
HCDN3085,presupuesto-2026,5822,"Chica, Jorge",San Juan,NEGATIVO,negativo,REC2001
HCDN3254,presupuesto-2026,5822,"Chiconi, Abel",San Juan,AFIRMATIVO,afirmativo,REC2141
HCDN2803,presupuesto-2026,5822,"Cipolini, Gerardo",Chaco,AFIRMATIVO,afirmativo,A51196
HCDN2765,presupuesto-2026,5822,"Cisneros, Carlos",Tucuman,NEGATIVO,negativo,A51152
HCDN3034,presupuesto-2026,5822,"Coletta, Mariela",CABA,ABSTENCION,abstencion,REC1961
HCDN3072,presupuesto-2026,5822,"Correa Llano, Facundo",Mendoza,AFIRMATIVO,afirmativo,REC1990
HCDN2822,presupuesto-2026,5822,"Daives, Ricardo",Santiago Del Estero,AUSENTE,ausente,A51182
HCDN3253,presupuesto-2026,5822,"De Andreis, Fernando",CABA,AFIRMATIVO,afirmativo,REC2065
HCDN0732,presupuesto-2026,5822,"De la Rosa, Maria Graciela",Formosa,NEGATIVO,negativo,A4336
HCDN2928,presupuesto-2026,5822,"De la Sota, Natalia",Cordoba,NEGATIVO,negativo,REC30
HCDN3101,presupuesto-2026,5822,"De Sensi, Maria Florencia",Buenos Aires,AFIRMATIVO,afirmativo,REC2039
HCDN1383,presupuesto-2026,5822,"Del Caño, Nicolas",Buenos Aires,NEGATIVO,negativo,A50844
HCDN2373,presupuesto-2026,5822,"Del Pla, Romina",Buenos Aires,NEGATIVO,negativo,A51089
HCDN3194,presupuesto-2026,5822,"Diaz, Fernanda",Buenos Aires,NEGATIVO,negativo,REC2066
HCDN3041,presupuesto-2026,5822,"Diez, Romina",Santa Fe,AFIRMATIVO,afirmativo,REC2012
HCDN3193,presupuesto-2026,5822,"Dolce, Sergio",Chaco,NEGATIVO,negativo,REC2067
HCDN3024,presupuesto-2026,5822,"Emma, Nicolas",CABA,AFIRMATIVO,afirmativo,REC2042
HCDN1514,presupuesto-2026,5822,"Estevez, Gabriela Beatriz",Cordoba,NEGATIVO,negativo,A50936
HCDN3089,presupuesto-2026,5822,"Falcone, Eduardo",Buenos Aires,AFIRMATIVO,afirmativo,REC1969
HCDN3252,presupuesto-2026,5822,"Fargosi, Alejandro",CABA,AFIRMATIVO,afirmativo,REC2068
HCDN3219,presupuesto-2026,5822,"Farias, Pablo",Santa Fe,ABSTENCION,abstencion,REC2069
HCDN3212,presupuesto-2026,5822,"Felix, Emir",Mendoza,NEGATIVO,negativo,REC2070
HCDN3020,presupuesto-2026,5822,"Fernandez, Elia Marina",Tucuman,AFIRMATIVO,afirmativo,REC1951
HCDN3208,presupuesto-2026,5822,"Fernandez, Jorge",San Luis,NEGATIVO,negativo,REC2142
HCDN3057,presupuesto-2026,5822,"Fernandez Molero, Daiana",CABA,AFIRMATIVO,afirmativo,REC1964
HCDN3176,presupuesto-2026,5822,"Ferran, Abelardo",La Pampa,NEGATIVO,negativo,REC2071
HCDN2787,presupuesto-2026,5822,"Ferraro, Maximiliano",CABA,ABSTENCION,abstencion,A51181
HCDN3139,presupuesto-2026,5822,"Ferreyra, Alida",CABA,AFIRMATIVO,afirmativo,REC2046
HCDN3230,presupuesto-2026,5822,"Figliuolo, Sergio",Buenos Aires,AFIRMATIVO,afirmativo,REC2072
HCDN2955,presupuesto-2026,5822,"Finocchiaro, Alejandro",Buenos Aires,AFIRMATIVO,afirmativo,REC2
HCDN3188,presupuesto-2026,5822,"Flores, Maria Gabriela",Salta,AFIRMATIVO,afirmativo,REC2073
HCDN2810,presupuesto-2026,5822,"Frade, Monica",Buenos Aires,ABSTENCION,abstencion,A51199
HCDN2379,presupuesto-2026,5822,"Fregonese, Alicia",Entre Rios,AFIRMATIVO,afirmativo,A51097
HCDN3087,presupuesto-2026,5822,"Freites, Andrea",Tierra Del Fuego,NEGATIVO,negativo,REC1973
HCDN3215,presupuesto-2026,5822,"Frias, Maira",Chubut,AFIRMATIVO,afirmativo,REC2074
HCDN3217,presupuesto-2026,5822,"Gallardo, Maria Virginia",Corrientes,AFIRMATIVO,afirmativo,REC2075
HCDN3199,presupuesto-2026,5822,"Galmarini, Sebastian",Buenos Aires,NEGATIVO,negativo,REC2143
HCDN0885,presupuesto-2026,5822,"Garcia, Maria Teresa",Buenos Aires,NEGATIVO,negativo,A4447
HCDN3248,presupuesto-2026,5822,"Garcia, Alvaro",Buenos Aires,AFIRMATIVO,afirmativo,REC2076
HCDN3106,presupuesto-2026,5822,"Garcia, Carlos",Chaco,AFIRMATIVO,afirmativo,REC1993
HCDN2910,presupuesto-2026,5822,"Garcia Aresca, Ignacio",Cordoba,ABSTENCION,abstencion,REC31
HCDN3099,presupuesto-2026,5822,"Garrido, Jose Luis",Santa Cruz,AFIRMATIVO,afirmativo,REC1962
HCDN3169,presupuesto-2026,5822,"Giampieri, Antonela",CABA,AFIRMATIVO,afirmativo,REC2077
HCDN3043,presupuesto-2026,5822,"Giudici, Silvana",CABA,AFIRMATIVO,afirmativo,A4356
HCDN3074,presupuesto-2026,5822,"Giuliano, Diego A.",Santa Fe,NEGATIVO,negativo,REC2014
HCDN3053,presupuesto-2026,5822,"Glinski, Jose",Chubut,NEGATIVO,negativo,REC2004
HCDN3211,presupuesto-2026,5822,"Goitia, Rosario",Chaco,AFIRMATIVO,afirmativo,REC2078
HCDN3062,presupuesto-2026,5822,"Gomez, Jose",Santiago Del Estero,AUSENTE,ausente,REC2027
HCDN3200,presupuesto-2026,5822,"Gonzales, Alfredo",Jujuy,AFIRMATIVO,afirmativo,REC2079
HCDN3186,presupuesto-2026,5822,"Gonzalez, Diogenes Ignacio",Corrientes,AFIRMATIVO,afirmativo,REC2080
HCDN3055,presupuesto-2026,5822,"Gonzalez, Gerardo Gustavo",Formosa,AUSENTE,ausente,REC2030
HCDN1466,presupuesto-2026,5822,"Gonzalez, Alvaro",CABA,AFIRMATIVO,afirmativo,A50919
HCDN3170,presupuesto-2026,5822,"Gonzalez Estevarena, Maria Luisa",Buenos Aires,AFIRMATIVO,afirmativo,REC2081
HCDN3192,presupuesto-2026,5822,"Grabois, Juan",Buenos Aires,NEGATIVO,negativo,REC2082
HCDN3207,presupuesto-2026,5822,"Gruber, Maura",Misiones,AFIRMATIVO,afirmativo,REC2144
HCDN2768,presupuesto-2026,5822,"Gutierrez, Carlos",Cordoba,ABSTENCION,abstencion,A51185
HCDN2775,presupuesto-2026,5822,"Gutierrez, Ramiro",Buenos Aires,NEGATIVO,negativo,A51201
HCDN3247,presupuesto-2026,5822,"Guzman, Jairo",Santa Cruz,AFIRMATIVO,afirmativo,REC2083
HCDN3237,presupuesto-2026,5822,"Hadad, Raul",Corrientes,NEGATIVO,negativo,REC2084
HCDN2804,presupuesto-2026,5822,"Hagman, Itai",CABA,NEGATIVO,negativo,A51202
HCDN3210,presupuesto-2026,5822,"Hartfield, Diego",Misiones,AFIRMATIVO,afirmativo,REC2145
HCDN3204,presupuesto-2026,5822,"Herrera Ahuad, Oscar A.",Misiones,AFIRMATIVO,afirmativo,REC2085
HCDN3232,presupuesto-2026,5822,"Holzman, Patricia",CABA,AFIRMATIVO,afirmativo,REC2086
HCDN3098,presupuesto-2026,5822,"Huesen, Gerardo",Tucuman,AFIRMATIVO,afirmativo,REC2028
HCDN3165,presupuesto-2026,5822,"Humenuk, Gladys",Buenos Aires,AFIRMATIVO,afirmativo,REC2087
HCDN1272,presupuesto-2026,5822,"Ianni, Ana Maria",Santa Cruz,NEGATIVO,negativo,A50751
HCDN3092,presupuesto-2026,5822,"Ibañez, Maria Cecilia",Cordoba,AFIRMATIVO,afirmativo,REC2031
HCDN3243,presupuesto-2026,5822,"Jaime Quiroga, Carlos Gustavo",San Juan,AFIRMATIVO,afirmativo,REC2170
HCDN3068,presupuesto-2026,5822,"Juliano, Pablo",Buenos Aires,ABSTENCION,abstencion,REC1972
HCDN1489,presupuesto-2026,5822,"Kirchner, Maximo Carlos",Buenos Aires,NEGATIVO,negativo,A50966
HCDN3205,presupuesto-2026,5822,"Lanesan Sancho, Moira",Santa Cruz,NEGATIVO,negativo,REC2131
HCDN3231,presupuesto-2026,5822,"Laumann, Andres Ariel",Entre Rios,AFIRMATIVO,afirmativo,REC2088
HCDN2799,presupuesto-2026,5822,"Leiva, Aldo",Chaco,NEGATIVO,negativo,A51210
HCDN3084,presupuesto-2026,5822,"Lemoine, Lilia",Buenos Aires,AFIRMATIVO,afirmativo,REC1994
HCDN3189,presupuesto-2026,5822,"Leone, Andres",CABA,AFIRMATIVO,afirmativo,REC2089
HCDN3070,presupuesto-2026,5822,"Llano, Mercedes",Mendoza,AFIRMATIVO,afirmativo,REC1992
HCDN3172,presupuesto-2026,5822,"Lluch, Enrique",Cordoba,AFIRMATIVO,afirmativo,REC2090
HCDN3161,presupuesto-2026,5822,"Longo, Johanna Sabrina",Buenos Aires,AFIRMATIVO,afirmativo,REC2091
HCDN2851,presupuesto-2026,5822,"Lopez, Jimena",Buenos Aires,NEGATIVO,negativo,A51257
HCDN3168,presupuesto-2026,5822,"Lopez Pasquali, Cecilia",Santiago Del Estero,NEGATIVO,negativo,REC2146
HCDN1043,presupuesto-2026,5822,"Lousteau, Martin",CABA,ABSTENCION,abstencion,A50811
HCDN3221,presupuesto-2026,5822,"Luque, Juan Pablo",Chubut,NEGATIVO,negativo,REC2092
HCDN3075,presupuesto-2026,5822,"Macyszyn, Lorena",Buenos Aires,AFIRMATIVO,afirmativo,REC1975
HCDN3206,presupuesto-2026,5822,"Mango, Marcelo",Rio Negro,NEGATIVO,negativo,REC2171
HCDN3081,presupuesto-2026,5822,"Manrique, Mario",Buenos Aires,NEGATIVO,negativo,REC2010
HCDN3224,presupuesto-2026,5822,"Marclay, Marianela",Entre Rios,NEGATIVO,negativo,REC2093
HCDN2944,presupuesto-2026,5822,"Marin, Varinia Lis",La Pampa,NEGATIVO,negativo,REC46
HCDN3007,presupuesto-2026,5822,"Marino, Juan",Buenos Aires,NEGATIVO,negativo,REC1936
HCDN2938,presupuesto-2026,5822,"Martinez, Alvaro",Mendoza,AFIRMATIVO,afirmativo,REC51
HCDN2789,presupuesto-2026,5822,"Martinez, German Pedro",Santa Fe,NEGATIVO,negativo,A51215
HCDN1512,presupuesto-2026,5822,"Massot, Nicolas",Buenos Aires,NEGATIVO,negativo,A50934
HCDN3196,presupuesto-2026,5822,"Maureira, Karina",Neuquen,AFIRMATIVO,afirmativo,REC2127
HCDN3071,presupuesto-2026,5822,"Mayoraz, Nicolas",Santa Fe,AFIRMATIVO,afirmativo,REC2017
HCDN2392,presupuesto-2026,5822,"Medina, Gladys",Tucuman,AFIRMATIVO,afirmativo,A51113
HCDN3107,presupuesto-2026,5822,"Menem, Martin",La Rioja,PRESIDENTE,presidente,REC2023
HCDN3246,presupuesto-2026,5822,"Metral Asensio, Julieta",Mendoza,AFIRMATIVO,afirmativo,REC2094
HCDN3218,presupuesto-2026,5822,"Michel, Guillermo",Entre Rios,NEGATIVO,negativo,REC2095
HCDN3220,presupuesto-2026,5822,"Miño, Fernanda",Buenos Aires,NEGATIVO,negativo,REC2096
HCDN3244,presupuesto-2026,5822,"Molina, Juan Carlos",Santa Cruz,NEGATIVO,negativo,REC2167
HCDN3162,presupuesto-2026,5822,"Molinuevo, Soledad",Tucuman,AFIRMATIVO,afirmativo,REC2097
HCDN3056,presupuesto-2026,5822,"Molle, Matias",Buenos Aires,NEGATIVO,negativo,REC2018
HCDN3245,presupuesto-2026,5822,"Mondaca, Soledad",Neuquen,AFIRMATIVO,afirmativo,REC2098
HCDN3236,presupuesto-2026,5822,"Monguillot, Fernando",Catamarca,AFIRMATIVO,afirmativo,REC2099
HCDN3095,presupuesto-2026,5822,"Montenegro, Guillermo",Buenos Aires,AFIRMATIVO,afirmativo,REC1980
HCDN3187,presupuesto-2026,5822,"Montenegro, Juan Pablo",Santa Fe,AFIRMATIVO,afirmativo,REC2100
HCDN3045,presupuesto-2026,5822,"Monzon, Roxana",Buenos Aires,NEGATIVO,negativo,REC1976
HCDN3046,presupuesto-2026,5822,"Morchio, Francisco",Entre Rios,AFIRMATIVO,afirmativo,REC2026
HCDN1463,presupuesto-2026,5822,"Moreau, Cecilia",Buenos Aires,NEGATIVO,negativo,A50898
HCDN3103,presupuesto-2026,5822,"Moreno Ovalle, Julio",Salta,AFIRMATIVO,afirmativo,REC1984
HCDN3241,presupuesto-2026,5822,"Moyano, Hugo Antonio",Buenos Aires,NEGATIVO,negativo,REC2129
HCDN3191,presupuesto-2026,5822,"Mukdise, Jorge",Santiago Del Estero,NEGATIVO,negativo,REC2101
HCDN3251,presupuesto-2026,5822,"Muñoz, Gabriela Luciana",Neuquen,AFIRMATIVO,afirmativo,REC2172
HCDN2340,presupuesto-2026,5822,"Neder, Estela Mary",Santiago Del Estero,NEGATIVO,negativo,A51059
HCDN2983,presupuesto-2026,5822,"Nieri, Lisandro",Mendoza,AFIRMATIVO,afirmativo,REC86
HCDN3177,presupuesto-2026,5822,"Niveyro, Miriam",Buenos Aires,AFIRMATIVO,afirmativo,REC2102
HCDN3076,presupuesto-2026,5822,"Noblega, Sebastian",Catamarca,AFIRMATIVO,afirmativo,REC1989
HCDN3197,presupuesto-2026,5822,"Noguera, Javier",Tucuman,AUSENTE,ausente,REC2132
HCDN1500,presupuesto-2026,5822,"Nuñez, Jose",Santa Fe,ABSTENCION,abstencion,A50973
HCDN3203,presupuesto-2026,5822,"Ojeda, Joaquin",Buenos Aires,AFIRMATIVO,afirmativo,REC2103
HCDN3012,presupuesto-2026,5822,"Olmos, Kelly",CABA,NEGATIVO,negativo,REC2104
HCDN0633,presupuesto-2026,5822,"Osuna, Blanca Ines",Entre Rios,NEGATIVO,negativo,A51218
HCDN3100,presupuesto-2026,5822,"Outes, Pablo",Salta,AFIRMATIVO,afirmativo,REC1991
HCDN3061,presupuesto-2026,5822,"Pagano, Marcela Marina",Buenos Aires,NEGATIVO,negativo,REC1968
HCDN2904,presupuesto-2026,5822,"Palazzo, Sergio Omar",Buenos Aires,NEGATIVO,negativo,REC19
HCDN3158,presupuesto-2026,5822,"Palladino, Claudia Maria",Catamarca,NEGATIVO,negativo,REC2105
HCDN3181,presupuesto-2026,5822,"Pareja, Sebastian",Buenos Aires,AFIRMATIVO,afirmativo,REC2162
HCDN2784,presupuesto-2026,5822,"Parola, Maria Graciela",Formosa,NEGATIVO,negativo,A51173
HCDN3250,presupuesto-2026,5822,"Patiño Brizuela, Marcos",Cordoba,AFIRMATIVO,afirmativo,REC2106
HCDN3105,presupuesto-2026,5822,"Pauli, Santiago",Tierra Del Fuego,AFIRMATIVO,afirmativo,REC1978
HCDN3108,presupuesto-2026,5822,"Paulon, Esteban",Santa Fe,ABSTENCION,abstencion,REC2019
HCDN2902,presupuesto-2026,5822,"Pedrali, Gabriela",La Rioja,NEGATIVO,negativo,REC47
HCDN3160,presupuesto-2026,5822,"Pellegrini, Agustin",Santa Fe,AFIRMATIVO,afirmativo,REC2107
HCDN3249,presupuesto-2026,5822,"Pelli, Federico Agustin",Tucuman,AFIRMATIVO,afirmativo,REC2108
HCDN3040,presupuesto-2026,5822,"Peluc, Jose",San Juan,AFIRMATIVO,afirmativo,REC2002
HCDN2821,presupuesto-2026,5822,"Penacca, Paula Andrea",CABA,NEGATIVO,negativo,A51180
HCDN1385,presupuesto-2026,5822,"Petri, Luis",Mendoza,AFIRMATIVO,afirmativo,A50846
HCDN3228,presupuesto-2026,5822,"Petrovich, Maria Lorena",Buenos Aires,AFIRMATIVO,afirmativo,REC2175
HCDN3051,presupuesto-2026,5822,"Picat, Luis Albino",Cordoba,AFIRMATIVO,afirmativo,REC2032
HCDN0022,presupuesto-2026,5822,"Pichetto, Miguel Angel",Buenos Aires,NEGATIVO,negativo,REC1965
HCDN3050,presupuesto-2026,5822,"Picon Martinez, Nancy Viviana",San Juan,AFIRMATIVO,afirmativo,REC2006
HCDN1290,presupuesto-2026,5822,"Pietragalla Corti, Horacio",Buenos Aires,NEGATIVO,negativo,A50685
HCDN3242,presupuesto-2026,5822,"Pitrola, Nestor",Buenos Aires,NEGATIVO,negativo,A50799
HCDN3082,presupuesto-2026,5822,"Pokoik, Lorena",CABA,NEGATIVO,negativo,REC2011
HCDN3069,presupuesto-2026,5822,"Ponce, Maria Celeste",Cordoba,AFIRMATIVO,afirmativo,REC2034
HCDN3078,presupuesto-2026,5822,"Potenza, Luciana",Buenos Aires,NEGATIVO,negativo,REC1960
HCDN2905,presupuesto-2026,5822,"Propato, Agustina Lucrecia",Buenos Aires,NEGATIVO,negativo,REC20
HCDN3097,presupuesto-2026,5822,"Quintar, Manuel",Jujuy,AFIRMATIVO,afirmativo,REC2033
HCDN2408,presupuesto-2026,5822,"Rauschenberger, Ariel",La Pampa,NEGATIVO,negativo,A51103
HCDN3159,presupuesto-2026,5822,"Ravera, Valentina",Santa Fe,AFIRMATIVO,afirmativo,REC2109
HCDN3234,presupuesto-2026,5822,"Ravier, Adrian",La Pampa,AFIRMATIVO,afirmativo,REC2110
HCDN3110,presupuesto-2026,5822,"Razzini, Veronica",Santa Fe,AFIRMATIVO,afirmativo,REC2022
HCDN3175,presupuesto-2026,5822,"Reichardt, Karen",Buenos Aires,AFIRMATIVO,afirmativo,REC2111
HCDN3229,presupuesto-2026,5822,"Riesco, Gaston",Neuquen,AFIRMATIVO,afirmativo,REC2112
HCDN0788,presupuesto-2026,5822,"Ritondo, Cristian A.",Buenos Aires,AFIRMATIVO,afirmativo,A51221
HCDN2754,presupuesto-2026,5822,"Rizzotti, Jorge",Jujuy,ABSTENCION,abstencion,A51183
HCDN3167,presupuesto-2026,5822,"Roberto, Santiago Luis",CABA,NEGATIVO,negativo,REC2113
HCDN3235,presupuesto-2026,5822,"Roca, Gonzalo",Cordoba,AFIRMATIVO,afirmativo,REC2114
HCDN3233,presupuesto-2026,5822,"Rodriguez, Miguel",Tierra Del Fuego,AFIRMATIVO,afirmativo,REC2115
HCDN1548,presupuesto-2026,5822,"Rodriguez Machado, Laura Elena",Cordoba,AFIRMATIVO,afirmativo,REC27
HCDN0912,presupuesto-2026,5822,"Rossi, Agustin Oscar",Santa Fe,NEGATIVO,negativo,A4536
HCDN3036,presupuesto-2026,5822,"Ruiz, Yamila",Misiones,AFIRMATIVO,afirmativo,REC2005
HCDN3238,presupuesto-2026,5822,"Salzmann, Marina Dorotea",Buenos Aires,NEGATIVO,negativo,REC2116
HCDN3148,presupuesto-2026,5822,"Sanchez Wrba, Javier",Buenos Aires,AFIRMATIVO,afirmativo,REC2052
HCDN2817,presupuesto-2026,5822,"Sand, Nancy",Corrientes,NEGATIVO,negativo,A51162
HCDN3039,presupuesto-2026,5822,"Santillan Juarez Brahim, Juliana",Buenos Aires,AFIRMATIVO,afirmativo,REC1954
HCDN3065,presupuesto-2026,5822,"Santurio, Santiago",Buenos Aires,AFIRMATIVO,afirmativo,REC2003
HCDN1404,presupuesto-2026,5822,"Scaglia, Gisela",Santa Fe,ABSTENCION,abstencion,A50869
HCDN3195,presupuesto-2026,5822,"Schneider, Dario",Entre Rios,AFIRMATIVO,afirmativo,REC2117
HCDN3054,presupuesto-2026,5822,"Selva, Sabrina",Buenos Aires,NEGATIVO,negativo,REC1998
HCDN3216,presupuesto-2026,5822,"Serquis, Adriana Cristina",Rio Negro,NEGATIVO,negativo,REC2118
HCDN2421,presupuesto-2026,5822,"Siley, Vanesa Raquel",Buenos Aires,NEGATIVO,negativo,A51120
HCDN1524,presupuesto-2026,5822,"Snopek, Guillermo",Jujuy,NEGATIVO,negativo,A50947
HCDN3163,presupuesto-2026,5822,"Soldano, Laura",Cordoba,AFIRMATIVO,afirmativo,REC2119
HCDN3033,presupuesto-2026,5822,"Strada, Julia",Buenos Aires,NEGATIVO,negativo,REC1995
HCDN0841,presupuesto-2026,5822,"Taiana, Jorge",Buenos Aires,NEGATIVO,negativo,REC2130
HCDN1455,presupuesto-2026,5822,"Tailhade, Rodolfo",Buenos Aires,AUSENTE,ausente,A50897
HCDN3222,presupuesto-2026,5822,"Tepp, Caren",Santa Fe,NEGATIVO,negativo,REC2120
HCDN3227,presupuesto-2026,5822,"Tita, Paulo Agustin",Tierra Del Fuego,AUSENTE,ausente,REC2168
HCDN3083,presupuesto-2026,5822,"Todero, Pablo",Neuquen,NEGATIVO,negativo,REC1959
HCDN2896,presupuesto-2026,5822,"Tolosa Paz, Victoria",Buenos Aires,NEGATIVO,negativo,REC17
HCDN3213,presupuesto-2026,5822,"Tomassoni, Yamile",Santa Fe,AFIRMATIVO,afirmativo,REC2121
HCDN3184,presupuesto-2026,5822,"Torres, Ruben Dario",Buenos Aires,AFIRMATIVO,afirmativo,REC2173
HCDN3109,presupuesto-2026,5822,"Torres, Alejandra",Cordoba,ABSTENCION,abstencion,REC2036
HCDN2924,presupuesto-2026,5822,"Tortoriello, Anibal",Rio Negro,AFIRMATIVO,afirmativo,REC59
HCDN3142,presupuesto-2026,5822,"Tournier, Jose Federico",Corrientes,AFIRMATIVO,afirmativo,REC2048
HCDN3102,presupuesto-2026,5822,"Treffinger, Cesar",Chubut,AFIRMATIVO,afirmativo,REC1955
HCDN3180,presupuesto-2026,5822,"Trotta, Nicolas Alfredo",Buenos Aires,NEGATIVO,negativo,REC2122
HCDN3239,presupuesto-2026,5822,"Urien, Hernan",Buenos Aires,AFIRMATIVO,afirmativo,REC2123
HCDN2825,presupuesto-2026,5822,"Valdes, Eduardo Felix",CABA,NEGATIVO,negativo,A51237
HCDN3031,presupuesto-2026,5822,"Vancsik, Daniel",Misiones,AFIRMATIVO,afirmativo,REC2008
HCDN3037,presupuesto-2026,5822,"Vasquez, Patricia",Buenos Aires,AFIRMATIVO,afirmativo,REC1986
HCDN3038,presupuesto-2026,5822,"Vega, Yolanda",Salta,AFIRMATIVO,afirmativo,REC1997
HCDN3173,presupuesto-2026,5822,"Velazquez, M. Elena",Buenos Aires,NEGATIVO,negativo,REC2124
HCDN3179,presupuesto-2026,5822,"Vera, Andrea Fernanda",Buenos Aires,AFIRMATIVO,afirmativo,REC2125
HCDN1555,presupuesto-2026,5822,"Verasay, Pamela Fernanda",Mendoza,AFIRMATIVO,afirmativo,REC50
HCDN3091,presupuesto-2026,5822,"Villaverde, Lorena",Rio Negro,AFIRMATIVO,afirmativo,REC1967
HCDN3214,presupuesto-2026,5822,"Visconti, Gino",La Rioja,AFIRMATIVO,afirmativo,REC2126
HCDN1456,presupuesto-2026,5822,"Volnovich, Luana",Buenos Aires,NEGATIVO,negativo,A50899
HCDN2429,presupuesto-2026,5822,"Yasky, Hugo",Buenos Aires,NEGATIVO,negativo,A51095
HCDN2431,presupuesto-2026,5822,"Yedlin, Pablo Raul",Tucuman,NEGATIVO,negativo,A51126
HCDN3086,presupuesto-2026,5822,"Yeza, Martin",Buenos Aires,AFIRMATIVO,afirmativo,REC1982
HCDN3073,presupuesto-2026,5822,"Zago, Oscar",CABA,AFIRMATIVO,afirmativo,REC2016
HCDN2900,presupuesto-2026,5822,"Zapata, Carlos Raul",Salta,AFIRMATIVO,afirmativo,REC60
HCDN2976,presupuesto-2026,5822,"Zaracho, Natalia",Buenos Aires,NEGATIVO,negativo,REC101
HCDN3182,presupuesto-2026,5822,"Zigaran, Maria Ines",Jujuy,ABSTENCION,abstencion,REC2134
HCDN3077,presupuesto-2026,5822,"Zulli, Christian Alejandro",Corrientes,NEGATIVO,negativo,REC2038
